PVTTABLE LABEL = A, PHASE = TWO,\
STDPRESSURE = 101325 PA , \
STDTEMPERATURE = 15.55556 C, \
GOR = 1.0E8 SM3/SM3, \
STDGASDENSITY = 1.02322262008618 KG/M3, \
STDOILDENSITY = .779634E+03 KG/M3, \
PRESSURE = (25000000,25600000,26200000,26800000,27400000,28000000,28600000,29200000,29800000,30400000,31000000,31600000,32200000,32800000,33400000,34000000,34600000,35200000,35800000,36400000,37000000,37600000,38200000,38800000,39400000,40000000,40600000,41200000,41800000,42400000,43000000,43600000,44200000,44800000,45400000,46000000,46600000,47200000,47800000,48400000,49000000,49600000,50200000,50800000,51400000,52000000,52600000,53200000,53800000,54400000) Pa, \
TEMPERATURE = (2,3.36,4.72,6.08,7.44,8.8,10.16,11.52,12.88,14.24,15.6,16.96,18.32,19.68,21.04,22.4,23.76,25.12,26.48,27.84,29.2,30.56,31.92,33.28,34.64,36,37.36,38.72,40.08,41.44,42.8,44.16,45.52,46.88,48.24,49.6,50.96,52.32,53.68,55.04,56.4,57.76,59.12,60.48,61.84,63.2,64.56,65.92,67.28,68.64) C, \
BUBBLEPRESSURES = (1.000000E+9,1.00000E+9,1.00000E+9,1.00000E+9,1.00000E+9,1.00000E+9,1.00000E+9,1.00000E+9,1.00000E+9,1.00000E+9,1.00000E+9,1.00000E+9,1.00000E+9,1.00000E+9,1.00000E+9,1.00000E+9,1.00000E+9,1.00000E+9,1.00000E+9,1.00000E+9,1.00000E+9,1.00000E+9,1.00000E+9,1.00000E+9,1.00000E+9,1.00000E+9,1.00000E+9,1.00000E+9,1.00000E+9,1.00000E+9,1.00000E+9,1.00000E+9,1.00000E+9,1.00000E+9,1.00000E+9,1.00000E+9,1.00000E+9,1.00000E+9,1.00000E+9,1.00000E+9,1.00000E+9,1.00000E+9,1.00000E+9,1.00000E+9,1.00000E+9,1.00000E+9,1.00000E+9,1.00000E+9,1.00000E+9,1.00000E+9) Pa, \
BUBBLETEMPERATURES = (2,3.36,4.72,6.08,7.44,8.8,10.16,11.52,12.88,14.24,15.6,16.96,18.32,19.68,21.04,22.4,23.76,25.12,26.48,27.84,29.2,30.56,31.92,33.28,34.64,36,37.36,38.72,40.08,41.44,42.8,44.16,45.52,46.88,48.24,49.6,50.96,52.32,53.68,55.04,56.4,57.76,59.12,60.48,61.84,63.2,64.56,65.92,67.28,68.64) C, \
COLUMNS = ( PT, TM, ROG, ROHL, DROGDP, DROHLDP, DROGDT, DROHLDT, RS,VISG, VISHL, CPG, CPHL, HG, HHL, TCG, TCHL, SIGGHL, SEG, SEHL)
PVTTABLE POINT = (25000000,2,360.019852543473,360.019852543473,5.99929050649864E-06,5.99929050649864E-06,-2.03128114143038,-2.03128114143038,1,3.94454318343663E-05,3.94454318343663E-05,2918.19117560755,2918.19117560755,-284818.388709055,-284818.388709055,9.18093093087968E-02,9.18093093087968E-02,100000000000,-2315.38710228812,-2315.38710228812)
PVTTABLE POINT = (25000000,3.36,357.262511401316,357.262511401316,6.07394833649525E-06,6.07394833649525E-06,-2.02352740021795,-2.02352740021795,1,3.90748744538794E-05,3.90748744538794E-05,2919.53763795143,2919.53763795143,-280848.695331664,-280848.695331664,9.10949698207647E-02,9.10949698207647E-02,100000000000,-2300.99526431875,-2300.99526431875)
PVTTABLE POINT = (25000000,4.72,354.516141611532,354.516141611532,6.14727542480539E-06,6.14727542480539E-06,-2.01514813114148,-2.01514813114148,1,3.871137209068E-05,3.871137209068E-05,2920.55004592711,2920.55004592711,-276877.397785156,-276877.397785156,9.03934719502998E-02,9.03934719502998E-02,100000000000,-2286.66825053702,-2286.66825053702)
PVTTABLE POINT = (25000000,6.08,351.781588101139,351.781588101139,6.21918388444752E-06,6.21918388444752E-06,-2.0061521129817,-2.0061521129817,1,3.83547841741521E-05,3.83547841741521E-05,2921.22763190177,2921.22763190177,-272904.951006225,-272904.951006225,8.97048192359517E-02,8.97048192359517E-02,100000000000,-2272.4070611804,-2272.4070611804)
PVTTABLE POINT = (25000000,7.44,349.059682792758,349.059682792758,6.28958894540527E-06,6.28958894540527E-06,-1.99654968562222,-1.99654968562222,1,3.80049765644006E-05,3.80049765644006E-05,2921.5705214809,2921.5705214809,-268931.810368992,-268931.810368992,8.90290088947634E-02,8.90290088947634E-02,100000000000,-2258.21268347117,-2258.21268347117)
PVTTABLE POINT = (25000000,8.8,346.351242506237,346.351242506237,6.35840935235117E-06,6.35840935235117E-06,-1.98635271187032,-1.98635271187032,1,3.76618212554622E-05,3.76618212554622E-05,2921.57973793906,2921.57973793906,-264958.430466493,-264958.430466493,8.83660317098201E-02,8.83660317098201E-02,100000000000,-2244.08608753597,-2244.08608753597)
PVTTABLE POINT = (25000000,10.16,343.657066919554,343.657066919554,6.42556774016955E-06,6.42556774016955E-06,-1.97557452851468,-1.97557452851468,1,3.73251960669335E-05,3.73251960669335E-05,2921.25720042277,2921.25720042277,-260985.26389036,-260985.26389036,8.77158719300749E-02,8.77158719300749E-02,100000000000,-2230.0282224171,-2230.0282224171)
PVTTABLE POINT = (25000000,11.52,340.977936603368,340.977936603368,6.4909909833796E-06,6.4909909833796E-06,-1.96422988705587,-1.96422988705587,1,3.69949843263165E-05,3.69949843263165E-05,2920.60571590567,2920.60571590567,-257012.760017196,-257012.760017196,8.70785071841625E-02,8.70785071841625E-02,100000000000,-2216.0400122028,-2216.0400122028)
PVTTABLE POINT = (25000000,12.88,338.314611142877,338.314611142877,6.55461051589956E-06,6.55461051589956E-06,-1.95233488468805,-1.95233488468805,1,3.66710745444755E-05,3.66710745444755E-05,2919.62896496094,2919.62896496094,-253041.363810116,-253041.363810116,8.64539084100356E-02,8.64539084100356E-02,100000000000,-2202.12235230302,-2202.12235230302)
PVTTABLE POINT = (25000000,14.24,335.66782735977,335.66782735977,6.61636261799728E-06,6.61636261799728E-06,-1.93990688624242,-1.93990688624242,1,3.63533600866462E-05,3.63533600866462E-05,2918.3314815008,2918.3314815008,-249071.514643753,-249071.514643753,0.08584203980231,0.08584203980231,100000000000,-2188.27610589529,-2188.27610589529)
PVTTABLE POINT = (25000000,15.6,333.038297646024,333.038297646024,6.67618866773159E-06,6.67618866773159E-06,-1.92696443792255,-1.92696443792255,1,3.60417388414611E-05,3.60417388414611E-05,2916.71862671414,2916.71862671414,-245103.645160802,-245103.645160802,8.52428587792102E-02,8.52428587792102E-02,100000000000,-2174.5021005639,-2174.5021005639)
PVTTABLE POINT = (25000000,16.96,330.426708420073,330.426708420073,6.73403535469345E-06,6.73403535469345E-06,-1.91352717376597,-1.91352717376597,1,3.57361128904259E-05,3.57361128904259E-05,2914.79655751057,2914.79655751057,-241138.180167772,-241138.180167772,8.46563159709249E-02,8.46563159709249E-02,100000000000,-2160.80112515365,-2160.80112515365)
PVTTABLE POINT = (25000000,18.32,327.833718714569,327.833718714569,6.78985485439293E-06,6.78985485439293E-06,-1.89961571585225,-1.89961571585225,1,3.54363881802286E-05,3.54363881802286E-05,2912.57218984955,2912.57218984955,-237175.535577193,-237175.535577193,8.40823552310428E-02,8.40823552310428E-02,100000000000,-2147.17392685673,-2147.17392685673)
PVTTABLE POINT = (25000000,19.68,325.259958903487,325.259958903487,6.84360496219586E-06,6.84360496219586E-06,-1.88525156934531,-1.88525156934531,1,3.51424742001682E-05,3.51424742001682E-05,2910.05315739684,2910.05315739684,-233216.117402918,-233216.117402918,8.35209136725251E-02,8.35209136725251E-02,100000000000,-2133.62120854929,-2133.62120854929)
PVTTABLE POINT = (25000000,21.04,322.706029574858,322.706029574858,6.89524918627972E-06,6.89524918627972E-06,-1.87045701350383,-1.87045701350383,1,3.48542836668645E-05,3.48542836668645E-05,2907.24776600358,2907.24776600358,-229260.320814547,-229260.320814547,8.29719217293845E-02,8.29719217293845E-02,100000000000,-2120.1436263911,-2120.1436263911)
PVTTABLE POINT = (25000000,22.4,320.172500553804,320.172500553804,6.94475679963893E-06,6.94475679963893E-06,-1.85525498981971,-1.85525498981971,1,3.45717322182601E-05,3.45717322182601E-05,2904.1649445481,2904.1649445481,-225308.529256313,-225308.529256313,8.24353032449081E-02,8.24353032449081E-02,100000000000,-2106.74178769912,-2106.74178769912)
PVTTABLE POINT = (25000000,23.76,317.659910078998,317.659910078998,6.99210285171294E-06,6.99210285171294E-06,-1.83966898844899,-1.83966898844899,1,3.42947381187437E-05,3.42947381187437E-05,2900.81419271345,2900.81419271345,-221361.11363495,-221361.11363495,8.19109755868654E-02,8.19109755868654E-02,100000000000,-2093.4162491028,-2093.4162491028)
PVTTABLE POINT = (25000000,25.12,315.168764134093,315.168764134093,7.03726814072608E-06,7.03726814072608E-06,-1.82372293408461,-1.82372293408461,1,3.40232219770335E-05,3.40232219770335E-05,2897.20552629591,2897.20552629591,-217418.431580356,-217418.431580356,0.081398849789725,0.081398849789725,100000000000,-2080.16751498614,-2080.16751498614)
PVTTABLE POINT = (25000000,26.48,312.6995359341,312.6995359341,7.08023914830456E-06,7.08023914830456E-06,-1.80744107238584,-1.80744107238584,1,3.37571064782379E-05,3.37571064782379E-05,2893.34942065152,2893.34942065152,-213480.826781947,-213480.826781947,8.08988307234535E-02,8.08988307234535E-02,100000000000,-2066.9960362184,-2066.9960362184)
PVTTABLE POINT = (25000000,27.84,310.252665565243,310.252665565243,7.12100793836597E-06,7.12100793836597E-06,-1.79084785802718,-1.79084785802718,1,3.34963161312951E-05,3.34963161312951E-05,2889.25675288755,2889.25675288755,-209548.628402866,-209548.628402866,8.04108172880207E-02,8.04108172880207E-02,100000000000,-2053.90220917269,-2053.90220917269)
PVTTABLE POINT = (25000000,29.2,307.828559775398,307.828559775398,7.15957202265244E-06,7.15957202265244E-06,-1.77396784536254,-1.77396784536254,1,3.32407770327583E-05,3.32407770327583E-05,2884.93874339649,2884.93874339649,-205622.150573312,-205622.150573312,7.99347026322924E-02,7.99347026322924E-02,100000000000,-2040.88637502912,-2040.88637502912)
PVTTABLE POINT = (25000000,30.56,305.427591910924,305.427591910924,7.19593419559571E-06,7.19593419559571E-06,-1.75682558261963,-1.75682558261963,1,3.29904166476657E-05,3.29904166476657E-05,2880.40689731076,2880.40689731076,-201701.691963506,-201701.691963506,7.94703743955789E-02,7.94703743955789E-02,100000000000,-2027.94881935627,-2027.94881935627)
PVTTABLE POINT = (25000000,31.92,303.050101994521,303.050101994521,7.23010234145768E-06,7.23010234145768E-06,-1.7394455104485,-1.7394455104485,1,3.27451636080051E-05,3.27451636080051E-05,2875.6729464284,2875.6729464284,-197787.535436027,-197787.535436027,7.90177149697317E-02,7.90177149697317E-02,100000000000,-2015.08977196276,-2015.08977196276)
PVTTABLE POINT = (25000000,33.28,300.696396937678,300.696396937678,7.26208921688074E-06,7.26208921688074E-06,-1.72185186554835,-1.72185186554835,1,3.25049475290643E-05,3.25049475290643E-05,2870.74879212478,2870.74879212478,-193879.947776491,-193879.947776491,7.85766017793579E-02,7.85766017793579E-02,100000000000,-2002.30940700853,-2002.30940700853)
PVTTABLE POINT = (25000000,34.64,298.366750880386,298.366750880386,7.29191221211145E-06,7.29191221211145E-06,-1.70406858999223,-1.70406858999223,1,3.2269698843746E-05,3.2269698843746E-05,2865.64644972384,2865.64644972384,-189979.179500957,-189979.179500957,7.81469075774611E-02,7.81469075774611E-02,100000000000,-1989.60784336321,-1989.60784336321)
PVTTABLE POINT = (25000000,36,296.061405649994,296.061405649994,7.31959309422712E-06,7.31959309422712E-06,-1.68611924676074,-1.68611924676074,1,3.20393486547329E-05,3.20393486547329E-05,2860.37799475613,2860.37799475613,-186085.464737733,-186085.464737733,7.77285007536359E-02,7.77285007536359E-02,100000000000,-1976.98514519805,-1976.98514519805)
PVTTABLE POINT = (25000000,37.36,293.780571330485,293.780571330485,7.34515773570491E-06,7.34515773570491E-06,-1.6680269418876,-1.6680269418876,1,3.18138286042042E-05,3.18138286042042E-05,2854.95551148063,2854.95551148063,-182199.021180775,-182199.021180775,0.077321245651816,0.077321245651816,100000000000,-1964.44132279582,-1964.44132279582)
PVTTABLE POINT = (25000000,38.72,291.52442693296,291.52442693296,7.36863583162739E-06,7.36863583162739E-06,-1.64981425351276,-1.64981425351276,1,3.15930707606476E-05,3.15930707606476E-05,2849.39104399504,2849.39104399504,-178320.050111373,-178320.050111373,0.076925002894547,0.076925002894547,100000000000,-1951.97633356241,-1951.97633356241)
PVTTABLE POINT = (25000000,40.08,289.293121157806,289.293121157806,7.3900606087265E-06,7.3900606087265E-06,-1.63150316803543,-1.63150316803543,1,3.13770075221628E-05,3.13770075221628E-05,2843.69655020605,2843.69655020605,-174448.736484409,-174448.736484409,7.65396297107838E-02,7.65396297107838E-02,100000000000,-1939.59008322313,-1939.59008322313)
PVTTABLE POINT = (25000000,41.44,287.086773238802,287.086773238802,7.40946852933238E-06,7.40946852933238E-06,-1.61311502346133,-1.61311502346133,1,3.11655715355322E-05,3.11655715355322E-05,2837.88385887727,2837.88385887727,-170585.24907514,-170585.24907514,7.61649802643133E-02,7.61649802643133E-02,100000000000,-1927.28242718585,-1927.28242718585)
PVTTABLE POINT = (25000000,42.8,284.905473859379,284.905473859379,7.4268989931226E-06,7.4268989931226E-06,-1.59467045994708,-1.59467045994708,1,3.09586956302327E-05,3.09586956302327E-05,2831.96462992051,2831.96462992051,-166729.740682213,-166729.740682213,7.58009059800687E-02,7.58009059800687E-02,100000000000,-1915.05317205313,-1915.05317205313)
PVTTABLE POINT = (25000000,44.16,282.749286131281,282.749286131281,7.44239403936775E-06,7.44239403936775E-06,-1.57618937746121,-1.57618937746121,1,3.07563127664765E-05,3.07563127664765E-05,2825.95031804557,2825.95031804557,-162882.348382408,-162882.348382408,7.54472558658173E-02,7.54472558658173E-02,100000000000,-1902.90207726521,-1902.90207726521)
PVTTABLE POINT = (25000000,45.52,280.618246626059,280.618246626059,7.45599805214634E-06,7.45599805214634E-06,-1.5576909004064,-1.5576909004064,1,3.0558355996311E-05,3.0558355996311E-05,2819.85213983625,2819.85213983625,-159043.193832484,-159043.193832484,7.51038768269603E-02,7.51038768269603E-02,100000000000,-1890.82885685609,-1890.82885685609)
PVTTABLE POINT = (25000000,46.88,278.512366450059,278.512366450059,7.46775747076348E-06,7.46775747076348E-06,-1.53919334898194,-1.53919334898194,1,3.03647584367579E-05,3.03647584367579E-05,2813.68104427576,2813.68104427576,-155212.383613476,-155212.383613476,7.47706139724704E-02,7.47706139724704E-02,100000000000,-1878.833181305,-1878.833181305)
PVTTABLE POINT = (25000000,48.24,276.431632353936,276.431632353936,7.47772050735934E-06,7.47772050735934E-06,-1.52071421700915,-1.52071421700915,1,3.01754532539507E-05,3.01754532539507E-05,2807.44768670464,2807.44768670464,-151390.009612713,-151390.009612713,7.44473109103062E-02,7.44473109103062E-02,100000000000,-1866.91467946645,-1866.91467946645)
PVTTABLE POINT = (25000000,49.6,274.376007868109,274.376007868109,7.48593687343977E-06,7.48593687343977E-06,-1.5022701558958,-1.5022701558958,1,2.99903736572152E-05,2.99903736572152E-05,2801.16240615777,2801.16240615777,-147576.149438976,-147576.149438976,7.41338100309532E-02,7.41338100309532E-02,100000000000,-1855.07294056221,-1855.07294056221)
PVTTABLE POINT = (25000000,50.96,272.345434456049,272.345434456049,7.49245751680976E-06,7.49245751680976E-06,-1.48387696437805,-1.48387696437805,1,2.98094529020431E-05,2.98094529020431E-05,2794.83520599513,2794.83520599513,-143770.866866201,-143770.866866201,7.38299527780577E-02,7.38299527780577E-02,100000000000,-1843.30751621983,-1843.30751621983)
PVTTABLE POINT = (25000000,52.32,270.339832677812,270.339832677812,7.49733437014177E-06,7.49733437014177E-06,-1.46554958364982,-1.46554958364982,1,2.96326243009257E-05,2.96326243009257E-05,2788.47573771362,2788.47573771362,-139974.212301362,-139974.212301362,7.35355799054299E-02,7.35355799054299E-02,100000000000,-1831.61792254288,-1831.61792254288)
PVTTABLE POINT = (25000000,53.68,268.359103356766,268.359103356766,7.50062011217338E-06,7.50062011217338E-06,-1.44730209746938,-1.44730209746938,1,2.94598212410415E-05,2.94598212410415E-05,2782.09328780413,2782.09328780413,-136186.223272283,-136186.223272283,7.32505317199677E-02,7.32505317199677E-02,100000000000,-1820.00364219909,-1820.00364219909)
PVTTABLE POINT = (25000000,55.04,266.403128743027,266.403128743027,7.50236794230107E-06,7.50236794230107E-06,-1.42914773682021,-1.42914773682021,1,2.92909772078307E-05,2.92909772078307E-05,2775.69676749917,2775.69676749917,-132406.924931325,-132406.924931325,7.29746483103198E-02,7.29746483103198E-02,100000000000,-1808.4641265137,-1808.4641265137)
PVTTABLE POINT = (25000000,56.4,264.471773667699,264.471773667699,7.50263136912451E-06,7.50263136912451E-06,-1.41109888869813,-1.41109888869813,1,2.91260258135325E-05,2.91260258135325E-05,2769.29470524169,2769.29470524169,-128636.330571173,-128636.330571173,7.27077697613345E-02,7.27077697613345E-02,100000000000,-1796.99879755625,-1796.99879755625)
PVTTABLE POINT = (25000000,57.76,262.5648866826,262.5648866826,7.50146401329966E-06,7.50146401329966E-06,-1.39316710859699,-1.39316710859699,1,2.89649008298129E-05,2.89649008298129E-05,2762.89524169511,2762.89524169511,-124874.442149082,-124874.442149082,7.24497363545369E-02,7.24497363545369E-02,100000000000,-1785.60705021008,-1785.60705021008)
PVTTABLE POINT = (25000000,59.12,260.68230118074,260.68230118074,7.49891942487922E-06,7.49891942487922E-06,-1.37536313627195,-1.37536313627195,1,2.88075362236686E-05,2.88075362236686E-05,2756.50612710703,2756.50612710703,-121121.250816324,-121121.250816324,7.22003887550396E-02,7.22003887550396E-02,100000000000,-1774.28825421498,-1774.28825421498)
PVTTABLE POINT = (25000000,60.48,258.823836493352,258.823836493352,7.49505091515881E-06,7.49505091515881E-06,-1.35769691437016,-1.35769691437016,1,2.86538661958476E-05,2.86538661958476E-05,2750.13472083506,2750.13472083506,-117376.737449694,-117376.737449694,7.19595681854197E-02,7.19595681854197E-02,100000000000,-1763.04175617446,-1763.04175617446)
PVTTABLE POINT = (25000000,61.84,256.989298959871,256.989298959871,7.48991140290405E-06,7.48991140290405E-06,-1.34017760953329,-1.34017760953329,1,2.85038252210908E-05,2.85038252210908E-05,2743.78799284241,2743.78799284241,-113640.873182328,-113640.873182328,7.17271165871879E-02,7.17271165871879E-02,100000000000,-1751.86688151996,-1751.86688151996)
PVTTABLE POINT = (25000000,63.2,255.178482967746,255.178482967746,7.48355327470973E-06,7.48355327470973E-06,-1.32281363559503,-1.32281363559503,1,2.83573480895617E-05,2.83573480895617E-05,2737.47252697166,2737.47252697166,-109913.619931237,-109913.619931237,7.15028767705372E-02,7.15028767705372E-02,100000000000,-1740.76293642563,-1740.76293642563)
PVTTABLE POINT = (25000000,64.56,253.391171959474,253.391171959474,7.47602825913577E-06,7.47602825913577E-06,-1.30561267851644,-1.30561267851644,1,2.8214369948888E-05,2.8214369948888E-05,2731.19452580922,2731.19452580922,-106194.930919295,-106194.930919295,7.12866925530928E-02,7.12866925530928E-02,100000000000,-1729.72920966795,-1729.72920966795)
PVTTABLE POINT = (25000000,65.92,251.627139404743,251.627139404743,7.46738731417515E-06,7.46738731417515E-06,-1.28858172272511,-1.28858172272511,1,2.80748263463069E-05,2.80748263463069E-05,2724.95981695807,2724.95981695807,-102484.751189634,-102484.751189634,7.10784088883918E-02,7.10784088883918E-02,100000000000,-1718.76497442558,-1718.76497442558)
PVTTABLE POINT = (25000000,67.28,249.886149735969,249.886149735969,7.45768052753574E-06,7.45768052753574E-06,-1.27172707854717,-1.27172707854717,1,2.79386532704575E-05,2.79386532704575E-05,2718.7738605434,2718.7738605434,-98783.0181106401,-98783.0181106401,0.070877871984809,0.070877871984809,100000000000,-1707.86949001549,-1707.86949001549)
PVTTABLE POINT = (25000000,68.64,248.167959245948,248.167959245948,7.44695702915978E-06,7.44695702915978E-06,-1.25505441044588,-1.25505441044588,1,2.78057871924254E-05,2.78057871924254E-05,2712.64175778374,2712.64175778374,-95089.6618700169,-95089.6618700169,7.06849294156131E-02,7.06849294156131E-02,100000000000,-1697.04200356245,-1697.04200356245)
PVTTABLE POINT = (25600000,2,363.555680350916,363.555680350916,5.78916370507596E-06,5.78916370507596E-06,-1.99874202394982,-1.99874202394982,1,3.99928752461852E-05,3.99928752461852E-05,2896.53683505653,2896.53683505653,-285701.334110393,-285701.334110393,9.27410034313181E-02,9.27410034313181E-02,100000000000,-2324.62330550676,-2324.62330550676)
PVTTABLE POINT = (25600000,3.36,360.84223158379,360.84223158379,5.86084198283912E-06,5.86084198283912E-06,-1.99152527012517,-1.99152527012517,1,3.96217336397563E-05,3.96217336397563E-05,2898.0163517841,2898.0163517841,-281761.002922968,-281761.002922968,9.20293373644091E-02,9.20293373644091E-02,100000000000,-2310.33791833607,-2310.33791833607)
PVTTABLE POINT = (25600000,4.72,358.138998144271,358.138998144271,5.93132762112073E-06,5.93132762112073E-06,-1.98372063386852,-1.98372063386852,1,3.92576576394201E-05,3.92576576394201E-05,2899.18615120635,2899.18615120635,-277818.87005047,-277818.87005047,9.13303297467132E-02,9.13303297467132E-02,100000000000,-2296.1161205435,-2296.1161205435)
PVTTABLE POINT = (25600000,6.08,355.446774538757,355.446774538757,6.00054030208192E-06,6.00054030208192E-06,-1.97533572257871,-1.97533572257871,1,3.89005005905396E-05,3.89005005905396E-05,2900.04529987883,2900.04529987883,-273875.357431935,-273875.357431935,9.06439794638997E-02,9.06439794638997E-02,100000000000,-2281.95880596103,-2281.95880596103)
PVTTABLE POINT = (25600000,7.44,352.766343977062,352.766343977062,6.06840230236488E-06,6.06840230236488E-06,-1.9663795371934,-1.9663795371934,1,3.85501222573703E-05,3.85501222573703E-05,2900.59365180972,2900.59365180972,-269930.887741311,-269930.887741311,8.99702793623159E-02,8.99702793623159E-02,100000000000,-2267.86685801906,-2267.86685801906)
PVTTABLE POINT = (25600000,8.8,350.098476496801,350.098476496801,6.13483883923387E-06,6.13483883923387E-06,-1.95686244182617,-1.95686244182617,1,3.82063885630884E-05,3.82063885630884E-05,2900.83185375817,2900.83185375817,-265985.883312328,-265985.883312328,8.93092161672401E-02,8.93092161672401E-02,100000000000,-2253.84114612512,-2253.84114612512)
PVTTABLE POINT = (25600000,10.16,347.44392713531,347.44392713531,6.19977839952377E-06,6.19977839952377E-06,-1.94679612426663,-1.94679612426663,1,3.78691713181924E-05,3.78691713181924E-05,2900.76134533634,2900.76134533634,-262040.765059703,-262040.765059703,8.86607704129011E-02,8.86607704129011E-02,100000000000,-2239.8825221168,-2239.8825221168)
PVTTABLE POINT = (25600000,11.52,344.803434161325,344.803434161325,6.26315304815156E-06,6.26315304815156E-06,-1.93619354766489,-1.93619354766489,1,3.75383479391588E-05,3.75383479391588E-05,2900.38435387789,2900.38435387789,-258095.951403747,-258095.951403747,8.80249163854133E-02,8.80249163854133E-02,100000000000,-2225.99181681152,-2225.99181681152)
PVTTABLE POINT = (25600000,12.88,342.177717378123,342.177717378123,6.32489871319287E-06,6.32489871319287E-06,-1.92506889383713,-1.92506889383713,1,3.72138011593326E-05,3.72138011593326E-05,2899.70388410367,2899.70388410367,-254151.857205514,-254151.857205514,8.74016220798844E-02,8.74016220798844E-02,100000000000,-2212.16983667544,-2212.16983667544)
PVTTABLE POINT = (25600000,14.24,339.567476509165,339.567476509165,6.38495544482473E-06,6.38495544482473E-06,-1.91343749873747,-1.91343749873747,1,3.68954187340946E-05,3.68954187340946E-05,2898.72370268209,2898.72370268209,-250208.892719479,-250208.892719479,0.086790849173005,0.086790849173005,100000000000,-2198.41736063262,-2198.41736063262)
PVTTABLE POINT = (25600000,15.6,336.973389676456,336.973389676456,6.44326764577983E-06,6.44326764577983E-06,-1.90131578074045,-1.90131578074045,1,3.65830931423853E-05,3.65830931423853E-05,2897.44831784792,2897.44831784792,-246267.4625706,-246267.4625706,8.61925530124509E-02,8.61925530124509E-02,100000000000,-2184.73513703399,-2184.73513703399)
PVTTABLE POINT = (25600000,16.96,334.396111980928,334.396111980928,6.49978427133957E-06,6.49978427133957E-06,-1.88872116246649,-1.88872116246649,1,3.62767212866713E-05,3.62767212866713E-05,2895.88295430548,2895.88295430548,-242327.964762335,-242327.964762335,8.56066826243879E-02,8.56066826243879E-02,100000000000,-2171.12388080458,-2171.12388080458)
PVTTABLE POINT = (25600000,18.32,331.836274193071,331.836274193071,6.55445899730534E-06,6.55445899730534E-06,-1.87567198695747,-1.87567198695747,1,3.59762041934151E-05,3.59762041934151E-05,2894.03352370089,2894.03352370089,-238390.789721836,-238390.789721836,8.50331807402904E-02,8.50331807402904E-02,100000000000,-2157.58427078528,-2157.58427078528)
PVTTABLE POINT = (25600000,19.68,329.294481560926,329.294481560926,6.60725035481911E-06,6.60725035481911E-06,-1.86218742906974,-1.86218742906974,1,3.56814467160559E-05,3.56814467160559E-05,2891.90659100038,2891.90659100038,-234456.319388133,-234456.319388133,8.44719838441396E-02,8.44719838441396E-02,100000000000,-2144.11694728359,-2144.11694728359)
PVTTABLE POINT = (25600000,21.04,326.771312741312,326.771312741312,6.65812183134822E-06,6.65812183134822E-06,-1.84828740299688,-1.84828740299688,1,3.53923572424276E-05,3.53923572424276E-05,2889.50933715858,2889.50933715858,-230524.926348599,-230524.926348599,8.39230222408823E-02,8.39230222408823E-02,100000000000,-2130.72250984564,-2130.72250984564)
PVTTABLE POINT = (25600000,22.4,324.26731885893,324.26731885893,6.70704193759351E-06,6.70704193759351E-06,-1.83399246686302,-1.83399246686302,1,3.51088474084373E-05,3.51088474084373E-05,2886.84951849885,2886.84951849885,-226596.973028488,-226596.973028488,8.33862201467949E-02,8.33862201467949E-02,100000000000,-2117.40151525954,-2117.40151525954)
PVTTABLE POINT = (25600000,23.76,321.78302269666,321.78302269666,6.75398424051671E-06,6.75398424051671E-06,-1.81932372534026,-1.81932372534026,1,3.48308318196965E-05,3.48308318196965E-05,2883.93542325922,2883.93542325922,-222672.810937681,-222672.810937681,8.28614958021172E-02,8.28614958021172E-02,100000000000,-2104.1544757977,-2104.1544757977)
PVTTABLE POINT = (25600000,25.12,319.318918019121,319.318918019121,6.79892736310343E-06,6.79892736310343E-06,-1.8043027312398,-1.8043027312398,1,3.45582277826521E-05,3.45582277826521E-05,2880.77582577982,2880.77582577982,-218752.779978199,-218752.779978199,8.23487616060186E-02,8.23487616060186E-02,100000000000,-2090.98185770355,-2090.98185770355)
PVTTABLE POINT = (25600000,26.48,316.875469030218,316.875469030218,6.84185495187314E-06,6.84185495187314E-06,-1.78895138700802,-1.78895138700802,1,3.42909550466019E-05,3.42909550466019E-05,2877.3799388216,2877.3799388216,-214837.207815342,-214837.207815342,8.18479242736238E-02,8.18479242736238E-02,100000000000,-2077.88407992541,-2077.88407992541)
PVTTABLE POINT = (25600000,27.84,314.453109964218,314.453109964218,6.88275561351088E-06,6.88275561351088E-06,-1.77329184702508,-1.77329184702508,1,3.40289355578023E-05,3.40289355578023E-05,2873.75736451189,2873.75736451189,-210926.409314667,-210926.409314667,8.13588850144876E-02,8.13588850144876E-02,100000000000,-2064.86151309836,-2064.86151309836)
PVTTABLE POINT = (25600000,29.2,312.052244808665,312.052244808665,6.92162282232164E-06,6.92162282232164E-06,-1.75734642155798,-1.75734642155798,1,3.37720932266957E-05,3.37720932266957E-05,2869.9180444095,2869.9180444095,-207020.686046331,-207020.686046331,8.08815397315632E-02,8.08815397315632E-02,100000000000,-2051.91447877234,-2051.91447877234)
PVTTABLE POINT = (25600000,30.56,309.673247156342,309.673247156342,6.958454800491E-06,6.958454800491E-06,-1.74113748316209,-1.74113748316209,1,3.35203537090961E-05,3.35203537090961E-05,2865.8722091718,2865.8722091718,-203120.325857675,-203120.325857675,8.04157792393855E-02,8.04157792393855E-02,100000000000,-2039.04324888275,-2039.04324888275)
PVTTABLE POINT = (25600000,31.92,307.316460182446,307.316460182446,6.99325437337314E-06,6.99325437337314E-06,-1.72468737625815,-1.72468737625815,1,3.32736442019816E-05,3.32736442019816E-05,2861.63032828861,2861.63032828861,-199225.602514265,-199225.602514265,0.079961489499881,0.079961489499881,100000000000,-2026.24804545776,-2026.24804545776)
PVTTABLE POINT = (25600000,33.28,304.982196742199,304.982196742199,7.02602880221687E-06,7.02602880221687E-06,-1.70801833053715,-1.70801833053715,1,3.3031893254359E-05,3.3031893254359E-05,2857.20306032386,2857.20306032386,-195336.775408991,-195336.775408991,7.95185518739448E-02,7.95185518739448E-02,100000000000,-2013.52904055485,-2013.52904055485)
PVTTABLE POINT = (25600000,34.64,302.670739583308,302.670739583308,7.05678959688098E-06,7.05678959688098E-06,-1.69115237876438,-1.69115237876438,1,3.27950305934808E-05,3.27950305934808E-05,2852.60120407666,2852.60120407666,-191454.08933827,-191454.08933827,7.90868433866954E-02,7.90868433866954E-02,100000000000,-2000.88635641706,-2000.88635641706)
PVTTABLE POINT = (25600000,36,300.382341666927,300.382341666927,7.08555231118273E-06,7.08555231118273E-06,-1.67411127946999,-1.67411127946999,1,3.25629869665268E-05,3.25629869665268E-05,2847.83565103952,2847.83565103952,-187577.774343817,-187577.774343817,7.86662370041401E-02,7.86662370041401E-02,100000000000,-1988.32006583855,-1988.32006583855)
PVTTABLE POINT = (25600000,37.36,298.117226590216,298.117226590216,7.11233632356975E-06,7.11233632356975E-06,-1.65691644492691,-1.65691644492691,1,3.23356939976954E-05,3.23356939976954E-05,2842.91733949391,2842.91733949391,-183708.045618005,-183708.045618005,7.82566019188512E-02,7.82566019188512E-02,100000000000,-1975.83019272724,-1975.83019272724)
PVTTABLE POINT = (25600000,38.72,295.87558910306,295.87558910306,7.13716460580747E-06,7.13716460580747E-06,-1.63958887473043,-1.63958887473043,1,3.21130840605035E-05,3.21130840605035E-05,2837.85721054338,2837.85721054338,-179845.103470358,-179845.103470358,7.78578038421864E-02,7.78578038421864E-02,100000000000,-1963.41671285171,-1963.41671285171)
PVTTABLE POINT = (25600000,40.08,293.657595711189,293.657595711189,7.16006348233587E-06,7.16006348233587E-06,-1.6221490952092,-1.6221490952092,1,3.18950901649571E-05,3.18950901649571E-05,2832.66616634256,2832.66616634256,-175989.133352386,-175989.133352386,7.74697053005728E-02,7.74697053005728E-02,100000000000,-1951.07955475842,-1951.07955475842)
PVTTABLE POINT = (25600000,41.44,291.463385357632,291.463385357632,7.18106238287453E-06,7.18106238287453E-06,-1.60461710481525,-1.60461710481525,1,3.16816458591315E-05,3.16816458591315E-05,2827.35503073832,2827.35503073832,-172140.305937599,-172140.305937599,7.70921659334108E-02,7.70921659334108E-02,100000000000,-1938.81860084497,-1938.81860084497)
PVTTABLE POINT = (25600000,42.8,289.293070174343,289.293070174343,7.20019359074787E-06,7.20019359074787E-06,-1.58701232556316,-1.58701232556316,1,3.14726851446002E-05,3.14726851446002E-05,2821.93451249663,2821.93451249663,-168298.777253314,-168298.777253314,7.67250427902512E-02,7.67250427902512E-02,100000000000,-1926.63368857439,-1926.63368857439)
PVTTABLE POINT = (25600000,44.16,287.146736295745,287.146736295745,7.21749198926842E-06,7.21749198926842E-06,-1.56935356051622,-1.56935356051622,1,3.12681424050571E-05,3.12681424050571E-05,2816.41517124758,2816.41517124758,-164464.68886064,-164464.68886064,0.076368190625033,0.076368190625033,100000000000,-1914.52461181553,-1914.52461181553)
PVTTABLE POINT = (25600000,45.52,285.024444726019,285.024444726019,7.23299480835945E-06,7.23299480835945E-06,-1.55165895725133,-1.55165895725133,1,3.10679523474077E-05,3.10679523474077E-05,2810.80738624112,2810.80738624112,-160638.168078865,-160638.168078865,7.60214621853468E-02,7.60214621853468E-02,100000000000,-1902.49112229452,-1902.49112229452)
PVTTABLE POINT = (25600000,46.88,282.926232252086,282.926232252086,7.24674137342451E-06,7.24674137342451E-06,-1.53394597717481,-1.53394597717481,1,3.08720499545457E-05,3.08720499545457E-05,2805.12132796843,2805.12132796843,-156819.328250401,-156819.328250401,7.56847084948971E-02,7.56847084948971E-02,100000000000,-1890.53293114219,-1890.53293114219)
PVTTABLE POINT = (25600000,48.24,280.852112394438,280.852112394438,7.25877285828532E-06,7.25877285828532E-06,-1.51623137050912,-1.51623137050912,1,3.06803704489912E-05,3.06803704489912E-05,2799.36693266857,2799.36693266857,-153008.269042356,-153008.269042356,0.075357779127569,0.075357779127569,100000000000,-1878.64971052303,-1878.64971052303)
PVTTABLE POINT = (25600000,49.6,278.802076388259,278.802076388259,7.26913204381439E-06,7.26913204381439E-06,-1.49853115672565,-1.49853115672565,1,3.04928492665355E-05,3.04928492665355E-05,2793.55387970819,2793.55387970819,-149205.076780829,-149205.076780829,7.50405224717496E-02,7.50405224717496E-02,100000000000,-1866.84109533122,-1866.84109533122)
PVTTABLE POINT = (25600000,50.96,276.776094187594,276.776094187594,7.27786308369141E-06,7.27786308369141E-06,-1.48086061016073,-1.48086061016073,1,3.03094220390264E-05,3.03094220390264E-05,2787.69157179286,2787.69157179286,-145409.82481402,-145409.82481402,7.47327859838053E-02,7.47327859838053E-02,100000000000,-1855.10668494024,-1855.10668494024)
PVTTABLE POINT = (25600000,52.32,274.77411548573,274.77411548573,7.28501127851347E-06,7.28501127851347E-06,-1.46323425052199,-1.46323425052199,1,3.01300245854227E-05,3.01300245854227E-05,2781.78911794307,2781.78911794307,-141622.573900383,-141622.573900383,0.074434416429876,0.074434416429876,100000000000,-1843.44604499286,-1843.44604499286)
PVTTABLE POINT = (25600000,53.68,272.796070745334,272.796070745334,7.2906228592943E-06,7.2906228592943E-06,-1.44566583796843,-1.44566583796843,1,2.99545929102551E-05,2.99545929102551E-05,2775.85531914598,2775.85531914598,-137843.372618087,-137843.372618087,7.41452601153808E-02,7.41452601153808E-02,100000000000,-1831.8587092192,-1831.8587092192)
PVTTABLE POINT = (25600000,55.04,270.841872232363,270.841872232363,7.29474478119923E-06,7.29474478119923E-06,-1.42816837243068,-1.42816837243068,1,2.97830632086476E-05,2.97830632086476E-05,2769.89865657475,2769.89865657475,-134072.257792239,-134072.257792239,7.38651631018674E-02,7.38651631018674E-02,100000000000,-1820.34418127122,-1820.34418127122)
PVTTABLE POINT = (25600000,56.4,268.91141504821,268.91141504821,7.29742452818187E-06,7.29742452818187E-06,-1.41075409682697,-1.41075409682697,1,2.96153718770802E-05,2.96153718770802E-05,2763.92728225233,2763.92728225233,-130309.254936447,-130309.254936447,7.35939714110455E-02,7.35939714110455E-02,100000000000,-1808.90193656298,-1808.90193656298)
PVTTABLE POINT = (25600000,57.76,267.004578155023,267.004578155023,7.29870992901905E-06,7.29870992901905E-06,-1.39343450382513,-1.39343450382513,1,2.94514555291038E-05,2.94514555291038E-05,2757.94901202401,2757.94901202401,-126554.378705499,-126554.378705499,7.33315312160353E-02,7.33315312160353E-02,100000000000,-1797.53142410657,-1797.53142410657)
PVTTABLE POINT = (25600000,59.12,265.121225389618,265.121225389618,7.29864898508252E-06,7.29864898508252E-06,-1.37622034580031,-1.37622034580031,1,2.92912510152587E-05,2.92912510152587E-05,2751.97132069394,2751.97132069394,-122807.633356108,-122807.633356108,7.30776890200257E-02,7.30776890200257E-02,100000000000,-1786.23206833478,-1786.23206833478)
PVTTABLE POINT = (25600000,60.48,263.261206461874,263.261206461874,7.29728971004129E-06,7.29728971004129E-06,-1.35912164764234,-1.35912164764234,1,2.9134695446487E-05,2.9134695446487E-05,2746.00133917435,2746.00133917435,-119069.013212883,-119069.013212883,7.28322918226705E-02,7.28322918226705E-02,100000000000,-1775.00327090226,-1775.00327090226)
PVTTABLE POINT = (25600000,61.84,261.424357933956,261.424357933956,7.29467998155731E-06,7.29467998155731E-06,-1.34214772207443,-1.34214772207443,1,2.89817262203771E-05,2.89817262203771E-05,2740.04585349228,2740.04585349228,-115338.503136903,-115338.503136903,0.07259518727467,0.07259518727467,100000000000,-1763.84441245773,-1763.84441245773)
PVTTABLE POINT = (25600000,63.2,259.610504177197,259.610504177197,7.2908674049198E-06,7.2908674049198E-06,-1.32530718715569,-1.32530718715569,1,2.88322810496259E-05,2.88322810496259E-05,2734.11130549717,2734.11130549717,-111616.078994464,-111616.078994464,7.23662238210588E-02,7.23662238210588E-02,100000000000,-1752.75485438091,-1752.75485438091)
PVTTABLE POINT = (25600000,64.56,257.819458303854,257.819458303854,7.2858991884607E-06,7.2858991884607E-06,-1.30860798565378,-1.30860798565378,1,2.86862979921505E-05,2.86862979921505E-05,2728.20379511292,2728.20379511292,-107901.708123787,-107901.708123787,7.21452508337884E-02,7.21452508337884E-02,100000000000,-1741.73394047836,-1741.73394047836)
PVTTABLE POINT = (25600000,65.92,256.051023071431,256.051023071431,7.27982203050405E-06,7.27982203050405E-06,-1.29205740598981,-1.29205740598981,1,2.85437154823344E-05,2.85437154823344E-05,2722.32908398047,2722.32908398047,-104195.349797722,-104195.349797722,7.19321187342237E-02,7.19321187342237E-02,100000000000,-1730.78099863331,-1730.78099863331)
PVTTABLE POINT = (25600000,67.28,254.304991757599,254.304991757599,7.27268201752602E-06,7.27268201752602E-06,-1.27566210447443,-1.27566210447443,1,2.8404472362939E-05,2.8404472362939E-05,2716.49260034056,2716.49260034056,-100496.955680614,-100496.955680614,7.17266791061921E-02,7.17266791061921E-02,100000000000,-1719.89534240538,-1719.89534240538)
PVTTABLE POINT = (25600000,68.64,252.581149004145,252.581149004145,7.26452453313856E-06,7.26452453313856E-06,-1.25942812857326,-1.25942812857326,1,2.82685079172617E-05,2.82685079172617E-05,2710.69944501136,2710.69944501136,-96806.470277784,-96806.470277784,7.15287848002147E-02,7.15287848002147E-02,100000000000,-1709.07627257675,-1709.07627257675)
PVTTABLE POINT = (26200000,2,366.969548722029,366.969548722029,5.59254099564944E-06,5.59254099564944E-06,-1.96750796628865,-1.96750796628865,1,4.05307735878618E-05,4.05307735878618E-05,2875.97415253848,2875.97415253848,-286512.483740825,-286512.483740825,9.36536541387246E-02,9.36536541387246E-02,100000000000,-2333.54124525168,-2333.54124525168)
PVTTABLE POINT = (26200000,3.36,364.298254573004,364.298254573004,5.66140499093675E-06,5.66140499093675E-06,-1.96077304633174,-1.96077304633174,1,4.01589090499059E-05,4.01589090499059E-05,2877.56663354036,2877.56663354036,-282600.043473741,-282600.043473741,0.092944452194695,0.092944452194695,100000000000,-2319.3569748557,-2319.3569748557)
PVTTABLE POINT = (26200000,4.72,361.636496974556,361.636496974556,5.72919625630156E-06,5.72919625630156E-06,-1.95348462763459,-1.95348462763459,1,3.97941284414989E-05,3.97941284414989E-05,2878.87132174611,2878.87132174611,-278685.632974055,-278685.632974055,9.22477367805831E-02,9.22477367805831E-02,100000000000,-2305.23518970222,-2305.23518970222)
PVTTABLE POINT = (26200000,6.08,358.985024317419,358.985024317419,5.7958412685184E-06,5.7958412685184E-06,-1.94564934266803,-1.94564934266803,1,3.94362796603918E-05,3.94362796603918E-05,2879.88717288565,2879.88717288565,-274769.644428604,-274769.644428604,9.15635028225146E-02,9.15635028225146E-02,100000000000,-2291.17668759318,-2291.17668759318)
PVTTABLE POINT = (26200000,7.44,356.344575121263,356.344575121263,5.8612686763538E-06,5.8612686763538E-06,-1.93727507183296,-1.93727507183296,1,3.90852169831792E-05,3.90852169831792E-05,2880.61383984658,2880.61383984658,-270852.470971262,-270852.470971262,9.08917394613657E-02,9.08917394613657E-02,100000000000,-2277.18225808631,-2277.18225808631)
PVTTABLE POINT = (26200000,8.8,353.715876353165,353.715876353165,5.92540960250876E-06,5.92540960250876E-06,-1.92837091912841,-1.92837091912841,1,3.87408008368582E-05,3.87408008368582E-05,2881.05167838902,2881.05167838902,-266934.505730421,-266934.505730421,9.02324299951162E-02,9.02324299951162E-02,100000000000,-2263.25267926815,-2263.25267926815)
PVTTABLE POINT = (26200000,10.16,351.099641784483,351.099641784483,5.9881979321562E-06,5.9881979321562E-06,-1.91894718003089,-1.91894718003089,1,3.84028975589767E-05,3.84028975589767E-05,2881.20174849986,2881.20174849986,-263016.14087167,-263016.14087167,8.95855518326063E-02,8.95855518326063E-02,100000000000,-2249.38871458755,-2249.38871458755)
PVTTABLE POINT = (26200000,11.52,348.496570396587,348.496570396587,6.04957058536748E-06,6.04957058536748E-06,-1.90901530182364,-1.90901530182364,1,3.80713791479127E-05,3.80713791479127E-05,2881.06581134085,2881.06581134085,-259097.766641621,-259097.766641621,8.89510764594323E-02,8.89510764594323E-02,100000000000,-2235.59110976915,-2235.59110976915)
PVTTABLE POINT = (26200000,12.88,345.907344845485,345.907344845485,6.10946777090304E-06,6.10946777090304E-06,-1.89858783670845,-1.89858783670845,1,3.77461230049227E-05,3.77461230049227E-05,2880.64632179915,2880.64632179915,-255179.770418882,-255179.770418882,8.83289694168033E-02,8.83289694168033E-02,100000000000,-2221.86058982537,-2221.86058982537)
PVTTABLE POINT = (26200000,14.24,343.332629994903,343.332629994903,6.16783321906463E-06,6.16783321906463E-06,-1.88767838812139,-1.88767838812139,1,3.74270116696654E-05,3.74270116696654E-05,2879.94641670251,2879.94641670251,-251262.535778116,-251262.535778116,8.77191902942279E-02,8.77191902942279E-02,100000000000,-2208.19785618495,-2208.19785618495)
PVTTABLE POINT = (26200000,15.6,340.773071526703,340.773071526703,6.2246143915665E-06,6.2246143915665E-06,-1.87630155075672,-1.87630155075672,1,3.71139325509574E-05,3.71139325509574E-05,2878.96989881469,2878.96989881469,-247346.441573016,-247346.441573016,8.71216927369299E-02,8.71216927369299E-02,100000000000,-2194.60358395492,-2194.60358395492)
PVTTABLE POINT = (26200000,16.96,338.22929463683,338.22929463683,6.27976266667379E-06,6.27976266667379E-06,-1.86447284487676,-1.86447284487676,1,3.68067776545387E-05,3.68067776545387E-05,2877.72121677775,2877.72121677775,-243431.861043827,-243431.861043827,8.65364244688753E-02,8.65364244688753E-02,100000000000,-2181.07841933168,-2181.07841933168)
PVTTABLE POINT = (26200000,18.32,335.701902824122,335.701902824122,6.33323349817432E-06,6.33323349817432E-06,-1.85220864555012,-1.85220864555012,1,3.65054433096275E-05,3.65054433096275E-05,2876.20544121586,2876.20544121586,-239519.160954769,-239519.160954769,0.085963327332248,0.085963327332248,100000000000,-2167.6229771755,-2167.6229771755)
PVTTABLE POINT = (26200000,19.68,333.191476778411,333.191476778411,6.38498654708563E-06,6.38498654708563E-06,-1.83952610751405,-1.83952610751405,1,3.62098298960152E-05,3.62098298960152E-05,2874.42823725959,2874.42823725959,-235608.700766449,-235608.700766449,8.54023373441224E-02,8.54023373441224E-02,100000000000,-2154.23783876114,-2154.23783876114)
PVTTABLE POINT = (26200000,21.04,330.698573373375,330.698573373375,6.4349857853477E-06,6.4349857853477E-06,-1.82644308639782,-1.82644308639782,1,3.59198415734068E-05,3.59198415734068E-05,2872.39583378891,2872.39583378891,-231700.831847883,-231700.831847883,8.48533847709551E-02,8.48533847709551E-02,100000000000,-2140.92354971562,-2140.92354971562)
PVTTABLE POINT = (26200000,22.4,328.223724768558,328.223724768558,6.48319957110544E-06,6.48319957110544E-06,-1.81297805707357,-1.81297805707357,1,3.56353860146408E-05,3.56353860146408E-05,2870.11498972703,2870.11498972703,-227795.89673241,-227795.89673241,8.43163942213558E-02,8.43163942213558E-02,100000000000,-2127.68061815236,-2127.68061815236)
PVTTABLE POINT = (26200000,23.76,325.76743762396,325.76743762396,6.52960069553525E-06,6.52960069553525E-06,-1.79915002991697,-1.79915002991697,1,3.53563741443312E-05,3.53563741443312E-05,2867.5929577452,2867.5929577452,-223894.228421232,-223894.228421232,8.37912847574026E-02,8.37912847574026E-02,100000000000,-2114.50951300894,-2114.50951300894)
PVTTABLE POINT = (26200000,25.12,323.330192429469,323.330192429469,6.57416640151247E-06,6.57416640151247E-06,-1.78497846576405,-1.78497846576405,1,3.50827198843705E-05,3.50827198843705E-05,2864.83744575995,2864.83744575995,-219996.149737883,-219996.149737883,0.083277970024546,0.083277970024546,100000000000,-2101.41066259395,-2101.41066259395)
PVTTABLE POINT = (26200000,26.48,320.912442950413,320.912442950413,6.61687837474236E-06,6.61687837474236E-06,-1.77048319034169,-1.77048319034169,1,3.48143399076053E-05,3.48143399076053E-05,2861.8565766194,2861.8565766194,-216101.972736317,-216101.972736317,8.27763583999006E-02,8.27763583999006E-02,100000000000,-2088.38445334624,-2088.38445334624)
PVTTABLE POINT = (26200000,27.84,318.514615789402,318.514615789402,6.6577227082825E-06,6.6577227082825E-06,-1.7556843089292,-1.7556843089292,1,3.45511534008642E-05,3.45511534008642E-05,2858.6588463832,2858.6588463832,-212211.998164837,-212211.998164837,8.22863531584722E-02,8.22863531584722E-02,100000000000,-2075.43122880831,-2075.43122880831)
PVTTABLE POINT = (26200000,29.2,316.137110063665,316.137110063665,6.69668984166262E-06,6.69668984166262E-06,-1.74060212197719,-1.74060212197719,1,3.42930818383729E-05,3.42930818383729E-05,2855.25308160265,2855.25308160265,-208326.514987488,-208326.514987488,8.18078526566028E-02,8.18078526566028E-02,100000000000,-2062.55128881317,-2062.55128881317)
PVTTABLE POINT = (26200000,30.56,313.780297196106,313.780297196106,6.7337744760563E-06,6.7337744760563E-06,-1.72525704236934,-1.72525704236934,1,3.40400487664384E-05,3.40400487664384E-05,2851.64839600289,2851.64839600289,-204445.799963997,-204445.799963997,8.13407505316641E-02,8.13407505316641E-02,100000000000,-2049.74488888277,-2049.74488888277)
PVTTABLE POINT = (26200000,31.92,311.444520817393,311.444520817393,6.76897546717291E-06,6.76897546717291E-06,-1.70966951496336,-1.70966951496336,1,3.37919796001321E-05,3.37919796001321E-05,2847.85414695871,2847.85414695871,-200570.117288814,-200570.117288814,8.08849359167839E-02,8.08849359167839E-02,100000000000,-2037.012239834,-2037.012239834)
PVTTABLE POINT = (26200000,33.28,309.130096775604,309.130096775604,6.80229569771649E-06,6.80229569771649E-06,-1.6938599389914,-1.6938599389914,1,3.35488014325441E-05,3.35488014325441E-05,2843.8798921397,2843.8798921397,-196699.718289266,-196699.718289266,8.04402936691664E-02,8.04402936691664E-02,100000000000,-2024.35350758683,-2024.35350758683)
PVTTABLE POINT = (26200000,34.64,306.83731324915,306.83731324915,6.83374193139959E-06,6.83374193139959E-06,-1.67784859383847,-1.67784859383847,1,3.3310442857028E-05,3.3310442857028E-05,2839.73534668004,2839.73534668004,-192834.841182361,-192834.841182361,8.00067046103715E-02,8.00067046103715E-02,100000000000,-2011.76881316753,-2011.76881316753)
PVTTABLE POINT = (26200000,36,304.566430958096,304.566430958096,6.86332465060296E-06,6.86332465060296E-06,-1.6616555686516,-1.6616555686516,1,3.30768338027067E-05,3.30768338027067E-05,2835.43034120365,2835.43034120365,-188975.710889296,-188975.710889296,7.95840457767576E-02,7.95840457767576E-02,100000000000,-1999.25823289911,-1999.25823289911)
PVTTABLE POINT = (26200000,37.36,302.317683468379,302.317683468379,6.8910578798393E-06,6.8910578798393E-06,-1.64530069616409,-1.64530069616409,1,3.28479053833646E-05,3.28479053833646E-05,2830.97478100756,2830.97478100756,-185122.53890629,-185122.53890629,7.91721906781657E-02,7.91721906781657E-02,100000000000,-1986.82179876921,-1986.82179876921)
PVTTABLE POINT = (26200000,38.72,300.091277582979,300.091277582979,6.91695899720949E-06,6.91695899720949E-06,-1.62880349105,-1.62880349105,1,3.26235897597184E-05,3.26235897597184E-05,2826.3786066757,2826.3786066757,-181275.52322999,-181275.52322999,7.87710095628412E-02,7.87710095628412E-02,100000000000,-1974.45949896534,-1974.45949896534)
PVTTABLE POINT = (26200000,40.08,297.887393813703,297.887393813703,6.94104853603765E-06,6.94104853603765E-06,-1.61218309305446,-1.61218309305446,1,3.24038200149331E-05,3.24038200149331E-05,2821.6517563633,2821.6517563633,-177434.848335328,-177434.848335328,7.83803696865522E-02,7.83803696865522E-02,100000000000,-1962.1712785664,-1962.1712785664)
PVTTABLE POINT = (26200000,41.44,295.706186926961,295.706186926961,6.96334997883716E-06,6.96334997883716E-06,-1.59545821507795,-1.59545821507795,1,3.21885300431343E-05,3.21885300431343E-05,2816.80412995817,2816.80412995817,-173600.685203418,-173600.685203418,7.80001355838619E-02,7.80001355838619E-02,100000000000,-1949.95704037851,-1949.95704037851)
PVTTABLE POINT = (26200000,42.8,293.547786556711,293.547786556711,6.98388954569912E-06,6.98388954569912E-06,-1.57864709632693,-1.57864709632693,1,3.19776544505687E-05,3.19776544505687E-05,2811.84555529162,2811.84555529162,-169773.191396816,-169773.191396816,7.76301693395624E-02,7.76301693395624E-02,100000000000,-1937.81664590314,-1937.81664590314)
PVTTABLE POINT = (26200000,44.16,291.412297877638,291.412297877638,7.00269597910825E-06,7.00269597910825E-06,-1.56176746058211,-1.56176746058211,1,3.17711284689707E-05,3.17711284689707E-05,2806.78575653769,2806.78575653769,-165952.511179264,-165952.511179264,7.72703308583558E-02,7.72703308583558E-02,100000000000,-1925.74991642485,-1925.74991642485)
PVTTABLE POINT = (26200000,45.52,289.299802331618,289.299802331618,7.01980032708503E-06,7.01980032708503E-06,-1.54483647957725,-1.54483647957725,1,3.15688878806196E-05,3.15688878806196E-05,2801.63432490675,2801.63432490675,-162138.775676851,-162138.775676851,7.69204781309906E-02,7.69204781309906E-02,100000000000,-1913.75663420613,-1913.75663420613)
PVTTABLE POINT = (26200000,46.88,287.21035840053,287.21035840053,7.03523572642872E-06,7.03523572642872E-06,-1.5278707414294,-1.5278707414294,1,3.1370868954506E-05,3.1370868954506E-05,2796.40069170737,2796.40069170737,-158332.103077438,-158332.103077438,7.65804674952002E-02,7.65804674952002E-02,100000000000,-1901.83654377655,-1901.83654377655)
PVTTABLE POINT = (26200000,48.24,285.144002418638,285.144002418638,7.0490371876993E-06,7.0490371876993E-06,-1.5108862240137,-1.5108862240137,1,3.11770083929751E-05,3.11770083929751E-05,2791.09410382082,2791.09410382082,-154532.598865073,-154532.598865073,7.62501538899716E-02,7.62501538899716E-02,100000000000,-1889.98935330368,-1889.98935330368)
PVTTABLE POINT = (26200000,49.6,283.100749417897,283.100749417897,7.06124138342883E-06,7.06124138342883E-06,-1.49389827313397,-1.49389827313397,1,3.09872432881742E-05,3.09872432881742E-05,2785.72360160412,2785.72360160412,-150740.356086119,-150740.356086119,7.59293911018477E-02,7.59293911018477E-02,100000000000,-1878.21473603357,-1878.21473603357)
PVTTABLE POINT = (26200000,50.96,281.080593999785,281.080593999785,7.07188644089992E-06,7.07188644089992E-06,-1.47692158530446,-1.47692158530446,1,3.08015110876053E-05,3.08015110876053E-05,2780.29799921223,2780.29799921223,-146955.455643773,-146955.455643773,7.56180320021718E-02,7.56180320021718E-02,100000000000,-1866.51233178869,-1866.51233178869)
PVTTABLE POINT = (26200000,52.32,279.083511227547,279.083511227547,7.08101174067202E-06,7.08101174067202E-06,-1.45997019492761,-1.45997019492761,1,3.0619749568065E-05,3.0619749568065E-05,2774.82586730638,2774.82586730638,-143177.966617731,-143177.966617731,7.53159287743875E-02,7.53159287743875E-02,100000000000,-1854.88174851203,-1854.88174851203)
PVTTABLE POINT = (26200000,53.68,277.109457533012,277.109457533012,7.08865772187957E-06,7.08865772187957E-06,-1.4430574656279,-1.4430574656279,1,3.04418968172483E-05,3.04418968172483E-05,2769.3155180953,2769.3155180953,-139407.946605776,-139407.946605776,7.50229331307064E-02,7.50229331307064E-02,100000000000,-1843.32256384602,-1843.32256384602)
PVTTABLE POINT = (26200000,55.04,275.158371632524,275.158371632524,7.09486569517131E-06,7.09486569517131E-06,-1.42619608548266,-1.42619608548266,1,3.02678912222929E-05,3.02678912222929E-05,2763.77499263777,2763.77499263777,-135645.44208415,-135645.44208415,7.47388965176517E-02,7.47388965176517E-02,100000000000,-1831.83432673631,-1831.83432673631)
PVTTABLE POINT = (26200000,56.4,273.230175446857,273.230175446857,7.09967766400955E-06,7.09967766400955E-06,-1.40939806587657,-1.40939806587657,1,3.00976714645527E-05,3.00976714645527E-05,2758.21205032003,2758.21205032003,-131890.488783724,-131890.488783724,0.07446367031018,0.07446367031018,100000000000,-1820.41655905019,-1820.41655905019)
PVTTABLE POINT = (26200000,57.76,271.324775020388,271.324775020388,7.1031361549045E-06,7.1031361549045E-06,-1.39267474369699,-1.39267474369699,1,2.99311765199032E-05,2.99311765199032E-05,2752.63416040849,2752.63416040849,-128143.112079037,-128143.112079037,7.41971059942474E-02,7.41971059942474E-02,100000000000,-1809.06875720075,-1809.06875720075)
PVTTABLE POINT = (26200000,59.12,269.442061435175,269.442061435175,7.10528405702214E-06,7.10528405702214E-06,-1.3760367865827,-1.3760367865827,1,2.97683456639065E-05,2.97683456639065E-05,2747.04849556823,2747.04849556823,-124403.327387492,-124403.327387492,7.39390553378472E-02,7.39390553378472E-02,100000000000,-1797.7903937684,-1797.7903937684)
PVTTABLE POINT = (26200000,60.48,267.58191171598,267.58191171598,7.10616447147719E-06,7.10616447147719E-06,-1.35949420093724,-1.35949420093724,1,2.96091184811899E-05,2.96091184811899E-05,2741.46192722991,2741.46192722991,-120671.140576079,-120671.140576079,7.36893705506787E-02,7.36893705506787E-02,100000000000,-1786.58091911183,-1786.58091911183)
PVTTABLE POINT = (26200000,61.84,265.744189722682,265.744189722682,7.10582057050483E-06,7.10582057050483E-06,-1.34305634242075,-1.34305634242075,1,2.94534348784245E-05,2.94534348784245E-05,2735.88102268207,2735.88102268207,-116946.548373223,-116946.548373223,7.34479044327276E-02,7.34479044327276E-02,100000000000,-1775.43976296154,-1775.43976296154)
PVTTABLE POINT = (26200000,63.2,263.928747026892,263.928747026892,7.10429546659824E-06,7.10429546659824E-06,-1.32673192863982,-1.32673192863982,1,2.93012351003238E-05,2.93012351003238E-05,2730.31204376227,2730.31204376227,-113229.538783483,-113229.538783483,7.32145105121262E-02,7.32145105121262E-02,100000000000,-1764.36633598959,-1764.36633598959)
PVTTABLE POINT = (26200000,64.56,262.135423769968,262.135423769968,7.10163209160212E-06,7.10163209160212E-06,-1.31052905376297,-1.31052905376297,1,2.91524597481211E-05,2.91524597481211E-05,2724.76094701865,2724.76094701865,-109520.09150301,-109520.09150301,7.29890431727434E-02,7.29890431727434E-02,100000000000,-1753.36003134997,-1753.36003134997)
PVTTABLE POINT = (26200000,65.92,260.364049499999,260.364049499999,7.09787308566719E-06,7.09787308566719E-06,-1.29445520479984,-1.29445520479984,1,2.90070498000218E-05,2.90070498000218E-05,2719.23338521369,2719.23338521369,-105818.178333869,-105818.178333869,7.27713577720019E-02,7.27713577720019E-02,100000000000,-1742.42022618458,-1742.42022618458)
PVTTABLE POINT = (26200000,67.28,258.614443985654,258.614443985654,7.09306069589548E-06,7.09306069589548E-06,-1.27851727929418,-1.27851727929418,1,2.88649466331659E-05,2.88649466331659E-05,2713.73471004297,2713.73471004297,-102123.763595462,-102123.763595462,7.25613107494624E-02,7.25613107494624E-02,100000000000,-1731.54628309063,-1731.54628309063)
PVTTABLE POINT = (26200000,68.64,256.886418005144,256.886418005144,7.08723668444165E-06,7.08723668444165E-06,-1.26272160419432,-1.26272160419432,1,2.87260920466761E-05,2.87260920466761E-05,2708.26997594458,2708.26997594458,-98436.8045315114,-98436.8045315114,7.23587597267254E-02,7.23587597267254E-02,100000000000,-1720.73755154569,-1720.73755154569)
PVTTABLE POINT = (26800000,2,370.269183208358,370.269183208358,5.40819128754056E-06,5.40819128754056E-06,-1.93750427064512,-1.93750427064512,1,4.10598223000682E-05,4.10598223000682E-05,2856.42312815127,2856.42312815127,-287256.911093985,-287256.911093985,9.45484606551062E-02,9.45484606551062E-02,100000000000,-2342.16233483476,-2342.16233483476)
PVTTABLE POINT = (26800000,3.36,367.638402649339,367.638402649339,5.47439805609531E-06,5.47439805609531E-06,-1.93120323833209,-1.93120323833209,1,4.06871020271397E-05,4.06871020271397E-05,2858.11172254649,2858.11172254649,-283370.997109078,-283370.997109078,9.38415331430221E-02,9.38415331430221E-02,100000000000,-2328.07423378085,-2328.07423378085)
PVTTABLE POINT = (26800000,4.72,365.016547072931,365.016547072931,5.53963664233044E-06,5.53963664233044E-06,-1.92438017141049,-1.92438017141049,1,4.03214904028959E-05,4.03214904028959E-05,2859.53233228526,2859.53233228526,-279482.968704265,-279482.968704265,9.31469301412902E-02,9.31469301412902E-02,100000000000,-2314.04762598678,-2314.04762598678)
PVTTABLE POINT = (26800000,6.08,362.404322618978,362.404322618978,5.60383962400594E-06,5.60383962400594E-06,-1.91704088627484,-1.91704088627484,1,3.99628304509561E-05,3.99628304509561E-05,2860.68384314456,2860.68384314456,-275593.191166126,-275593.191166126,9.24646431984223E-02,9.24646431984223E-02,100000000000,-2300.08322236794,-2300.08322236794)
PVTTABLE POINT = (26800000,7.44,359.802426752871,359.802426752871,5.66694140725862E-06,5.66694140725862E-06,-1.90919232036274,-1.90919232036274,1,3.961097151316E-05,3.961097151316E-05,2861.56576065282,2861.56576065282,-271702.030876024,-271702.030876024,9.17946583092566E-02,9.17946583092566E-02,100000000000,-2286.18172738969,-2286.18172738969)
PVTTABLE POINT = (26800000,8.8,357.21154675353,357.21154675353,5.7288784906671E-06,5.7288784906671E-06,-1.90084251250733,-1.90084251250733,1,3.92657690481347E-05,3.92657690481347E-05,2862.17821592307,2862.17821592307,-267809.854462857,-267809.854462857,9.11369558761958E-02,9.11369558761958E-02,100000000000,-2272.3438361799,-2272.3438361799)
PVTTABLE POINT = (26800000,10.16,354.632358232652,354.632358232652,5.78958971879485E-06,5.78958971879485E-06,-1.89200057662262,-1.89200057662262,1,3.89270844188374E-05,3.89270844188374E-05,2862.52196780633,2862.52196780633,-263917.027950384,-263917.027950384,0.090491510681571,0.090491510681571,100000000000,-2258.57023169172,-2258.57023169172)
PVTTABLE POINT = (26800000,11.52,352.065523694187,352.065523694187,5.84901652294871E-06,5.84901652294871E-06,-1.88267666889992,-1.88267666889992,1,3.85947846703369E-05,3.85947846703369E-05,2862.59840131664,2862.59840131664,-260023.915904142,-260023.915904142,8.98582918715617E-02,8.98582918715617E-02,100000000000,-2244.86158193284,-2244.86158193284)
PVTTABLE POINT = (26800000,12.88,349.511691142693,349.511691142693,5.90710314702364E-06,5.90710314702364E-06,-1.8728819487708,-1.8728819487708,1,3.82687422991902E-05,3.82687422991902E-05,2862.40952232253,2862.40952232253,-256130.880583057,-256130.880583057,8.92372629521655E-02,8.92372629521655E-02,100000000000,-2231.2185372772,-2231.2185372772)
PVTTABLE POINT = (26800000,14.24,346.971492748845,346.971492748845,5.96379685647174E-06,5.96379685647174E-06,-1.8626285339652,-1.8626285339652,1,3.79488350158406E-05,3.79488350158406E-05,2861.95794854301,2861.95794854301,-252238.281100789,-252238.281100789,8.86283817977529E-02,8.86283817977529E-02,100000000000,-2217.6417278745,-2217.6417278745)
PVTTABLE POINT = (26800000,15.6,344.445543579853,344.445543579853,6.01904812863028E-06,6.01904812863028E-06,-1.85192945006164,-1.85192945006164,1,3.76349455015172E-05,3.76349455015172E-05,2861.2468969296,2861.2468969296,-248346.472601789,-248346.472601789,8.80316006727757E-02,8.80316006727757E-02,100000000000,-2204.13176117178,-2204.13176117178)
PVTTABLE POINT = (26800000,16.96,341.934440401987,341.934440401987,6.07281082286753E-06,6.07281082286753E-06,-1.84079857498921,-1.84079857498921,1,3.73269611611542E-05,3.73269611611542E-05,2860.28016755767,2860.28016755767,-244455.805456915,-244455.805456915,8.74468662671903E-02,8.74468662671903E-02,100000000000,-2190.68921956092,-2190.68921956092)
PVTTABLE POINT = (26800000,18.32,339.438760561712,339.438760561712,6.12504232925068E-06,6.12504232925068E-06,-1.82925057899555,-1.82925057899555,1,3.70247738738565E-05,3.70247738738565E-05,2859.06212418981,2859.06212418981,-240566.624483226,-240566.624483226,8.68741197461385E-02,8.68741197461385E-02,100000000000,-2177.31465816425,-2177.31465816425)
PVTTABLE POINT = (26800000,19.68,336.959060951248,336.959060951248,6.17570369470319E-06,6.17570369470319E-06,-1.81730086064205,-1.81730086064205,1,3.67282797424373E-05,3.67282797424373E-05,2857.59767171127,2857.59767171127,-236679.268192379,-236679.268192379,8.63132968143717E-02,8.63132968143717E-02,100000000000,-2164.00860276958,-2164.00860276958)
PVTTABLE POINT = (26800000,21.04,334.495877063529,334.495877063529,6.22475972589372E-06,6.22475972589372E-06,-1.80496547942473,-1.80496547942473,1,3.64373788435263E-05,3.64373788435263E-05,2855.89223067066,2855.89223067066,-232794.068071691,-232794.068071691,8.57643277958219E-02,8.57643277958219E-02,100000000000,-2150.77154792441,-2150.77154792441)
PVTTABLE POINT = (26800000,22.4,332.049722140745,332.049722140745,6.27217906838017E-06,6.27217906838017E-06,-1.79226108564744,-1.79226108564744,1,3.61519749797028E-05,3.61519749797028E-05,2853.95170918817,2853.95170918817,-228911.347901666,-228911.347901666,8.52271377286152E-02,8.52271377286152E-02,100000000000,-2137.60395519768,-2137.60395519768)
PVTTABLE POINT = (26800000,23.76,329.62108641976,329.62108641976,6.31793426181488E-06,6.31793426181488E-06,-1.7792048481916,-1.7792048481916,1,3.58719754350473E-05,3.58719754350473E-05,2851.78247251885,2851.78247251885,-225031.423113338,-225031.423113338,8.47016464756817E-02,8.47016464756817E-02,100000000000,-2124.50625161594,-2124.50625161594)
PVTTABLE POINT = (26800000,25.12,327.210436476817,327.210436476817,6.36200177129451E-06,6.36200177129451E-06,-1.76581438083499,-1.76581438083499,1,3.55972907354292E-05,3.55972907354292E-05,2849.39131057786,2849.39131057786,-221154.600188441,-221154.600188441,8.41877688509656E-02,8.41877688509656E-02,100000000000,-2111.47882827902,-2111.47882827902)
PVTTABLE POINT = (26800000,26.48,324.818214673079,324.818214673079,6.40436199520766E-06,6.40436199520766E-06,-1.75210766776962,-1.75210766776962,1,3.53278344147551E-05,3.53278344147551E-05,2846.78540374946,2846.78540374946,-217281.176104946,-217281.176104946,8.36854147610535E-02,8.36854147610535E-02,100000000000,-2098.52203915909,-2098.52203915909)
PVTTABLE POINT = (26800000,27.84,322.444838701635,322.444838701635,6.44499925018676E-06,6.44499925018676E-06,-1.73810298895769,-1.73810298895769,1,3.50635227883004E-05,3.50635227883004E-05,2843.97228731122,2843.97228731122,-213411.437830076,-213411.437830076,8.31944893618593E-02,8.31944893618593E-02,100000000000,-2085.63620008486,-2085.63620008486)
PVTTABLE POINT = (26800000,29.2,320.090701235792,320.090701235792,6.48390173400785E-06,6.48390173400785E-06,-1.72381884594391,-1.72381884594391,1,3.4804274734134E-05,3.4804274734134E-05,2840.95981480886,2840.95981480886,-209545.661862455,-209545.661862455,8.27148932297964E-02,8.27148932297964E-02,100000000000,-2072.82158791171,-2072.82158791171)
PVTTABLE POINT = (26800000,30.56,317.756169677604,317.756169677604,6.52106146749571E-06,6.52106146749571E-06,-1.70927388871399,-1.70927388871399,1,3.4550011483525E-05,3.4550011483525E-05,2837.75612071674,2837.75612071674,-205684.113824592,-205684.113824592,8.22465225466816E-02,8.22465225466816E-02,100000000000,-2060.07843987639,-2060.07843987639)
PVTTABLE POINT = (26800000,31.92,315.441586004855,315.441586004855,6.55647421668148E-06,6.55647421668148E-06,-1.6944868441535,-1.6944868441535,1,3.43006564210957E-05,3.43006564210957E-05,2834.36958271321,2834.36958271321,-201827.048106449,-201827.048106449,8.17892692974173E-02,8.17892692974173E-02,100000000000,-2047.40695313411,-2047.40695313411)
PVTTABLE POINT = (26800000,33.28,313.147266713952,313.147266713952,6.590139396623E-06,6.590139396623E-06,-1.67947644661895,-1.67947644661895,1,3.40561348953557E-05,3.40561348953557E-05,2830.80878389018,2830.80878389018,-197974.707560386,-197974.707560386,8.13430214793187E-02,8.13430214793187E-02,100000000000,-2034.80728447385,-2034.80728447385)
PVTTABLE POINT = (26800000,34.64,310.873502855542,310.873502855542,6.62205995843179E-06,6.62205995843179E-06,-1.66426137108614,-1.66426137108614,1,3.38163740401236E-05,3.38163740401236E-05,2827.08247520209,2827.08247520209,-194127.323247382,-194127.323247382,8.09076633217929E-02,8.09076633217929E-02,100000000000,-2022.27955020695,-2022.27955020695)
PVTTABLE POINT = (26800000,36,308.620560159054,308.620560159054,6.65224226115625E-06,6.65224226115625E-06,-1.64886016928943,-1.64886016928943,1,3.35813026072143E-05,3.35813026072143E-05,2823.19953844204,2823.19953844204,-190285.11423399,-190285.11423399,8.04830755149382E-02,8.04830755149382E-02,100000000000,-2009.82382622272,-2009.82382622272)
PVTTABLE POINT = (26800000,37.36,306.388679241852,306.388679241852,6.68069593024632E-06,6.68069593024632E-06,-1.6332912092119,-1.6332912092119,1,3.3350850810647E-05,3.3350850810647E-05,2819.16895001186,2819.16895001186,-186448.287439139,-186448.287439139,8.00691354455133E-02,8.00691354455133E-02,100000000000,-1997.44014820366,-1997.44014820366)
PVTTABLE POINT = (26800000,38.72,304.178075898231,304.178075898231,6.70743370437252E-06,6.70743370437252E-06,-1.61757261823049,-1.61757261823049,1,3.31249501825074E-05,3.31249501825074E-05,2814.99974573031,2814.99974573031,-182617.037529526,-182617.037529526,0.07966571743865,0.07966571743865,100000000000,-1985.12851199203,-1985.12851199203)
PVTTABLE POINT = (26800000,40.08,301.988941463096,301.988941463096,6.73247127239173E-06,6.73247127239173E-06,-1.60172223016416,-1.60172223016416,1,3.2903533440487E-05,3.2903533440487E-05,2810.70098689819,2810.70098689819,-178791.54686204,-178791.54686204,7.92726930036306E-02,7.92726930036306E-02,100000000000,-1972.8888740991,-1972.8888740991)
PVTTABLE POINT = (26800000,41.44,299.821443244903,299.821443244903,6.75582710224661E-06,6.75582710224661E-06,-1.58575753641709,-1.58575753641709,1,3.26865343670156E-05,3.26865343670156E-05,2806.28172781294,2806.28172781294,-174971.985471369,-174971.985471369,7.88899310820278E-02,7.88899310820278E-02,100000000000,-1960.72115234719,-1960.72115234719)
PVTTABLE POINT = (26800000,42.8,297.675725022172,297.675725022172,6.77752226355587E-06,6.77752226355587E-06,-1.56969564135465,-1.56969564135465,1,3.24738876998068E-05,3.24738876998068E-05,2801.75098489852,2801.75098489852,-171158.511100709,-171158.511100709,7.85172982965304E-02,7.85172982965304E-02,100000000000,-1948.62522663463,-1948.62522663463)
PVTTABLE POINT = (26800000,44.16,295.551907597757,295.551907597757,6.79758024560123E-06,6.79758024560123E-06,-1.55355322199726,-1.55355322199726,1,3.22655290335505E-05,3.22655290335505E-05,2797.11770758854,2797.11770758854,-167351.269273277,-167351.269273277,7.81546591988132E-02,7.81546591988132E-02,100000000000,-1936.60093981312,-1936.60093981312)
PVTTABLE POINT = (26800000,45.52,293.450089404979,293.450089404979,6.81602677234777E-06,6.81602677234777E-06,-1.53734649206792,-1.53734649206792,1,3.20613947324087E-05,3.20613947324087E-05,2792.39075107396,2792.39075107396,-163550.393402164,-163550.393402164,7.78018765148936E-02,7.78018765148936E-02,100000000000,-1924.64809866694,-1924.64809866694)
PVTTABLE POINT = (26800000,46.88,291.370347159696,291.370347159696,6.83288961604807E-06,6.83288961604807E-06,-1.52109117038293,-1.52109117038293,1,3.18614218529031E-05,3.18614218529031E-05,2787.57885099996,2787.57885099996,-159756.004935941,-159756.004935941,7.74588113865101E-02,7.74588113865101E-02,100000000000,-1912.76647498328,-1912.76647498328)
PVTTABLE POINT = (26800000,48.24,289.31273655243,289.31273655243,6.84819841088209E-06,6.84819841088209E-06,-1.50480245353336,-1.50480245353336,1,3.16655480767285E-05,3.16655480767285E-05,2782.69060017115,2782.69060017115,-155968.213537303,-155968.213537303,0.077125323607189,0.077125323607189,100000000000,-1900.95580670285,-1900.95580670285)
PVTTABLE POINT = (26800000,49.6,287.277292974792,287.277292974792,6.86198446797508E-06,6.86198446797508E-06,-1.48849499276626,-1.48849499276626,1,3.14737116529788E-05,3.14737116529788E-05,2777.73442730049,2777.73442730049,-152187.117292027,-152187.117292027,7.68012718517976E-02,7.68012718517976E-02,100000000000,-1889.21579914036,-1889.21579914036)
PVTTABLE POINT = (26800000,50.96,285.264032274542,285.264032274542,6.87428059301916E-06,6.87428059301916E-06,-1.47218287494171,-1.47218287494171,1,3.12858513492357E-05,3.12858513492357E-05,2772.71857781431,2772.71857781431,-148412.802945413,-148412.802945413,7.64865138985392E-02,7.64865138985392E-02,100000000000,-1877.54612626427,-1877.54612626427)
PVTTABLE POINT = (26800000,52.32,283.272951533881,283.272951533881,6.88512090760224E-06,6.88512090760224E-06,-1.455879607412,-1.455879607412,1,3.1101906410943E-05,3.1101906410943E-05,2767.65109670581,2767.65109670581,-144645.346163447,-144645.346163447,7.61809068425094E-02,7.61809068425094E-02,100000000000,-1865.94643202597,-1865.94643202597)
PVTTABLE POINT = (26800000,53.68,281.304029865729,281.304029865729,6.89454067522281E-06,6.89454067522281E-06,-1.43959810664508,-1.43959810664508,1,3.09218165284746E-05,3.09218165284746E-05,2762.53981341008,2762.53981341008,-140884.811815905,-140884.811815905,7.58843073000912E-02,7.58843073000912E-02,100000000000,-1854.41633172836,-1854.41633172836)
PVTTABLE POINT = (26800000,55.04,279.357229223039,279.357229223039,6.9025761328448E-06,6.9025761328448E-06,-1.42335069039428,-1.42335069039428,1,3.07455218112878E-05,3.07455218112878E-05,2757.39232865743,2757.39232865743,-137131.254278669,-137131.254278669,7.55965716036369E-02,7.55965716036369E-02,100000000000,-1842.95541342488,-1842.95541342488)
PVTTABLE POINT = (26800000,56.4,277.432495216476,277.432495216476,6.90926432872258E-06,6.90926432872258E-06,-1.40714907320016,-1.40714907320016,1,3.05729627685593E-05,3.05729627685593E-05,2752.21600324702,2752.21600324702,-133384.717752618,-133384.717752618,7.53175559860415E-02,7.53175559860415E-02,100000000000,-1831.56323933978,-1831.56323933978)
PVTTABLE POINT = (26800000,57.76,275.529757936072,275.529757936072,6.91464296710582E-06,6.91464296710582E-06,-1.39100436499894,-1.39100436499894,1,3.04040802956992E-05,3.04040802956992E-05,2747.01794867054,2747.01794867054,-129645.236596507,-129645.236596507,7.50471167549669E-02,7.50471167549669E-02,100000000000,-1820.23934730176,-1820.23934730176)
PVTTABLE POINT = (26800000,59.12,273.648932772791,273.648932772791,6.91875026031842E-06,6.91875026031842E-06,-1.3749270726038,-1.3749270726038,1,3.02388156661519E-05,3.02388156661519E-05,2741.80501950477,2741.80501950477,-125912.835671406,-125912.835671406,0.074785110456614,0.074785110456614,100000000000,-1808.98325218286,-1808.98325218286)
PVTTABLE POINT = (26800000,60.48,271.789921236262,271.789921236262,6.92162478859561E-06,6.92162478859561E-06,-1.35892710382088,-1.35892710382088,1,3.00771105279085E-05,3.00771105279085E-05,2736.58380748406,2736.58380748406,-122187.530694309,-122187.530694309,7.45313940290706E-02,7.45313940290706E-02,100000000000,-1797.79444733564,-1797.79444733564)
PVTTABLE POINT = (26800000,61.84,269.952611765261,269.952611765261,6.92330536796039E-06,6.92330536796039E-06,-1.34301377396079,-1.34301377396079,1,2.99189069041728E-05,2.99189069041728E-05,2731.36063715645,2731.36063715645,-118469.328598732,-118469.328598732,7.42858249453755E-02,7.42858249453755E-02,100000000000,-1786.67240602196,-1786.67240602196)
PVTTABLE POINT = (26800000,63.2,268.136880527839,268.136880527839,6.92383092632453E-06,6.92383092632453E-06,-1.32719581450751,-1.32719581450751,1,2.97641471976509E-05,2.97641471976509E-05,2726.14156302293,2726.14156302293,-114758.227900197,-114758.227900197,7.40482613465334E-02,7.40482613465334E-02,100000000000,-1775.61658282741,-1775.61658282741)
PVTTABLE POINT = (26800000,64.56,266.34259220833,266.34259220833,6.92324038791207E-06,6.92324038791207E-06,-1.31148138371123,-1.31148138371123,1,2.96127741979558E-05,2.96127741979558E-05,2720.93236805577,2720.93236805577,-111054.219064646,-111054.219064646,7.38185621648032E-02,7.38185621648032E-02,100000000000,-1764.62641505592,-1764.62641505592)
PVTTABLE POINT = (26800000,65.92,264.569600778771,264.569600778771,6.92157256602358E-06,6.92157256602358E-06,-1.29587807887726,-1.29587807887726,1,2.94647310916507E-05,2.94647310916507E-05,2715.73856349023,2715.73856349023,-107357.284878009,-107357.284878009,7.35965872376371E-02,7.35965872376371E-02,100000000000,-1753.70132409967,-1753.70132409967)
PVTTABLE POINT = (26800000,67.28,262.81775025258,262.81775025258,6.91886606408839E-06,6.91886606408839E-06,-1.28039295013155,-1.28039295013155,1,2.93199614744853E-05,2.93199614744853E-05,2710.56538978366,2710.56538978366,-103667.400815234,-103667.400815234,7.33821974127068E-02,7.33821974127068E-02,100000000000,-1742.84071678012,-1742.84071678012)
PVTTABLE POINT = (26800000,68.64,261.086875418636,261.086875418636,6.9151591848894E-06,6.9151591848894E-06,-1.26503251545258,-1.26503251545258,1,2.91784093654069E-05,2.91784093654069E-05,2705.41781863651,2705.41781863651,-99984.5354072863,-99984.5354072863,7.31752546444777E-02,7.31752546444777E-02,100000000000,-1732.04398665625,-1732.04398665625)
PVTTABLE POINT = (27400000,2,373.4616140457,373.4616140457,5.23502453130011E-06,5.23502453130011E-06,-1.90866052258427,-1.90866052258427,1,4.15806545142081E-05,4.15806545142081E-05,2837.81088481123,2837.81088481123,-287939.193434531,-287939.193434531,9.54265056741393E-02,9.54265056741393E-02,100000000000,-2350.50593549812,-2350.50593549812)
PVTTABLE POINT = (27400000,3.36,370.869797705531,370.869797705531,5.29872250395191E-06,5.29872250395191E-06,-1.9027515238976,-1.9027515238976,1,4.12069519045591E-05,4.12069519045591E-05,2839.58140362874,2839.58140362874,-284078.538425766,-284078.538425766,9.47216803953388E-02,9.47216803953388E-02,100000000000,-2336.50940922973,-2336.50940922973)
PVTTABLE POINT = (27400000,4.72,368.286353493875,368.286353493875,5.36154381216006E-06,5.36154381216006E-06,-1.89634933900345,-1.89634933900345,1,4.08403879375424E-05,4.08403879375424E-05,2841.10188431089,2841.10188431089,-280215.645375513,-280215.645375513,0.094029026386408,0.094029026386408,100000000000,-2322.57348097142,-2322.57348097142)
PVTTABLE POINT = (27400000,6.08,365.711948771084,365.711948771084,5.42342651597895E-06,5.42342651597895E-06,-1.8894590974161,-1.8894590974161,1,4.04808012783448E-05,4.04808012783448E-05,2842.37117300076,2842.37117300076,-276350.855182507,-276350.855182507,9.33485323080221E-02,9.33485323080221E-02,100000000000,-2308.69878282714,-2308.69878282714)
PVTTABLE POINT = (27400000,7.44,363.147243232993,363.147243232993,5.48431022280058E-06,5.48431022280058E-06,-1.88208693879178,-1.88208693879178,1,4.01280368350319E-05,4.01280368350319E-05,2843.38866895093,2843.38866895093,-272484.509939443,-272484.509939443,9.26801814804367E-02,9.26801814804367E-02,100000000000,-2294.88594195383,-2294.88594195383)
PVTTABLE POINT = (27400000,8.8,360.592887547337,360.592887547337,5.54413631892618E-06,5.54413631892618E-06,-1.87423999694357,-1.87423999694357,1,3.9781945580265E-05,3.9781945580265E-05,2844.15433028168,2844.15433028168,-268616.952176478,-268616.952176478,9.20239518594803E-02,9.20239518594803E-02,100000000000,-2281.13557796743,-2281.13557796743)
PVTTABLE POINT = (27400000,10.16,358.049522015825,358.049522015825,5.60284819282483E-06,5.60284819282483E-06,-1.86592637812494,-1.86592637812494,1,3.94423843624829E-05,3.94423843624829E-05,2844.66867661703,2844.66867661703,-264748.524099024,-264748.524099024,9.13798160234441E-02,9.13798160234441E-02,100000000000,-2267.44830039123,-2267.44830039123)
PVTTABLE POINT = (27400000,11.52,355.517775269568,355.517775269568,5.66039144818138E-06,5.66039144818138E-06,-1.85715513371652,-1.85715513371652,1,3.91092157075846E-05,3.91092157075846E-05,2844.93278855009,2844.93278855009,-260879.566824102,-260879.566824102,9.07477411710663E-02,9.07477411710663E-02,100000000000,-2253.82470616017,-2253.82470616017)
PVTTABLE POINT = (27400000,12.88,352.998263005354,352.998263005354,5.71671410493512E-06,5.71671410493512E-06,-1.84793622751362,-1.84793622751362,1,3.87823076122381E-05,3.87823076122381E-05,2844.94830392429,2844.94830392429,-257010.419619597,-257010.419619597,9.01276891308656E-02,9.01276891308656E-02,100000000000,-2240.26537719477,-2240.26537719477)
PVTTABLE POINT = (27400000,14.24,350.491586769935,350.491586769935,5.7717667866363E-06,5.7717667866363E-06,-1.83828049787259,-1.83828049787259,1,3.84615333300047E-05,3.84615333300047E-05,2844.71741095244,2844.71741095244,-253141.419150716,-253141.419150716,0.089519616382103,0.089519616382103,100000000000,-2226.77087805776,-2226.77087805776)
PVTTABLE POINT = (27400000,15.6,347.998332799123,347.998332799123,5.82550289259922E-06,5.82550289259922E-06,-1.82819961503139,-1.82819961503139,1,3.81467711515324E-05,3.81467711515324E-05,2844.24283823056,2844.24283823056,-249272.898737934,-249272.898737934,8.89234740876892E-02,8.89234740876892E-02,100000000000,-2213.34175370587,-2213.34175370587)
PVTTABLE POINT = (27400000,16.96,345.519070918,345.519070918,5.8778787535024E-06,5.8778787535024E-06,-1.81770603397216,-1.81770603397216,1,3.78379041801059E-05,3.78379041801059E-05,2843.52784173813,2843.52784173813,-245405.187630573,-245405.187630573,8.83392081393485E-02,8.83392081393485E-02,100000000000,-2199.97852734849,-2199.97852734849)
PVTTABLE POINT = (27400000,18.32,343.054353508034,343.054353508034,5.92885376927876E-06,5.92885376927876E-06,-1.80681294324025,-1.80681294324025,1,3.7534820103867E-05,3.7534820103867E-05,2842.5761889488,2842.5761889488,-241538.610300047,-241538.610300047,8.77667592153502E-02,8.77667592153502E-02,100000000000,-2186.68169842395,-2186.68169842395)
PVTTABLE POINT = (27400000,19.68,340.604714546298,340.604714546298,5.97839052834458E-06,5.97839052834458E-06,-1.79553421017494,-1.79553421017494,1,3.72374109660294E-05,3.72374109660294E-05,2841.39214020693,2841.39214020693,-237673.485756596,-237673.485756596,8.72060628510816E-02,8.72060628510816E-02,100000000000,-2173.45174070337,-2173.45174070337)
PVTTABLE POINT = (27400000,21.04,338.170668721342,338.170668721342,6.02645490743427E-06,6.02645490743427E-06,-1.78388432304049,-1.78388432304049,1,3.69455729343987E-05,3.69455729343987E-05,2839.98042755313,2839.98042755313,-233810.1268931,-233810.1268931,8.66570495226843E-02,8.66570495226843E-02,100000000000,-2160.28910053069,-2160.28910053069)
PVTTABLE POINT = (27400000,22.4,335.752710629574,335.752710629574,6.07301615153276E-06,6.07301615153276E-06,-1.77187833057199,-1.77187833057199,1,3.66592060714863E-05,3.66592060714863E-05,2838.34623120748,2838.34623120748,-229948.839859314,-229948.839859314,8.61196447439039E-02,8.61196447439039E-02,100000000000,-2147.19419520641,-2147.19419520641)
PVTTABLE POINT = (27400000,23.76,333.351314055327,333.351314055327,6.11804693362467E-06,6.11804693362467E-06,-1.75953177946859,-1.75953177946859,1,3.63782141064671E-05,3.63782141064671E-05,2836.49515394045,2836.49515394045,-226089.92346954,-226089.92346954,8.55937691762063E-02,8.55937691762063E-02,100000000000,-2134.16741152139,-2134.16741152139)
PVTTABLE POINT = (27400000,25.12,330.966931337017,330.966931337017,6.161523394206E-06,6.161523394206E-06,-1.74686065037692,-1.74686065037692,1,3.61025042101753E-05,3.61025042101753E-05,2834.43319357989,2834.43319357989,-222233.668646464,-222233.668646464,8.50793387521062E-02,8.50793387521062E-02,100000000000,-2121.20910444554,-2121.20910444554)
PVTTABLE POINT = (27400000,26.48,328.599992821085,328.599992821085,6.20342516072518E-06,6.20342516072518E-06,-1.73388129290947,-1.73388129290947,1,3.58319867742669E-05,3.58319867742669E-05,2832.16671391604,2832.16671391604,-218380.357903492,-218380.357903492,0.084576264811521,0.084576264811521,100000000000,-2108.31959597528,-2108.31959597528)
PVTTABLE POINT = (27400000,27.84,326.250906404662,326.250906404662,6.24373534733169E-06,6.24373534733169E-06,-1.72061036023728,-1.72061036023728,1,3.55665751956014E-05,3.55665751956014E-05,2829.70241427654,2829.70241427654,-214530.264867598,-214530.264867598,8.40844542508299E-02,8.40844542508299E-02,100000000000,-2095.49917414186,-2095.49917414186)
PVTTABLE POINT = (27400000,29.2,323.920057167175,323.920057167175,6.28244053551013E-06,6.28244053551013E-06,-1.70706474378327,-1.70706474378327,1,3.5306185666805E-05,3.5306185666805E-05,2827.04729804906,2827.04729804906,-210683.653844289,-210683.653844289,8.36038096841661E-02,8.36038096841661E-02,100000000000,-2082.74809218174,-2082.74809218174)
PVTTABLE POINT = (27400000,30.56,321.607807090422,321.607807090422,6.31953073636141E-06,6.31953073636141E-06,-1.69326150852296,-1.69326150852296,1,3.50507369738861E-05,3.50507369738861E-05,2824.20864043082,2824.20864043082,-206840.779425947,-206840.779425947,8.31342296163252E-02,8.31342296163252E-02,100000000000,-2070.06656786865,-2070.06656786865)
PVTTABLE POINT = (27400000,31.92,319.314494865942,319.314494865942,6.354999335458E-06,6.354999335458E-06,-1.6792178293732,-1.6792178293732,1,3.48001503016704E-05,3.48001503016704E-05,2821.19395568191,2821.19395568191,-203001.886144397,-203001.886144397,8.26756086265207E-02,8.26756086265207E-02,100000000000,-2057.45478300595,-2057.45478300595)
PVTTABLE POINT = (27400000,33.28,317.040435787905,317.040435787905,6.38884302134589E-06,6.38884302134589E-06,-1.66495092911849,-1.66495092911849,1,3.45543490477191E-05,3.45543490477191E-05,2818.01096415336,2818.01096415336,-199167.208168182,-199167.208168182,8.22278375620786E-02,8.22278375620786E-02,100000000000,-2044.91288307647,-2044.91288307647)
PVTTABLE POINT = (27400000,34.64,314.785921729137,314.785921729137,6.42106169889003E-06,6.42106169889003E-06,-1.6504780182882,-1.6504780182882,1,3.43132586452862E-05,3.43132586452862E-05,2814.66755935159,2814.66755935159,-195336.969044705,-195336.969044705,8.17908037410278E-02,8.17908037410278E-02,100000000000,-2032.44097704611,-2032.44097704611)
PVTTABLE POINT = (27400000,36,312.551221197376,312.551221197376,6.4516583887609E-06,6.4516583887609E-06,-1.63581623735866,-1.63581623735866,1,3.40768063957626E-05,3.40768063957626E-05,2811.17177528813,2811.17177528813,-191511.38148698,-191511.38148698,8.13643911624333E-02,8.13643911624333E-02,100000000000,-2020.03913731659,-2020.03913731659)
PVTTABLE POINT = (27400000,37.36,310.336579468353,310.336579468353,6.48063911443886E-06,6.48063911443886E-06,-1.62098260161128,-1.62098260161128,1,3.38449213109492E-05,3.38449213109492E-05,2807.53175434865,2807.53175434865,-187690.647204467,-187690.647204467,8.09484807232138E-02,8.09484807232138E-02,100000000000,-2007.7073998213,-2007.7073998213)
PVTTABLE POINT = (27400000,38.72,308.142218791907,308.142218791907,6.50801277816797E-06,6.50801277816797E-06,-1.60599394893354,-1.60599394893354,1,3.36175339653943E-05,3.36175339653943E-05,2803.75571589784,2803.75571589784,-183874.956777125,-183874.956777125,0.080542950440114,0.080542950440114,100000000000,-1995.44576425808,-1995.44576425808)
PVTTABLE POINT = (27400000,40.08,305.968338666941,305.968338666941,6.53379102732473E-06,6.53379102732473E-06,-1.59086689080409,-1.59086689080409,1,3.33945763589351E-05,3.33945763589351E-05,2799.85192581733,2799.85192581733,-180064.489571554,-180064.489571554,8.01476756754487E-02,8.01476756754487E-02,100000000000,-1983.25419445156,-1983.25419445156)
PVTTABLE POINT = (27400000,41.44,303.815116180761,303.815116180761,6.5579881126788E-06,6.5579881126788E-06,-1.57561776665733,-1.57561776665733,1,3.31759817894818E-05,3.31759817894818E-05,2795.82866715348,2795.82866715348,-176259.413697826,-176259.413697826,7.97625293652038E-02,7.97625293652038E-02,100000000000,-1971.13261883723,-1971.13261883723)
PVTTABLE POINT = (27400000,42.8,301.682706408097,301.682706408097,6.58062074001512E-06,6.58062074001512E-06,-1.5602626017777,-1.5602626017777,1,3.29616847360014E-05,3.29616847360014E-05,2791.69421203025,2791.69421203025,-172459.886005387,-172459.886005387,7.93873822480832E-02,7.93873822480832E-02,100000000000,-1959.08093105913,-1959.08093105913)
PVTTABLE POINT = (27400000,44.16,299.571242864923,299.571242864923,6.60170791656031E-06,6.60170791656031E-06,-1.54481706882954,-1.54481706882954,1,3.2751620751569E-05,3.2751620751569E-05,2787.45679496018,2787.45679496018,-168666.052116234,-168666.052116234,7.90221030941057E-02,7.90221030941057E-02,100000000000,-1947.09899067226,-1947.09899067226)
PVTTABLE POINT = (27400000,45.52,297.480838012085,297.480838012085,6.62127079361353E-06,6.62127079361353E-06,-1.52929645308642,-1.52929645308642,1,3.25457263662866E-05,3.25457263662866E-05,2783.12458766468,2783.12458766468,-164878.046493356,-164878.046493356,7.86665589314094E-02,7.86665589314094E-02,100000000000,-1935.18662394099,-1935.18662394099)
PVTTABLE POINT = (27400000,46.88,295.411583803687,295.411583803687,6.63933250672461E-06,6.63933250672461E-06,-1.51371562138369,-1.51371562138369,1,3.23439389997981E-05,3.23439389997981E-05,2778.70567549256,2778.70567549256,-161095.992542358,-161095.992542358,7.83206152699803E-02,7.83206152699803E-02,100000000000,-1923.34362472436,-1923.34362472436)
PVTTABLE POINT = (27400000,48.24,293.363552275175,293.363552275175,6.65591801469282E-06,6.65591801469282E-06,-1.49808899478104,-1.49808899478104,1,3.21461968830759E-05,3.21461968830759E-05,2774.20803550451,2774.20803550451,-157320.002744015,-157320.002744015,7.79841363211181E-02,7.79841363211181E-02,100000000000,-1911.56975543902,-1911.56975543902)
PVTTABLE POINT = (27400000,49.6,291.336796166104,291.336796166104,6.67105393857958E-06,6.67105393857958E-06,-1.48243052488763,-1.48243052488763,1,3.19524389891002E-05,3.19524389891002E-05,2769.63951627087,2769.63951627087,-153550.178815486,-153550.178815486,7.76569852115487E-02,7.76569852115487E-02,100000000000,-1899.86474809083,-1899.86474809083)
PVTTABLE POINT = (27400000,50.96,289.331349572647,289.331349572647,6.6847684018408E-06,6.6847684018408E-06,-1.46675367377201,-1.46675367377201,1,3.17626049720145E-05,3.17626049720145E-05,2765.00781941034,2765.00781941034,-149786.611897806,-149786.611897806,7.73390241912101E-02,7.73390241912101E-02,100000000000,-1888.22830536608,-1888.22830536608)
PVTTABLE POINT = (27400000,52.32,287.347228625061,287.347228625061,6.69709087259047E-06,6.69709087259047E-06,-1.45107139735149,-1.45107139735149,1,3.15766351143063E-05,3.15766351143063E-05,2760.32048287933,2760.32048287933,-146029.382767305,-146029.382767305,7.70301148338708E-02,7.70301148338708E-02,100000000000,-1876.66010177347,-1876.66010177347)
PVTTABLE POINT = (27400000,53.68,285.384432185433,285.384432185433,6.70805200890939E-06,6.70805200890939E-06,-1.43539613213253,-1.43539613213253,1,3.13944702815354E-05,3.13944702815354E-05,2755.58486600498,2755.58486600498,-142278.562068561,-142278.562068561,7.67301182298634E-02,7.67301182298634E-02,100000000000,-1865.15978482835,-1865.15978482835)
PVTTABLE POINT = (27400000,55.04,283.442942561279,283.442942561279,6.71768350801301E-06,6.71768350801301E-06,-1.41973978515348,-1.41973978515348,1,3.12160518841163E-05,3.12160518841163E-05,2750.80813623946,2750.80813623946,-138534.210566538,-138534.210566538,7.64388951703563E-02,7.64388951703563E-02,100000000000,-1853.72697627092,-1853.72697627092)
PVTTABLE POINT = (27400000,56.4,281.522726230723,281.522726230723,6.72601795999174E-06,6.72601795999174E-06,-1.40411372696459,-1.40411372696459,1,3.10413218456475E-05,3.10413218456475E-05,2745.99725760012,2745.99725760012,-134796.379415585,-134796.379415585,7.61563063227191E-02,7.61563063227191E-02,100000000000,-1842.36127331053,-1842.36127331053)
PVTTABLE POINT = (27400000,57.76,279.623734575265,279.623734575265,6.73308870673787E-06,6.73308870673787E-06,-1.38852878746745,-1.38852878746745,1,3.08702225772784E-05,3.08702225772784E-05,2741.15898074758,2741.15898074758,-131065.110443036,-131065.110443036,7.58822123966677E-02,7.58822123966677E-02,100000000000,-1831.06224988862,-1831.06224988862)
PVTTABLE POINT = (27400000,59.12,277.74590461637,277.74590461637,6.73892970657603E-06,6.73892970657603E-06,-1.37299525442601,-1.37299525442601,1,3.07026969576011E-05,3.07026969576011E-05,2736.29983464417,2736.29983464417,-127340.436445223,-127340.436445223,7.56164743010011E-02,7.56164743010011E-02,100000000000,-1819.82945795309,-1819.82945795309)
PVTTABLE POINT = (27400000,60.48,275.88915975237,275.88915975237,6.74357540502086E-06,6.74357540502086E-06,-1.35752287445481,-1.35752287445481,1,3.05386883175659E-05,3.05386883175659E-05,2731.42611972623,2731.42611972623,-123622.381493796,-123622.381493796,7.53589532908527E-02,7.53589532908527E-02,100000000000,-1808.66242873771,-1808.66242873771)
PVTTABLE POINT = (27400000,61.84,274.053410492452,274.053410492452,6.74706061199614E-06,6.74706061199614E-06,-1.34212085628598,-1.34212085628598,1,3.03781404299235E-05,3.03781404299235E-05,2726.54390251671,2726.54390251671,-119910.961250342,-119910.961250342,7.51095111054929E-02,7.51095111054929E-02,100000000000,-1797.56067404027,-1797.56067404027)
PVTTABLE POINT = (27400000,63.2,272.238555184772,272.238555184772,6.74942038576606E-06,6.74942038576606E-06,-1.32679787611539,-1.32679787611539,1,3.0220997502716E-05,3.0220997502716E-05,2721.65901159927,2721.65901159927,-116206.183287393,-116206.183287393,7.48680100968039E-02,7.48680100968039E-02,100000000000,-1786.52368749388,-1786.52368749388)
PVTTABLE POINT = (27400000,64.56,270.444480735985,270.444480735985,6.75068992375084E-06,6.75068992375084E-06,-1.31156208482921,-1.31156208482921,1,3.00672041763538E-05,3.00672041763538E-05,2716.77703487057,2716.77703487057,-112508.04741403,-112508.04741403,7.46343133486378E-02,7.46343133486378E-02,100000000000,-1775.55094582631,-1775.55094582631)
PVTTABLE POINT = (27400000,65.92,268.671063319792,268.671063319792,6.75090446032718E-06,6.75090446032718E-06,-1.29642111691504,-1.29642111691504,1,2.99167055238359E-05,2.99167055238359E-05,2711.90331798495,2711.90331798495,-108816.546004413,-108816.546004413,7.44082847873321E-02,7.44082847873321E-02,100000000000,-1764.64191010258,-1764.64191010258)
PVTTABLE POINT = (27400000,67.28,266.918169072326,266.918169072326,6.75009917164834E-06,6.75009917164834E-06,-1.28138210086659,-1.28138210086659,1,2.97694470536936E-05,2.97694470536936E-05,2707.04296390387,2707.04296390387,-105131.664327647,-105131.664327647,7.41897892837152E-02,7.41897892837152E-02,100000000000,-1753.79602694669,-1753.79602694669)
PVTTABLE POINT = (27400000,68.64,265.185654772469,265.185654772469,6.7483090874594E-06,6.7483090874594E-06,-1.26645167089694,-1.26645167089694,1,2.96253747152626E-05,2.96253747152626E-05,2702.20083346192,2702.20083346192,-101453.380877574,-101453.380877574,7.39786927469746E-02,7.39786927469746E-02,100000000000,-1743.01272973877,-1743.01272973877)
PVTTABLE POINT = (28000000,2,376.553254941501,376.553254941501,5.07207277684283E-06,5.07207277684283E-06,-1.8809105962057,-1.8809105962057,1,4.20938475578505E-05,4.20938475578505E-05,2820.07100253278,2820.07100253278,-288563.472381876,-288563.472381876,9.62887700441196E-02,9.62887700441196E-02,100000000000,-2358.58960451876,-2358.58960451876)
PVTTABLE POINT = (28000000,3.36,373.998939894439,373.998939894439,5.13340168257031E-06,5.13340168257031E-06,-1.87535695002534,-1.87535695002534,1,4.17190423324787E-05,4.17190423324787E-05,2821.91145441194,2821.91145441194,-284726.897905284,-284726.897905284,9.55858904170222E-02,9.55858904170222E-02,100000000000,-2344.6803806469,-2344.6803806469)
PVTTABLE POINT = (28000000,4.72,371.452495614914,371.452495614914,5.19393434222693E-06,5.19393434222693E-06,-1.86933661953182,-1.86933661953182,1,4.13514100785262E-05,4.13514100785262E-05,2823.51817256432,2823.51817256432,-280887.979192534,-280887.979192534,9.48950366602004E-02,9.48950366602004E-02,100000000000,-2330.83094336427,-2330.83094336427)
PVTTABLE POINT = (28000000,6.08,368.914553804775,368.914553804775,5.25361374763141E-06,5.25361374763141E-06,-1.86285415302773,-1.86285415302773,1,4.09907855658788E-05,4.09907855658788E-05,2824.88998589965,2824.88998589965,-277047.034973585,-277047.034973585,9.42161949598128E-02,9.42161949598128E-02,100000000000,-2317.04185311142,-2317.04185311142)
PVTTABLE POINT = (28000000,7.44,366.38573935819,366.38573935819,5.31238420683004E-06,5.31238420683004E-06,-1.85591501173291,-1.85591501173291,1,4.06370097217218E-05,4.06370097217218E-05,2826.02621882094,2826.02621882094,-273204.385234918,-273204.385234918,9.35493463596668E-02,9.35493463596668E-02,100000000000,-2303.31366664987,-2303.31366664987)
PVTTABLE POINT = (28000000,8.8,363.866669128431,363.866669128431,5.3701915477484E-06,5.3701915477484E-06,-1.84852555668057,-1.84852555668057,1,4.02899294721187E-05,4.02899294721187E-05,2826.92669678619,2826.92669678619,-269360.350541592,-269360.350541592,9.28944667486894E-02,9.28944667486894E-02,100000000000,-2289.64693472286,-2289.64693472286)
PVTTABLE POINT = (28000000,10.16,361.357950715842,361.357950715842,5.42698331523383E-06,5.42698331523383E-06,-1.84069303066638,-1.84069303066638,1,3.99493975736013E-05,3.99493975736013E-05,2827.59174920698,2827.59174920698,-265515.25135353,-265515.25135353,9.22515268590851E-02,9.22515268590851E-02,100000000000,-2276.04219975218,-2276.04219975218)
PVTTABLE POINT = (28000000,11.52,358.860181283671,358.860181283671,5.482708959891E-06,5.482708959891E-06,-1.83242553535238,-1.83242553535238,1,3.96152724356211E-05,3.96152724356211E-05,2828.02220963735,2828.02220963735,-261669.407339703,-261669.407339703,0.091620492275212,0.091620492275212,100000000000,-2262.4999935825,-2262.4999935825)
PVTTABLE POINT = (28000000,12.88,356.37394640825,356.37394640825,5.53732001718785E-06,5.53732001718785E-06,-1.82373200367995,-1.82373200367995,1,3.92874179347963E-05,3.92874179347963E-05,2828.21941323524,2828.21941323524,-257823.136693918,-257823.136693918,9.10013234532459E-02,9.10013234532459E-02,100000000000,-2249.02083528529,-2249.02083528529)
PVTTABLE POINT = (28000000,14.24,353.899818969772,353.899818969772,5.59077027540436E-06,5.59077027540436E-06,-1.81462216779621,-1.81462216779621,1,3.89657032219508E-05,3.89657032219508E-05,2828.18519150709,2828.18519150709,-253976.755455902,-253976.755455902,0.090393975751726,0.090393975751726,100000000000,-2235.6052290331,-2235.6052290331)
PVTTABLE POINT = (28000000,15.6,351.438358089593,351.438358089593,5.64301593111346E-06,5.64301593111346E-06,-1.80510652274612,-1.80510652274612,1,3.86500025230009E-05,3.86500025230009E-05,2827.92186437563,2827.92186437563,-250130.576841361,-250130.576841361,8.97983994731021E-02,8.97983994731021E-02,100000000000,-2222.25366205537,-2222.25366205537)
PVTTABLE POINT = (28000000,16.96,348.990108119633,348.990108119633,5.6940157310171E-06,5.6940157310171E-06,-1.79519628622649,-1.79519628622649,1,3.83401949347881E-05,3.83401949347881E-05,2827.43222963869,2827.43222963869,-246284.91058461,-246284.91058461,0.089214539916406,0.089214539916406,100000000000,-2208.96660268548,-2208.96660268548)
PVTTABLE POINT = (28000000,18.32,346.555597688994,346.555597688994,5.74373109911098E-06,5.74373109911098E-06,-1.7849033547384,-1.7849033547384,1,3.80361642169843E-05,3.80361642169843E-05,2826.71954991442,2826.71954991442,-242440.062297266,-242440.062297266,8.86423374411742E-02,8.86423374411742E-02,100000000000,-2195.7444985089,-2195.7444985089)
PVTTABLE POINT = (28000000,19.68,344.135338812463,344.135338812463,5.79212624831452E-06,5.79212624831452E-06,-1.77424025650924,-1.77424025650924,1,3.77377985812159E-05,3.77377985812159E-05,2825.7875371941,2825.7875371941,-238596.332846329,-238596.332846329,8.80817275427269E-02,8.80817275427269E-02,100000000000,-2182.58777462068,-2182.58777462068)
PVTTABLE POINT = (28000000,21.04,341.729826064996,341.729826064996,5.83916827587602E-06,5.83916827587602E-06,-1.76322010158538,-1.76322010158538,1,3.74449904785525E-05,3.74449904785525E-05,2824.64033514741,2824.64033514741,-234754.01775482,-234754.01775482,8.75326409388783E-02,8.75326409388783E-02,100000000000,-2169.49683200021,-2169.49683200021)
PVTTABLE POINT = (28000000,22.4,339.339535825772,339.339535825772,5.88482724204328E-06,5.88482724204328E-06,-1.75185652951991,-1.75185652951991,1,3.71576363864974E-05,3.71576363864974E-05,2823.28249934685,2823.28249934685,-230913.406627929,-230913.406627929,8.69950036681044E-02,8.69950036681044E-02,100000000000,-2156.47204600992,-2156.47204600992)
PVTTABLE POINT = (28000000,23.76,336.964925594777,336.964925594777,5.92907623167399E-06,5.92907623167399E-06,-1.74016365509748,-1.74016365509748,1,3.68756365965929E-05,3.68756365965929E-05,2821.71897559658,2821.71897559658,-227074.782607347,-227074.782607347,8.64687371991296E-02,8.64687371991296E-02,100000000000,-2143.51376502367,-2143.51376502367)
PVTTABLE POINT = (28000000,25.12,334.606433384271,334.606433384271,5.97189139864486E-06,5.97189139864486E-06,-1.7281560125493,-1.7281560125493,1,3.65988950037182E-05,3.65988950037182E-05,2819.95507656722,2819.95507656722,-223238.42185627,-223238.42185627,8.59537585518191E-02,8.59537585518191E-02,100000000000,-2130.62230918948,-2130.62230918948)
PVTTABLE POINT = (28000000,26.48,332.264477186904,332.264477186904,6.01325199309999E-06,6.01325199309999E-06,-1.71584849871583,-1.71584849871583,1,3.63273188981094E-05,3.63273188981094E-05,2817.9964569508,2817.9964569508,-219404.593077193,-219404.593077193,8.54499804291693E-02,8.54499804291693E-02,100000000000,-2117.79796933012,-2117.79796933012)
PVTTABLE POINT = (28000000,27.84,329.939454521574,329.939454521574,6.05314037175559E-06,6.05314037175559E-06,-1.7032563156133,-1.7032563156133,1,3.60608187610751E-05,3.60608187610751E-05,2815.84908735982,2815.84908735982,-215573.557064384,-215573.557064384,8.49573113600926E-02,8.49573113600926E-02,100000000000,-2105.04100598402,-2105.04100598402)
PVTTABLE POINT = (28000000,29.2,327.631742057555,327.631742057555,6.09154199164535E-06,6.09154199164535E-06,-1.69039491285235,-1.69039491285235,1,3.57993080653135E-05,3.57993080653135E-05,2813.51922720062,2813.51922720062,-211745.566292575,-211745.566292575,8.44756558525797E-02,8.44756558525797E-02,100000000000,-2092.35164858791,-2092.35164858791)
PVTTABLE POINT = (28000000,30.56,325.341695316786,325.341695316786,6.12844538784757E-06,6.12844538784757E-06,-1.67727993034389,-1.67727993034389,1,3.55427030806634E-05,3.55427030806634E-05,2811.01339675431,2811.01339675431,-207920.864543107,-207920.864543107,8.40049145567165E-02,8.40049145567165E-02,100000000000,-2079.73009480141,-2079.73009480141)
PVTTABLE POINT = (28000000,31.92,323.069648453643,323.069648453643,6.16384213587861E-06,6.16384213587861E-06,-1.66392714170833,-1.66392714170833,1,3.5290922686041E-05,3.5290922686041E-05,2808.33834869829,2808.33834869829,-204099.686568463,-204099.686568463,8.35449844369147E-02,8.35449844369147E-02,100000000000,-2067.17650997276,-2067.17650997276)
PVTTABLE POINT = (28000000,33.28,320.81591411098,320.81591411098,6.19772679956536E-06,6.19772679956536E-06,-1.6503523987816,-1.6503523987816,1,3.50438881882293E-05,3.50438881882293E-05,2805.50103929841,2805.50103929841,-200282.257795764,-200282.257795764,8.30957589526075E-02,8.30957589526075E-02,100000000000,-2054.69102674394,-2054.69102674394)
PVTTABLE POINT = (28000000,34.64,318.58078335068,318.58078335068,6.23009686532173E-06,6.23009686532173E-06,-1.6365715775834,-1.6365715775834,1,3.48015231480975E-05,3.48015231480975E-05,2802.50859949525,2802.50859949525,-196468.794069558,-196468.794069558,8.26571282465564E-02,8.26571282465564E-02,100000000000,-2042.27374479236,-2042.27374479236)
PVTTABLE POINT = (28000000,36,316.364525656505,316.364525656505,6.2609526638485E-06,6.2609526638485E-06,-1.62260052608287,-1.62260052608287,1,3.45637532147404E-05,3.45637532147404E-05,2799.36830609986,2799.36830609986,-192659.501433871,-192659.501433871,8.22289793398233E-02,8.22289793398233E-02,100000000000,-2029.92473070575,-2029.92473070575)
PVTTABLE POINT = (28000000,37.36,314.167389006595,314.167389006595,6.29029728035268E-06,6.29029728035268E-06,-1.60845501406301,-1.60845501406301,1,3.43305059679329E-05,3.43305059679329E-05,2796.08755330287,2796.08755330287,-188854.575953244,-188854.575953244,8.18111963323769E-02,8.18111963323769E-02,100000000000,-2017.64401798535,-2017.64401798535)
PVTTABLE POINT = (28000000,38.72,311.989600012563,311.989600012563,6.3181364544407E-06,6.3181364544407E-06,-1.59415068534996,-1.59415068534996,1,3.4101710769208E-05,3.4101710769208E-05,2792.67382468802,2792.67382468802,-185054.203572195,-185054.203572195,8.14036606082371E-02,8.14036606082371E-02,100000000000,-2005.43160717271,-2005.43160717271)
PVTTABLE POINT = (28000000,40.08,309.831364121825,309.831364121825,6.34447847088054E-06,6.34447847088054E-06,-1.57970301263604,-1.57970301263604,1,3.38772986217789E-05,3.38772986217789E-05,2789.13466592636,2789.13466592636,-181258.560012296,-181258.560012296,8.10062510440133E-02,8.10062510440133E-02,100000000000,-1993.28746609402,-1993.28746609402)
PVTTABLE POINT = (28000000,41.44,307.692865879489,307.692865879489,6.36933404245058E-06,6.36933404245058E-06,-1.56512725508839,-1.56512725508839,1,3.36572020394394E-05,3.36572020394394E-05,2785.47765831143,2785.47765831143,-177467.81070584,-177467.81070584,8.06188442196563E-02,8.06188442196563E-02,100000000000,-1981.21153021567,-1981.21153021567)
PVTTABLE POINT = (28000000,42.8,305.574269245924,305.574269245924,6.39271618609943E-06,6.39271618609943E-06,-1.55043841889711,-1.55043841889711,1,3.34413549244982E-05,3.34413549244982E-05,2781.71039327847,2781.71039327847,-173682.110764834,-173682.110764834,8.02413146302378E-02,8.02413146302378E-02,100000000000,-1969.2037031043,-1969.2037031043)
PVTTABLE POINT = (28000000,44.16,303.475717965903,303.475717965903,6.41464009363198E-06,6.41464009363198E-06,-1.53565122088018,-1.53565122088018,1,3.32296924547266E-05,3.32296924547266E-05,2777.84044803322,2777.84044803322,-169901.604983918,-169901.604983918,0.079873534897573,0.079873534897573,100000000000,-1957.26385698397,-1957.26385698397)
PVTTABLE POINT = (28000000,45.52,301.397335985124,301.397335985124,6.43512299811292E-06,6.43512299811292E-06,-1.5207800552263,-1.5207800552263,1,3.30221509792296E-05,3.30221509792296E-05,2773.87536239767,2773.87536239767,-166126.427875597,-166126.427875597,7.95153759805346E-02,7.95153759805346E-02,100000000000,-1945.3918333832,-1945.3918333832)
PVTTABLE POINT = (28000000,46.88,299.3392279098,299.3392279098,6.45418403714345E-06,6.45418403714345E-06,-1.50583896342273,-1.50583896342273,1,3.2818667923087E-05,3.2818667923087E-05,2769.82261696207,2769.82261696207,-162356.703736099,-162356.703736099,7.91667073829443E-02,7.91667073829443E-02,100000000000,-1933.58744386398,-1933.58744386398)
PVTTABLE POINT = (28000000,48.24,297.301479504968,297.301479504968,6.4718441141187E-06,6.4718441141187E-06,-1.49084160738268,-1.49084160738268,1,3.26191817005532E-05,3.26191817005532E-05,2765.68961261472,2765.68961261472,-158592.546740005,-158592.546740005,7.88273973579955E-02,7.88273973579955E-02,100000000000,-1921.85047082518,-1921.85047082518)
PVTTABLE POINT = (28000000,49.6,295.284158227175,295.284158227175,6.48812575851697E-06,6.48812575851697E-06,-1.47580124575692,-1.47580124575692,1,3.24236316365551E-05,3.24236316365551E-05,2761.48365150367,2761.48365150367,-154834.061061759,-154834.061061759,7.84973131082336E-02,7.84973131082336E-02,100000000000,-1910.18066837235,-1910.18066837235)
PVTTABLE POINT = (28000000,50.96,293.28731378724,293.28731378724,6.50305298620619E-06,6.50305298620619E-06,-1.46073071338653,-1.46073071338653,1,3.22319578961827E-05,3.22319578961827E-05,2757.21191946779,2757.21191946779,-151081.341022065,-151081.341022065,7.81763209802041E-02,7.81763209802041E-02,100000000000,-1898.5777632462,-1898.5777632462)
PVTTABLE POINT = (28000000,52.32,291.310978738863,291.310978738863,6.51665116068253E-06,6.51665116068253E-06,-1.44564240382914,-1.44564240382914,1,3.20441014218322E-05,3.20441014218322E-05,2752.88146995899,2752.88146995899,-147334.471257171,-147334.471257171,7.78642866529869E-02,7.78642866529869E-02,100000000000,-1887.04145580222,-1887.04145580222)
PVTTABLE POINT = (28000000,53.68,289.355169088953,289.355169088953,6.5289468560796E-06,6.5289468560796E-06,-1.43054825486873,-1.43054825486873,1,3.18600038776278E-05,3.18600038776278E-05,2748.49920946261,2748.49920946261,-143593.526909003,-143593.526909003,7.75610753199295E-02,7.75610753199295E-02,100000000000,-1875.57142103365,-1875.57142103365)
PVTTABLE POINT = (28000000,55.04,287.419884925702,287.419884925702,6.53996772270768E-06,6.53996772270768E-06,-1.41545973690031,-1.41545973690031,1,3.16796076007289E-05,3.16796076007289E-05,2744.07188440949,2744.07188440949,-139858.573834101,-139858.573834101,7.72665518630039E-02,7.72665518630039E-02,100000000000,-1864.16730963071,-1864.16730963071)
PVTTABLE POINT = (28000000,56.4,285.505111060562,285.505111060562,6.54974235580198E-06,6.54974235580198E-06,-1.40038784406415,-1.40038784406415,1,3.1502855559108E-05,3.1502855559108E-05,2739.60606956081,2739.60606956081,-136129.668829366,-136129.668829366,7.69805810193273E-02,7.69805810193273E-02,100000000000,-1852.82874906904,-1852.82874906904)
PVTTABLE POINT = (28000000,57.76,283.610817680495,283.610817680495,6.55830016807742E-06,6.55830016807742E-06,-1.38534308799132,-1.38534308799132,1,3.13296913153748E-05,3.13296913153748E-05,2735.10815783593,2735.10815783593,-132406.859872597,-132406.859872597,7.67030275394898E-02,7.67030275394898E-02,100000000000,-1841.55534472051,-1841.55534472051)
PVTTABLE POINT = (28000000,59.12,281.736961007035,281.736961007035,6.56567126660688E-06,6.56567126660688E-06,-1.37033549401101,-1.37033549401101,1,3.11600589962149E-05,3.11600589962149E-05,2730.58435154358,2730.58435154358,-128690.186375928,-128690.186375928,7.64337563374463E-02,7.64337563374463E-02,100000000000,-1830.34668098016,-1830.34668098016)
PVTTABLE POINT = (28000000,60.48,279.883483958921,279.883483958921,6.57188633446182E-06,6.57188633446182E-06,-1.35537459966284,-1.35537459966284,1,3.09939032670089E-05,3.09939032670089E-05,2726.04065496847,2726.04065496847,-124979.67945024,-124979.67945024,7.61726326318239E-02,7.61726326318239E-02,100000000000,-1819.20232240305,-1819.20232240305)
PVTTABLE POINT = (28000000,61.84,278.050316815278,278.050316815278,6.57697651747735E-06,6.57697651747735E-06,-1.34046945535083,-1.34046945535083,1,3.08311693112019E-05,3.08311693112019E-05,2721.4828682583,2721.4828682583,-121275.362178781,-121275.362178781,7.59195220786019E-02,7.59195220786019E-02,100000000000,-1808.1218148456,-1808.1218148456)
PVTTABLE POINT = (28000000,63.2,276.237377876552,276.237377876552,6.58097331643183E-06,6.58097331643183E-06,-1.32562862697318,-1.32562862697318,1,3.06718028139983E-05,3.06718028139983E-05,2716.91658255016,2716.91658255016,-117577.249898241,-117577.249898241,7.56742908951969E-02,7.56742908951969E-02,100000000000,-1797.10468660596,-1797.10468660596)
PVTTABLE POINT = (28000000,64.56,274.444574120613,274.444574120613,6.58390848486247E-06,6.58390848486247E-06,-1.31086020036007,-1.31086020036007,1,3.05157499499666E-05,3.05157499499666E-05,2712.34717627099,2712.34717627099,-113885.350485648,-113885.350485648,7.54368059760747E-02,7.54368059760747E-02,100000000000,-1786.1504495587,-1786.1504495587)
PVTTABLE POINT = (28000000,65.92,272.671801851688,272.671801851688,6.58581393267391E-06,6.58581393267391E-06,-1.29617178735273,-1.29617178735273,1,3.03629573741543E-05,3.03629573741543E-05,2707.77981254278,2707.77981254278,-110199.664649548,-110199.664649548,7.52069350000704E-02,7.52069350000704E-02,100000000000,-1775.25860027927,-1775.25860027927)
PVTTABLE POINT = (28000000,67.28,270.918947340011,270.918947340011,6.58672163563789E-06,6.58672163563789E-06,-1.28157053335878,-1.28157053335878,1,3.02133722163232E-05,3.02133722163232E-05,2703.21943762131,2703.21943762131,-106520.186223985,-106520.186223985,7.49845465296615E-02,7.49845465296615E-02,100000000000,-1764.42862115432,-1764.42862115432)
PVTTABLE POINT = (28000000,68.64,269.185887450278,269.185887450278,6.58666355082753E-06,6.58666355082753E-06,-1.26706312622289,-1.26706312622289,1,3.00669420779386E-05,3.00669420779386E-05,2698.67078029514,2698.67078029514,-102846.902463958,-102846.902463958,7.47695101024834E-02,7.47695101024834E-02,100000000000,-1753.65998147412,-1753.65998147412)
PVTTABLE POINT = (28600000,2,379.549971374334,379.549971374334,4.91847407266887E-06,4.91847407266887E-06,-1.85419255735576,-1.85419255735576,1,4.25999287140862E-05,4.25999287140862E-05,2803.14290034521,2803.14290034521,-289133.505799621,-289133.505799621,9.71361452407626E-02,9.71361452407626E-02,100000000000,-2366.42930785201,-2366.42930785201)
PVTTABLE POINT = (28600000,3.36,377.031775953284,377.031775953284,4.97756508243743E-06,4.97756508243743E-06,-1.84896199403191,-1.84896199403191,1,4.22239069093172E-05,4.22239069093172E-05,2805.04311625198,2805.04311625198,-285319.914583936,-285319.914583936,9.64350686411788E-02,9.64350686411788E-02,100000000000,-2352.60340827723,-2352.60340827723)
PVTTABLE POINT = (28600000,4.72,374.520995268244,374.520995268244,5.03593076963491E-06,5.03593076963491E-06,-1.84328914011666,-1.84328914011666,1,4.18550959499874E-05,4.18550959499874E-05,2806.72445026876,2806.72445026876,-281503.887756494,-281503.887756494,9.57458795616502E-02,9.57458795616502E-02,100000000000,-2338.83655684805,-2338.83655684805)
PVTTABLE POINT = (28600000,6.08,372.018228171939,372.018228171939,5.09351856857584E-06,5.09351856857584E-06,-1.83717804959607,-1.83717804959607,1,4.14933271262958E-05,4.14933271262958E-05,2808.18573051473,2808.18573051473,-277685.72384365,-277685.72384365,9.50685620635052E-02,9.50685620635052E-02,100000000000,-2325.12924868411,-2325.12924868411)
PVTTABLE POINT = (28600000,7.44,369.524067440047,369.524067440047,5.15027703875221E-06,5.15027703875221E-06,-1.83063360387625,-1.83063360387625,1,4.11384377933466E-05,4.11384377933466E-05,2809.42623058475,2809.42623058475,-273865.722663323,-273865.722663323,9.44030952509889E-02,9.44030952509889E-02,100000000000,-2311.48197630319,-2311.48197630319)
PVTTABLE POINT = (28600000,8.8,367.039098652777,367.039098652777,5.20615604444648E-06,5.20615604444648E-06,-1.82366150096031,-1.82366150096031,1,4.07902712297895E-05,4.07902712297895E-05,2810.44567484189,2810.44567484189,-270044.184715289,-270044.184715289,9.37494532676055E-02,9.37494532676055E-02,100000000000,-2297.89522750384,-2297.89522750384)
PVTTABLE POINT = (28600000,10.16,364.563899094089,364.563899094089,5.26110692905719E-06,5.26110692905719E-06,-1.81626824033773,-1.81626824033773,1,4.04486764870399E-05,4.04486764870399E-05,2811.24424142673,2811.24424142673,-266221.410565836,-266221.410565836,9.31076053029452E-02,9.31076053029452E-02,100000000000,-2284.36948327901,-2284.36948327901)
PVTTABLE POINT = (28600000,11.52,362.099036674341,362.099036674341,5.31508268278764E-06,5.31508268278764E-06,-1.80846110366404,-1.80846110366404,1,4.01135082297835E-05,4.01135082297835E-05,2811.82256293996,2811.82256293996,-262397.700229888,-262397.700229888,9.24775156099028E-02,9.24775156099028E-02,100000000000,-2270.90521577066,-2270.90521577066)
PVTTABLE POINT = (28600000,12.88,359.645068882005,359.645068882005,5.36803810240456E-06,5.36803810240456E-06,-1.80024813135211,-1.80024813135211,1,3.97846265685366E-05,3.97846265685366E-05,2812.18172477836,2812.18172477836,-258573.352553811,-258573.352553811,0.091859143532226,0.091859143532226,100000000000,-2257.50288627559,-2257.50288627559)
PVTTABLE POINT = (28600000,14.24,357.20254176991,357.20254176991,5.41992994184677E-06,5.41992994184677E-06,-1.79163809523819,-1.79163809523819,1,3.94618968851011E-05,3.94618968851011E-05,2812.32326112753,2812.32326112753,-254748.664602069,-254748.664602069,9.12524435423434E-02,9.12524435423434E-02,100000000000,-2244.16294331188,-2244.16294331188)
PVTTABLE POINT = (28600000,15.6,354.771988981215,354.771988981215,5.47071705255415E-06,5.47071705255415E-06,-1.78264046752584,-1.78264046752584,1,3.91451896518029E-05,3.91451896518029E-05,2812.24914863887,2812.24914863887,-250923.931050911,-250923.931050911,9.06573652894468E-02,9.06573652894468E-02,100000000000,-2230.88582075549,-2230.88582075549)
PVTTABLE POINT = (28600000,16.96,352.353930820019,352.353930820019,5.52036051249242E-06,5.52036051249242E-06,-1.7732653862483,-1.7732653862483,1,3.88343802454508E-05,3.88343802454508E-05,2811.96179784147,2811.96179784147,-247099.443592203,-247099.443592203,9.00738536578048E-02,9.00738536578048E-02,100000000000,-2217.6719360556,-2217.6719360556)
PVTTABLE POINT = (28600000,18.32,349.948873371144,349.948873371144,5.56882374296729E-06,5.56882374296729E-06,-1.76352361752377,-1.76352361752377,1,3.85293487569825E-05,3.85293487569825E-05,2811.46404236247,2811.46404236247,-243275.49035044,-243275.49035044,8.95018488352927E-02,8.95018488352927E-02,100000000000,-2204.52168853708,-2204.52168853708)
PVTTABLE POINT = (28600000,19.68,347.557307673279,347.557307673279,5.61607261245126E-06,5.61607261245126E-06,-1.75342651490834,-1.75342651490834,1,3.82299797977884E-05,3.82299797977884E-05,2810.75912605096,2810.75912605096,-239452.355315865,-239452.355315865,8.89412863921106E-02,8.89412863921106E-02,100000000000,-2191.43545779748,-2191.43545779748)
PVTTABLE POINT = (28600000,21.04,345.179708949173,345.179708949173,5.66207552678533E-06,5.66207552678533E-06,-1.74298597617739,-1.74298597617739,1,3.79361623037137E-05,3.79361623037137E-05,2809.85068812077,2809.85068812077,-235630.317796441,-235630.317796441,8.83920973696456E-02,8.83920973696456E-02,100000000000,-2178.41360220556,-2178.41360220556)
PVTTABLE POINT = (28600000,22.4,342.816535896169,342.816535896169,5.70680350526271E-06,5.70680350526271E-06,-1.73221439788726,-1.73221439788726,1,3.76477893377391E-05,3.76477893377391E-05,2808.74274644591,2808.74274644591,-231809.651891321,-231809.651891321,8.78542083794034E-02,8.78542083794034E-02,100000000000,-2165.45645750721,-2165.45645750721)
PVTTABLE POINT = (28600000,23.76,340.468230039826,340.468230039826,5.75023024225103E-06,5.75023024225103E-06,-1.72112462808548,-1.72112462808548,1,3.73647578923286E-05,3.73647578923286E-05,2807.43967915865,2807.43967915865,-227990.625988197,-227990.625988197,8.73275417118894E-02,8.73275417118894E-02,100000000000,-2152.56433554404,-2152.56433554404)
PVTTABLE POINT = (28600000,25.12,338.135215152909,338.135215152909,5.7923321541604E-06,5.7923321541604E-06,-1.70972991754925,-1.70972991754925,1,3.70869686924102E-05,3.70869686924102E-05,2805.94620471459,2805.94620471459,-224173.502286743,-224173.502286743,8.68120154552722E-02,8.68120154552722E-02,100000000000,-2139.73752308891,-2139.73752308891)
PVTTABLE POINT = (28600000,26.48,335.817896741469,335.817896741469,5.83308841171467E-06,5.83308841171467E-06,-1.69804386993733,-1.69804386993733,1,3.6814325999924E-05,3.6814325999924E-05,2804.2673606006,2804.2673606006,-220358.536350107,-220358.536350107,8.63075436235932E-02,8.63075436235932E-02,100000000000,-2126.9762808018,-2126.9762808018)
PVTTABLE POINT = (28600000,27.84,333.516661599237,333.516661599237,5.8724809576294E-06,5.8724809576294E-06,-1.6860803912422,-1.6860803912422,1,3.65467374208298E-05,3.65467374208298E-05,2802.40848087055,2802.40848087055,-216545.976686185,-216545.976686185,8.58140362942202E-02,8.58140362942202E-02,100000000000,-2114.28084230847,-2114.28084230847)
PVTTABLE POINT = (28600000,29.2,331.23187743103,331.23187743103,5.91049450994104E-06,5.91049450994104E-06,-1.6738536389245,-1.6738536389245,1,3.62841137154159E-05,3.62841137154159E-05,2800.37517270038,2800.37517270038,-212736.064360128,-212736.064360128,8.53313997541591E-02,8.53313997541591E-02,100000000000,-2101.65141340341,-2101.65141340341)
PVTTABLE POINT = (28600000,30.56,328.963892545327,328.963892545327,5.94711655136476E-06,5.94711655136476E-06,-1.66137797110362,-1.66137797110362,1,3.60263686126958E-05,3.60263686126958E-05,2798.17329215766,2798.17329215766,-208929.032639301,-208929.032639301,8.48595366547609E-02,8.48595366547609E-02,100000000000,-2089.08817137782,-2089.08817137782)
PVTTABLE POINT = (28600000,31.92,326.713035615707,326.713035615707,5.98233730518185E-06,5.98233730518185E-06,-1.64866789616462,-1.64866789616462,1,3.57734186296122E-05,3.57734186296122E-05,2795.80891938224,2795.80891938224,-205125.10667161,-205125.10667161,8.43983461742717E-02,8.43983461742717E-02,100000000000,-2076.59126447215,-2076.59126447215)
PVTTABLE POINT = (28600000,33.28,324.479615510349,324.479615510349,6.01614969826981E-06,6.01614969826981E-06,-1.63573802312477,-1.63573802312477,1,3.55251828957045E-05,3.55251828957045E-05,2793.28833337294,2793.28833337294,-201324.503197869,-201324.503197869,8.39477241875932E-02,8.39477241875932E-02,100000000000,-2064.16081145222,-2064.16081145222)
PVTTABLE POINT = (28600000,34.64,322.26392118832,322.26392118832,6.04854931198801E-06,6.04854931198801E-06,-1.62260301308189,-1.62260301308189,1,3.52815829838184E-05,3.52815829838184E-05,2790.61798657179,2790.61798657179,-197527.43029863,-197527.43029863,8.35075634425354E-02,8.35075634425354E-02,100000000000,-2051.79690130688,-2051.79690130688)
PVTTABLE POINT = (28600000,36,320.066221661001,320.066221661001,6.07953432171829E-06,6.07953432171829E-06,-1.60927753204321,-1.60927753204321,1,3.50425427473642E-05,3.50425427473642E-05,2787.80447943122,2787.80447943122,-193734.087175601,-193734.087175601,8.30777537417781E-02,8.30777537417781E-02,100000000000,-2039.49959306455,-2039.49959306455)
PVTTABLE POINT = (28600000,37.36,317.886766016557,317.886766016557,6.10910542593209E-06,6.10910542593209E-06,-1.59577620540664,-1.59577620540664,1,3.4807988164555E-05,3.4807988164555E-05,2784.85453514179,2784.85453514179,-189944.663967562,-189944.663967562,8.26581821296773E-02,8.26581821296773E-02,100000000000,-2027.26891572502,-2027.26891572502)
PVTTABLE POINT = (28600000,38.72,315.725783505066,315.725783505066,6.13726576571377E-06,6.13726576571377E-06,-1.58211357433848,-1.58211357433848,1,3.45778471899759E-05,3.45778471899759E-05,2781.77497468808,2781.77497468808,-186159.341600451,-186159.341600451,8.22487330830096E-02,8.22487330830096E-02,100000000000,-2015.10486830263,-2015.10486830263)
PVTTABLE POINT = (28600000,40.08,313.583483681544,313.583483681544,6.16402083571298E-06,6.16402083571298E-06,-1.56830405426138,-1.56830405426138,1,3.43520496137617E-05,3.43520496137617E-05,2778.57269238956,2778.57269238956,-182378.29167106,-182378.29167106,8.18492887046967E-02,8.18492887046967E-02,100000000000,-2003.00741997604,-2003.00741997604)
PVTTABLE POINT = (28600000,41.44,311.460056603897,311.460056603897,6.18937838752816E-06,6.18937838752816E-06,-1.55436189563599,-1.55436189563599,1,3.4130526928587E-05,3.4130526928587E-05,2775.25463207015,2775.25463207015,-178601.676363585,-178601.676363585,8.14597289195228E-02,8.14597289195228E-02,100000000000,-1990.97651033936,-1990.97651033936)
PVTTABLE POINT = (28600000,42.8,309.355673082563,309.355673082563,6.21334832653899E-06,6.21334832653899E-06,-1.54030114718864,-1.54030114718864,1,3.39132122045986E-05,3.39132122045986E-05,2771.82776398739,2771.82776398739,-174829.648398077,-174829.648398077,8.10799316708435E-02,8.10799316708435E-02,100000000000,-1979.01204974913,-1979.01204974913)
PVTTABLE POINT = (28600000,44.16,307.27048497842,307.27048497842,6.23594260320755E-06,6.23594260320755E-06,-1.52613562170657,-1.52613562170657,1,3.3700039972353E-05,3.3700039972353E-05,2768.29906263729,2768.29906263729,-171062.351009695,-171062.351009695,8.07097731172817E-02,8.07097731172817E-02,100000000000,-1967.11391976107,-1967.11391976107)
PVTTABLE POINT = (28600000,45.52,305.204625545424,305.204625545424,6.25717509985831E-06,6.25717509985831E-06,-1.51187886449173,-1.51187886449173,1,3.3490946113759E-05,3.3490946113759E-05,2764.67548553679,2764.67548553679,-167299.917957481,-167299.917957481,8.03491278284258E-02,8.03491278284258E-02,100000000000,-1955.28197365038,-1955.28197365038)
PVTTABLE POINT = (28600000,46.88,303.158209814302,303.158209814302,6.27706151392632E-06,6.27706151392632E-06,-1.49754412453521,-1.49754412453521,1,3.32858677609626E-05,3.32858677609626E-05,2760.96395307047,2760.96395307047,-163542.473561284,-163542.473561284,7.99978689785642E-02,7.99978689785642E-02,100000000000,-1943.51603700904,-1943.51603700904)
PVTTABLE POINT = (28600000,48.24,301.131335013573,301.131335013573,6.2956192386315E-06,6.2956192386315E-06,-1.48314432844596,-1.48314432844596,1,3.30847432030592E-05,3.30847432030592E-05,2757.17132947369,2757.17132947369,-159790.132765322,-159790.132765322,0.079655868537545,0.079655868537545,100000000000,-1931.81590841361,-1931.81590841361)
PVTTABLE POINT = (28600000,49.6,299.124081024154,299.124081024154,6.31286724199785E-06,6.31286724199785E-06,-1.46869205714159,-1.46869205714159,1,3.28875118004684E-05,3.28875118004684E-05,2753.30440500954,2753.30440500954,-156043.001226804,-156043.001226804,7.93229974578959E-02,7.93229974578959E-02,100000000000,-1920.18136015662,-1920.18136015662)
PVTTABLE POINT = (28600000,50.96,297.136510863789,297.136510863789,6.32882594508876E-06,6.32882594508876E-06,-1.45419952528412,-1.45419952528412,1,3.26941139067612E-05,3.26941139067612E-05,2749.36987938267,2749.36987938267,-152301.175427954,-152301.175427954,7.89991258574062E-02,7.89991258574062E-02,100000000000,-1908.61213903505,-1908.61213903505)
PVTTABLE POINT = (28600000,52.32,295.168671197611,295.168671197611,6.34351710027645E-06,6.34351710027645E-06,-1.43967856342159,-1.43967856342159,1,3.25044907976932E-05,3.25044907976932E-05,2745.37434641994,2745.37434641994,-148564.742809728,-148564.742809728,7.86841231964553E-02,7.86841231964553E-02,100000000000,-1897.10796718903,-1897.10796718903)
PVTTABLE POINT = (28600000,53.68,293.220592871168,293.220592871168,6.35696367030546E-06,6.35696367030546E-06,-1.42514060277587,-1.42514060277587,1,3.23185846071628E-05,3.23185846071628E-05,2741.32428003452,2741.32428003452,-144833.781925503,-144833.781925503,7.83778584494447E-02,7.83778584494447E-02,100000000000,-1885.66854298431,-1885.66854298431)
PVTTABLE POINT = (28600000,55.04,291.292291462398,291.292291462398,6.3691897088478E-06,6.3691897088478E-06,-1.41059666259957,-1.41059666259957,1,3.21363382697879E-05,3.21363382697879E-05,2737.22602147831,2737.22602147831,-141108.362612971,-141108.362612971,7.80802002697822E-02,7.80802002697822E-02,100000000000,-1874.29354193201,-1874.29354193201)
PVTTABLE POINT = (28600000,56.4,289.383767849091,289.383767849091,6.38022024318361E-06,6.38022024318361E-06,-1.3960573400088,-1.3960573400088,1,3.19576954697699E-05,3.19576954697699E-05,2733.08576787656,2733.08576787656,-137388.546182502,-137388.546182502,7.77910171479609E-02,7.77910171479609E-02,100000000000,-1862.9826176394,-1862.9826176394)
PVTTABLE POINT = (28600000,57.76,287.495008788561,287.495008788561,6.39008115957489E-06,6.39008115957489E-06,-1.381532802186,-1.381532802186,1,3.17826005957013E-05,3.17826005957013E-05,2728.90956202823,2728.90956202823,-133674.385620229,-133674.385620229,7.75101775623603E-02,7.75101775623603E-02,100000000000,-1851.73540278571,-1851.73540278571)
PVTTABLE POINT = (28600000,59.12,285.625987506375,285.625987506375,6.39879909183429E-06,6.39879909183429E-06,-1.36703278083535,-1.36703278083535,1,3.16109987009556E-05,3.16109987009556E-05,2724.70328344704,2724.70328344704,-129965.925804171,-129965.925804171,7.72375501224946E-02,7.72375501224946E-02,100000000000,-1840.55151011723,-1840.55151011723)
PVTTABLE POINT = (28600000,60.48,283.776664291158,283.776664291158,6.40640131352509E-06,6.40640131352509E-06,-1.3525665687652,-1.3525665687652,1,3.14428354692961E-05,3.14428354692961E-05,2720.47264060965,2720.47264060965,-126263.203731697,-126263.203731697,7.69730037045152E-02,7.69730037045152E-02,100000000000,-1829.43053345622,-1829.43053345622)
PVTTABLE POINT = (28600000,61.84,281.946987092681,281.946987092681,6.41291563416452E-06,6.41291563416452E-06,-1.3381430184647,-1.3381430184647,1,3.1278057185332E-05,3.1278057185332E-05,2716.22316437109,2716.22316437109,-122566.248756752,-122566.248756752,7.67164075788649E-02,7.67164075788649E-02,100000000000,-1818.37204871836,-1818.37204871836)
PVTTABLE POINT = (28600000,63.2,280.136892120601,280.136892120601,6.41837029974057E-06,6.41837029974057E-06,-1.32377054253758,-1.32377054253758,1,3.11166107094538E-05,3.11166107094538E-05,2711.96020250119,2711.96020250119,-118875.082835259,-118875.082835259,7.64676315300545E-02,7.64676315300545E-02,100000000000,-1807.37561493408,-1807.37561493408)
PVTTABLE POINT = (28600000,64.56,278.346304441428,278.346304441428,6.42279389779287E-06,6.42279389779287E-06,-1.30945711585282,-1.30945711585282,1,3.09584434568819E-05,3.09584434568819E-05,2707.68891529135,2707.68891529135,-115189.720777217,-115189.720777217,7.62265459686088E-02,7.62265459686088E-02,100000000000,-1796.44077526914,-1796.44077526914)
PVTTABLE POINT = (28600000,65.92,276.575138571485,276.575138571485,6.426215267252E-06,6.426215267252E-06,-1.29521027927102,-1.29521027927102,1,3.08035033804696E-05,3.08035033804696E-05,2703.41427217663,2703.41427217663,-111510.170504088,-111510.170504088,0.075993022035292,0.075993022035292,100000000000,-1785.56705804019,-1785.56705804019)
PVTTABLE POINT = (28600000,67.28,274.8232990638,274.8232990638,6.42866341317887E-06,6.42866341317887E-06,-1.28103714480541,-1.28103714480541,1,3.06517389569099E-05,3.06517389569099E-05,2699.1410493157,2699.1410493157,-107836.433310104,-107836.433310104,7.57669316977808E-02,7.57669316977808E-02,100000000000,-1774.75397772177,-1774.75397772177)
PVTTABLE POINT = (28600000,68.64,273.09068108709,273.09068108709,6.4301674264966E-06,6.4301674264966E-06,-1.26694440207813,-1.26694440207813,1,3.05030991760081E-05,3.05030991760081E-05,2694.8738280686,2694.8738280686,-104168.504126262,-104168.504126262,7.55481478399997E-02,7.55481478399997E-02,100000000000,-1764.00103594093,-1764.00103594093)
PVTTABLE POINT = (29200000,2,382.457139969166,382.457139969166,4.77345874980663E-06,4.77345874980663E-06,-1.82844850289576,-1.82844850289576,1,4.30993803210448E-05,4.30993803210448E-05,2786.97126956438,2786.97126956438,-289652.712399855,-289652.712399855,9.79694440082126E-02,9.79694440082126E-02,100000000000,-2374.03960306114,-2374.03960306114)
PVTTABLE POINT = (29200000,3.36,379.973758711007,379.973758711007,4.83043476207119E-06,4.83043476207119E-06,-1.82351253071674,-1.82351253071674,1,4.27220341899457E-05,4.27220341899457E-05,2788.9225979817,2788.9225979817,-285861.081380518,-285861.081380518,9.72700403015356E-02,9.72700403015356E-02,100000000000,-2360.29331871819,-2360.29331871819)
PVTTABLE POINT = (29200000,4.72,377.497376203718,377.497376203718,4.88674822017795E-06,4.88674822017795E-06,-1.81815676445326,-1.81815676445326,1,4.23519396592034E-05,4.23519396592034E-05,2790.66860782733,2790.66860782733,-282066.936017069,-282066.936017069,9.65823921413393E-02,9.65823921413393E-02,100000000000,-2346.60540788518,-2346.60540788518)
PVTTABLE POINT = (29200000,6.08,375.028560983436,375.028560983436,4.94235056629344E-06,4.94235056629344E-06,-1.81238483560589,-1.81238483560589,1,4.19889249121882E-05,4.19889249121882E-05,2792.2081383806,2792.2081383806,-278270.55637725,-278270.55637725,9.59064817606853E-02,9.59064817606853E-02,100000000000,-2332.97630600233,-2332.97630600233)
PVTTABLE POINT = (29200000,7.44,372.567876135287,372.567876135287,4.99719420902698E-06,4.99719420902698E-06,-1.80620112768048,-1.80620112768048,1,4.16328241005738E-05,4.16328241005738E-05,2793.54043080219,2793.54043080219,-274472.223834779,-274472.223834779,9.52422866098521E-02,9.52422866098521E-02,100000000000,-2319.40644682933,-2319.40644682933)
PVTTABLE POINT = (29200000,8.8,370.115878276354,370.115878276354,5.05123268229878E-06,5.05123268229878E-06,-1.79961076718143,-1.79961076718143,1,4.12834772176508E-05,4.12834772176508E-05,2794.66513311776,2794.66513311776,-270672.22051918,-270672.22051918,9.45897793594741E-02,9.45897793594741E-02,100000000000,-2305.89626052179,-2305.89626052179)
PVTTABLE POINT = (29200000,10.16,367.673116553446,367.673116553446,5.1044207999522E-06,5.1044207999522E-06,-1.79261961087414,-1.79261961087414,1,4.09407299627954E-05,4.09407299627954E-05,2795.58230323461,2795.58230323461,-266870.828760175,-266870.828760175,9.39489279139583E-02,9.39489279139583E-02,100000000000,-2292.44617173477,-2292.44617173477)
PVTTABLE POINT = (29200000,11.52,365.240131660687,365.240131660687,5.15671480496651E-06,5.15671480496651E-06,-1.78523422937679,-1.78523422937679,1,4.06044335976731E-05,4.06044335976731E-05,2796.29240995135,2796.29240995135,-263068.330529321,-263068.330529321,9.33196954350015E-02,9.33196954350015E-02,100000000000,-2279.05659776197,-2279.05659776197)
PVTTABLE POINT = (29200000,12.88,362.817454881863,362.817454881863,5.20807251216856E-06,5.20807251216856E-06,-1.77746188717757,-1.77746188717757,1,4.02744447948199E-05,4.02744447948199E-05,2796.79633193983,2796.79633193983,-259265.006881668,-259265.006881668,0.092702040375046,0.092702040375046,100000000000,-2265.72794671938,-2265.72794671938)
PVTTABLE POINT = (29200000,14.24,360.405607162313,360.405607162313,5.25845344339861E-06,5.25845344339861E-06,-1.76931051920853,-1.76931051920853,1,3.99506254793046E-05,3.99506254793046E-05,2797.09535469821,2797.09535469821,-255461.13740017,-255461.13740017,9.20959165205212E-02,9.20959165205212E-02,100000000000,-2252.46061578157,-2252.46061578157)
PVTTABLE POINT = (29200000,15.6,358.005098214917,358.005098214917,5.30781895415607E-06,5.30781895415607E-06,-1.76078870414107,-1.76078870414107,1,3.96328426642245E-05,3.96328426642245E-05,2797.19116549361,2797.19116549361,-251656.999645614,-251656.999645614,9.15012730447345E-02,9.15012730447345E-02,100000000000,-2239.25498947878,-2239.25498947878)
PVTTABLE POINT = (29200000,16.96,355.616425664533,355.616425664533,5.35613235083329E-06,5.35613235083329E-06,-1.75190563459924,-1.75190563459924,1,3.93209682808322E-05,3.93209682808322E-05,2797.08584633228,2797.08584633228,-247852.868614775,-247852.868614775,9.09180545702802E-02,9.09180545702802E-02,100000000000,-2226.11143806248,-2226.11143806248)
PVTTABLE POINT = (29200000,18.32,353.240074234908,353.240074234908,5.40335899773968E-06,5.40335899773968E-06,-1.74267108451668,-1.74267108451668,1,3.90148790041242E-05,3.90148790041242E-05,2796.78186501431,2796.78186501431,-244049.016209438,-244049.016209438,9.03462012408401E-02,9.03462012408401E-02,100000000000,-2213.0303159464,-2213.0303159464)
PVTTABLE POINT = (29200000,19.68,350.876514981782,350.876514981782,5.44946641322211E-06,5.44946641322211E-06,-1.73309537388848,-1.73309537388848,1,3.87144560747472E-05,3.87144560747472E-05,2796.28206434797,2796.28206434797,-240245.710718854,-240245.710718854,8.97856488022466E-02,8.97856488022466E-02,100000000000,-2200.01196022997,-2200.01196022997)
PVTTABLE POINT = (29200000,21.04,348.526204575557,348.526204575557,5.4944243542985E-06,5.4944243542985E-06,-1.7231893311923,-1.7231893311923,1,3.84195851180956E-05,3.84195851180956E-05,2795.58964961593,2795.58964961593,-236443.216318054,-236443.216318054,8.92363286926683E-02,8.92363286926683E-02,100000000000,-2187.05668930991,-2187.05668930991)
PVTTABLE POINT = (29200000,22.4,346.189584636477,346.189584636477,5.53820488933965E-06,5.53820488933965E-06,-1.7129642537719,-1.7129642537719,1,3.8130155961477E-05,3.8130155961477E-05,2794.7081744014,2794.7081744014,-232641.792584346,-232641.792584346,8.86981681417611E-02,8.86981681417611E-02,100000000000,-2174.1648015855,-2174.1648015855)
PVTTABLE POINT = (29200000,23.76,343.867081124917,343.867081124917,5.5807824584552E-06,5.5807824584552E-06,-1.70243186649135,-1.70243186649135,1,3.78460624502224E-05,3.78460624502224E-05,2793.64152489613,2793.64152489613,-228841.694034131,-228841.694034131,8.81710902785981E-02,8.81710902785981E-02,100000000000,-2161.3365742622,-2161.3365742622)
PVTTABLE POINT = (29200000,25.12,341.559103788879,341.559103788879,5.62213392136374E-06,5.62213392136374E-06,-1.69160427897872,-1.69160427897872,1,3.75672022636042E-05,3.75672022636042E-05,2792.39390282513,2792.39390282513,-225043.169682018,-225043.169682018,8.76550142481611E-02,8.76550142481611E-02,100000000000,-2148.57226225753,-2148.57226225753)
PVTTABLE POINT = (29200000,26.48,339.266045670428,339.266045670428,5.66223859265066E-06,5.66223859265066E-06,-1.68049394178551,-1.68049394178551,1,3.72934767314042E-05,3.72934767314042E-05,2790.96980713288,2790.96980713288,-221246.462624021,-221246.462624021,8.71498553361304E-02,8.71498553361304E-02,100000000000,-2135.87209721236,-2135.87209721236)
PVTTABLE POINT = (29200000,27.84,336.988282672291,336.988282672291,5.70107826443915E-06,5.70107826443915E-06,-1.66911360178958,-1.66911360178958,1,3.7024790651944E-05,3.7024790651944E-05,2789.37401458441,2789.37401458441,-217451.809646418,-217451.809646418,0.08665552510166,0.08665552510166,100000000000,-2123.23628661006,-2123.23628661006)
PVTTABLE POINT = (29200000,29.2,334.726173185439,334.726173185439,5.73863721661789E-06,5.73863721661789E-06,-1.65747625716874,-1.65747625716874,1,3.67610521123555E-05,3.67610521123555E-05,2787.61155944124,2787.61155944124,-213659.440861635,-213659.440861635,8.61719315177714E-02,8.61719315177714E-02,100000000000,-2110.6650130051,-2110.6650130051)
PVTTABLE POINT = (29200000,30.56,332.480057778022,332.480057778022,5.77490221488222E-06,5.77490221488222E-06,-1.6455951122659,-1.6455951122659,1,3.65021723118232E-05,3.65021723118232E-05,2785.68771237579,2785.68771237579,-209869.57937232,-209869.57937232,8.56989791189392E-02,8.56989791189392E-02,100000000000,-2098.15843336197,-2098.15843336197)
PVTTABLE POINT = (29200000,31.92,330.250258945572,330.250258945572,5.80986249695056E-06,5.80986249695056E-06,-1.63348353265782,-1.63348353265782,1,3.62480653884815E-05,3.62480653884815E-05,2783.60795879024,2783.60795879024,-206082.440964506,-206082.440964506,0.085236569155379,0.085236569155379,100000000000,-2085.71667850443,-2085.71667850443)
PVTTABLE POINT = (29200000,33.28,328.037080922016,328.037080922016,5.84350974741641E-06,5.84350974741641E-06,-1.62115500072667,-1.62115500072667,1,3.59986482505961E-05,3.59986482505961E-05,2781.37797670575,2781.37797670575,-202298.23383057,-202298.23383057,8.47845997534841E-02,8.47845997534841E-02,100000000000,-2073.3398526745,-2073.3398526745)
PVTTABLE POINT = (29200000,34.64,325.840809550595,325.840809550595,5.87583806178329E-06,5.87583806178329E-06,-1.60862307201787,-1.60862307201787,1,3.57538404125988E-05,3.57538404125988E-05,2779.00361438563,2779.00361438563,-198517.158322473,-198517.158322473,8.43429660817995E-02,8.43429660817995E-02,100000000000,-2061.02803319973,-2061.02803319973)
PVTTABLE POINT = (29200000,36,323.661712213462,323.661712213462,5.90684390030874E-06,5.90684390030874E-06,-1.59590133264928,-1.59590133264928,1,3.55135638364856E-05,3.55135638364856E-05,2776.49086785255,2776.49086785255,-194739.406735511,-194739.406735511,8.39115605218627E-02,8.39115605218627E-02,100000000000,-2048.78127026686,-2048.78127026686)
PVTTABLE POINT = (29200000,37.36,321.500037818342,321.500037818342,5.9365260323494E-06,5.9365260323494E-06,-1.58300335801586,-1.58300335801586,1,3.52777427790196E-05,3.52777427790196E-05,2773.8458584537,2773.8458584537,-190965.163122637,-190965.163122637,8.34902728431841E-02,8.34902728431841E-02,100000000000,-2036.59958679894,-2036.59958679894)
PVTTABLE POINT = (29200000,38.72,319.356016840352,319.356016840352,5.96488547195507E-06,5.96488547195507E-06,-1.56994267301156,-1.56994267301156,1,3.50463036451212E-05,3.50463036451212E-05,2771.07481062113,2771.07481062113,-187194.603139166,-187194.603139166,8.30789903816023E-02,8.30789903816023E-02,100000000000,-2024.48297843292,-2024.48297843292)
PVTTABLE POINT = (29200000,40.08,317.229861416761,317.229861416761,5.99192540550323E-06,5.99192540550323E-06,-1.55673271396588,-1.55673271396588,1,3.48191748477581E-05,3.48191748477581E-05,2768.18402996554,2768.18402996554,-183427.893917529,-183427.893917529,8.26775982202057E-02,8.26775982202057E-02,100000000000,-2012.43141359377,-2012.43141359377)
PVTTABLE POINT = (29200000,41.44,315.121765492271,315.121765492271,6.01765111219741E-06,6.01765111219741E-06,-1.54338679246769,-1.54338679246769,1,3.45962866745853E-05,3.45962866745853E-05,2765.17988183239,2765.17988183239,-179665.193971503,-179665.193971503,8.22859793719879E-02,8.22859793719879E-02,100000000000,-2000.444833661,-2000.444833661)
PVTTABLE POINT = (29200000,42.8,313.031905012112,313.031905012112,6.04206987827396E-06,6.04206987827396E-06,-1.52991806122323,-1.52991806122323,1,3.43775711615206E-05,3.43775711615206E-05,2762.06877043833,2762.06877043833,-175906.653129237,-175906.653129237,8.19040149633885E-02,8.19040149633885E-02,100000000000,-1988.52315322281,-1988.52315322281)
PVTTABLE POINT = (29200000,44.16,310.960438160125,310.960438160125,6.06519090577153E-06,6.06519090577153E-06,-1.51633948206946,-1.51633948206946,1,3.41629619733819E-05,3.41629619733819E-05,2758.85711869476,2758.85711869476,-172152.41249419,-172152.41249419,8.15315844178642E-02,8.15315844178642E-02,100000000000,-1976.66626041301,-1976.66626041301)
PVTTABLE POINT = (29200000,45.52,308.907505638825,308.907505638825,6.08702521671698E-06,6.08702521671698E-06,-1.50266379623836,-1.50266379623836,1,3.39523942916533E-05,3.39523942916533E-05,2755.5513488133,2755.5513488133,-168402.604432985,-168402.604432985,8.11685656386467E-02,8.11685656386467E-02,100000000000,-1964.87401732538,-1964.87401732538)
PVTTABLE POINT = (29200000,46.88,306.87323098833,306.87323098833,6.10758555357186E-06,6.10758555357186E-06,-1.48890349694299,-1.48890349694299,1,3.37458047093908E-05,3.37458047093908E-05,2752.15786377587,2752.15786377587,-164657.352589064,-164657.352589064,8.08148351898532E-02,8.08148351898532E-02,100000000000,-1953.14626049996,-1953.14626049996)
PVTTABLE POINT = (29200000,48.24,304.85772094097,304.85772094097,6.12688627676432E-06,6.12688627676432E-06,-1.47507080433173,-1.47507080433173,1,3.3543131133229E-05,3.3543131133229E-05,2748.68302973978,2748.68302973978,-160916.771920917,-160916.771920917,8.04702684751576E-02,8.04702684751576E-02,100000000000,-1941.4828014757,-1941.4828014757)
PVTTABLE POINT = (29200000,49.6,302.86106580833,302.86106580833,6.14494326010525E-06,6.14494326010525E-06,-1.46117764283463,-1.46117764283463,1,3.33443126924025E-05,3.33443126924025E-05,2745.1331594359,2745.1331594359,-157180.968763568,-157180.968763568,8.01347399132602E-02,8.01347399132602E-02,100000000000,-1929.88342740364,-1929.88342740364)
PVTTABLE POINT = (29200000,50.96,300.883339897474,300.883339897474,6.16177378485364E-06,6.16177378485364E-06,-1.44723562090389,-1.44723562090389,1,3.31492896546516E-05,3.31492896546516E-05,2741.51449660602,2741.51449660602,-153450.040911934,-153450.040911934,7.98081231094454E-02,7.98081231094454E-02,100000000000,-1918.34790171478,-1918.34790171478)
PVTTABLE POINT = (29200000,52.32,298.924601953103,298.924601953103,6.17739643315702E-06,6.17739643315702E-06,-1.43325601313059,-1.43325601313059,1,3.29580033488452E-05,3.29580033488452E-05,2737.83320151403,2737.83320151403,-149724.077724626,-149724.077724626,7.94902910225818E-02,7.94902910225818E-02,100000000000,-1906.87596483704,-1906.87596483704)
PVTTABLE POINT = (29200000,53.68,296.984895622439,296.984895622439,6.19183098154876E-06,6.19183098154876E-06,-1.41924974470179,-1.41924974470179,1,3.27703960941195E-05,3.27703960941195E-05,2734.09533755402,2734.09533755402,-146003.160246718,-146003.160246718,7.91811161269726E-02,7.91811161269726E-02,100000000000,-1895.46733495522,-1895.46733495522)
PVTTABLE POINT = (29200000,55.04,295.064249939681,295.064249939681,6.20509829513603E-06,6.20509829513603E-06,-1.40522737814516,-1.40522737814516,1,3.25864111353006E-05,3.25864111353006E-05,2730.30685896846,2730.30685896846,-142287.361349956,-142287.361349956,7.88804705685424E-02,7.88804705685424E-02,100000000000,-1884.12170880869,-1884.12170880869)
PVTTABLE POINT = (29200000,56.4,293.162679826979,293.162679826979,6.2172202230613E-06,6.2172202230613E-06,-1.39119910229426,-1.39119910229426,1,3.24059925843572E-05,3.24059925843572E-05,2726.47359967926,2726.47359967926,-138576.745888937,-138576.745888937,7.85882263149155E-02,7.85882263149155E-02,100000000000,-1872.8387625209,-1872.8387625209)
PVTTABLE POINT = (29200000,57.76,291.280186608935,291.280186608935,6.22821949576781E-06,6.22821949576781E-06,-1.37717472339425,-1.37717472339425,1,3.2229085367607E-05,3.2229085367607E-05,2722.6012632257,2722.6012632257,-134871.370871702,-134871.370871702,7.83042552990194E-02,7.83042552990194E-02,100000000000,-1861.61815245565,-1861.61815245565)
PVTTABLE POINT = (29200000,59.12,289.416758537812,289.416758537812,6.23811962454545E-06,6.23811962454545E-06,-1.36316365825761,-1.36316365825761,1,3.20556351783854E-05,3.20556351783854E-05,2718.69541379505,2718.69541379505,-131171.285643286,-131171.285643286,7.80284295559209E-02,7.80284295559209E-02,100000000000,-1850.45951609476,-1850.45951609476)
PVTTABLE POINT = (29200000,60.48,287.5723713267,287.5723713267,6.24694480377931E-06,6.24694480377931E-06,-1.34917492937,-1.34917492937,1,3.18855884348738E-05,3.18855884348738E-05,2714.76146832414,2714.76146832414,-127476.532080721,-127476.532080721,7.77606213526791E-02,7.77606213526791E-02,100000000000,-1839.3624729323,-1839.3624729323)
PVTTABLE POINT = (29200000,61.84,285.746988688083,285.746988688083,6.25471981626986E-06,6.25471981626986E-06,-1.33521716183933,-1.33521716183933,1,3.17188922427756E-05,3.17188922427756E-05,2710.80468964355,2710.80468964355,-123787.14479808,-123787.14479808,7.75007033110725E-02,7.75007033110725E-02,100000000000,-1828.32662538056,-1828.32662538056)
PVTTABLE POINT = (29200000,63.2,283.940562875353,283.940562875353,6.26146994194077E-06,6.26146994194077E-06,-1.3212985820757,-1.3212985820757,1,3.15554943625243E-05,3.15554943625243E-05,2706.83018063065,2706.83018063065,-120103.151360149,-120103.151360149,7.72485485231259E-02,7.72485485231259E-02,100000000000,-1817.35155968347,-1817.35155968347)
PVTTABLE POINT = (29200000,64.56,282.153035225023,282.153035225023,6.26722087019966E-06,6.26722087019966E-06,-1.30742701808578,-1.30742701808578,1,3.13953431807062E-05,3.13953431807062E-05,2702.84287933257,2702.84287933257,-116424.572503382,-116424.572503382,7.70040306594318E-02,7.70040306594318E-02,100000000000,-1806.43684683322,-1806.43684683322)
PVTTABLE POINT = (29200000,65.92,280.384336697496,280.384336697496,6.27199861616822E-06,6.27199861616822E-06,-1.29360990126299,-1.29360990126299,1,3.12383876853821E-05,3.12383876853821E-05,2698.84755501638,2698.84755501638,-112751.422362867,-112751.422362867,7.67670240703144E-02,7.67670240703144E-02,100000000000,-1795.58204348607,-1795.58204348607)
PVTTABLE POINT = (29200000,67.28,278.634388414456,278.634388414456,6.27582944095134E-06,6.27582944095134E-06,-1.27985426955353,-1.27985426955353,1,3.10845774449963E-05,3.10845774449963E-05,2694.84880510029,2694.84880510029,-109083.708704044,-109083.708704044,7.65374038799473E-02,7.65374038799473E-02,100000000000,-1784.78669287397,-1784.78669287397)
PVTTABLE POINT = (29200000,68.64,276.903102191085,276.903102191085,6.27873977607188E-06,6.27873977607188E-06,-1.2661667718788,-1.2661667718788,1,3.09338625905678E-05,3.09338625905678E-05,2690.85105291745,2690.85105291745,-105421.433158035,-105421.433158035,7.63150460735748E-02,7.63150460735748E-02,100000000000,-1774.0503257086,-1774.0503257086)
PVTTABLE POINT = (29800000,2,385.279700261331,385.279700261331,4.6363377088645E-06,4.6363377088645E-06,-1.80362436224376,-1.80362436224376,1,4.35926442896885E-05,4.35926442896885E-05,2771.50555856909,2771.50555856909,-290124.210221173,-290124.210221173,9.87894094762836E-02,9.87894094762836E-02,100000000000,-2381.43379725575,-2381.43379725575)
PVTTABLE POINT = (29800000,3.36,382.829899051773,382.829899051773,4.69131372160817E-06,4.69131372160817E-06,-1.79895773797682,-1.79895773797682,1,4.32138721400981E-05,4.32138721400981E-05,2773.50061676604,2773.50061676604,-286353.584237344,-286353.584237344,9.80915597195137E-02,9.80915597195137E-02,100000000000,-2367.76366526206,-2367.76366526206)
PVTTABLE POINT = (29800000,4.72,380.38671610808,380.38671610808,4.74568291694684E-06,4.74568291694684E-06,-1.79389210572423,-1.79389210572423,1,4.28423946669503E-05,4.28423946669503E-05,2775.30277354181,2775.30277354181,-282580.375997618,-282580.375997618,9.74053393364521E-02,9.74053393364521E-02,100000000000,-2354.15128816744,-2354.15128816744)
PVTTABLE POINT = (29800000,6.08,377.950691936377,377.950691936377,4.79940035870677E-06,4.79940035870677E-06,-1.7884307341787,-1.7884307341787,1,4.24780372812958E-05,4.24780372812958E-05,2776.91088789505,2776.91088789505,-278804.848664708,-278804.848664708,9.67307289839729E-02,9.67307289839729E-02,100000000000,-2340.59704676307,-2340.59704676307)
PVTTABLE POINT = (29800000,7.44,375.522362130705,375.522362130705,4.85242194462767E-06,4.85242194462767E-06,-1.7825775773155,-1.7825775773155,1,4.21206312636546E-05,4.21206312636546E-05,2778.32418256289,2778.32418256289,-275027.266706371,-275027.266706371,9.60677047009279E-02,9.60677047009279E-02,100000000000,-2327.10132095279,-2327.10132095279)
PVTTABLE POINT = (29800000,8.8,373.1022564458,373.1022564458,4.90470454728296E-06,4.90470454728296E-06,-1.77633726684043,-1.77633726684043,1,4.17700136499693E-05,4.17700136499693E-05,2779.54224867843,2779.54224867843,-271247.895397362,-271247.895397362,9.54162379164239E-02,9.54162379164239E-02,100000000000,-2313.6644879995,-2313.6644879995)
PVTTABLE POINT = (29800000,10.16,370.690897882364,370.690897882364,4.95620615155457E-06,4.95620615155457E-06,-1.76971510137922,-1.76971510137922,1,4.14260271092755E-05,4.14260271092755E-05,2780.56504872573,2780.56504872573,-267467.000316216,-267467.000316216,9.47762954681702E-02,9.47762954681702E-02,100000000000,-2300.28692079552,-2300.28692079552)
PVTTABLE POINT = (29800000,11.52,368.288801789231,368.288801789231,5.00688598768896E-06,5.00688598768896E-06,-1.76271703245478,-1.76271703245478,1,4.10885198135708E-05,4.10885198135708E-05,2781.39291775584,2781.39291775584,-263684.846839181,-263684.846839181,9.41478396306519E-02,9.41478396306519E-02,100000000000,-2286.96898616431,-2286.96898616431)
PVTTABLE POINT = (29800000,12.88,365.896474986739,365.896474986739,5.05670465899312E-06,5.05670465899312E-06,-1.75534964732938,-1.75534964732938,1,4.07573453004166E-05,4.07573453004166E-05,2782.02656284346,2782.02656284346,-259901.699633697,-259901.699633697,9.35308281529011E-02,9.35308281529011E-02,100000000000,-2273.71104320104,-2273.71104320104)
PVTTABLE POINT = (29800000,14.24,363.514414915521,363.514414915521,5.10562426327392E-06,5.10562426327392E-06,-1.7476201488179,-1.7476201488179,1,4.0432362328864E-05,4.0432362328864E-05,2782.46706078011,2782.46706078011,-256117.822153817,-256117.822153817,9.29252143056353E-02,9.29252143056353E-02,100000000000,-2260.51344165934,-2260.51344165934)
PVTTABLE POINT = (29800000,15.6,361.143108814726,361.143108814726,5.15360850717897E-06,5.15360850717897E-06,-1.73953633220702,-1.73953633220702,1,4.01134347293428E-05,4.01134347293428E-05,2782.71585401581,2782.71585401581,-252333.476139948,-252333.476139948,9.23309469375473E-02,9.23309469375473E-02,100000000000,-2247.37652039111,-2247.37652039111)
PVTTABLE POINT = (29800000,16.96,358.783032933513,358.783032933513,5.20062281266293E-06,5.20062281266293E-06,-1.73110655944181,-1.73110655944181,1,3.98004312481915E-05,3.98004312481915E-05,2782.77474487799,2782.77474487799,-248548.921125299,-248548.921125299,9.17479705405319E-02,9.17479705405319E-02,100000000000,-2234.3006058461,-2234.3006058461)
PVTTABLE POINT = (29800000,18.32,356.434651779398,356.434651779398,5.24663441487824E-06,5.24663441487824E-06,-1.72233973076613,-1.72233973076613,1,3.94932253875439E-05,3.94932253875439E-05,2782.64588811164,2782.64588811164,-244764.413951329,-244764.413951329,9.11762253236414E-02,9.11762253236414E-02,100000000000,-2221.28601063761,-2221.28601063761)
PVTTABLE POINT = (29800000,19.68,354.098417406797,354.098417406797,5.29161245087213E-06,5.29161245087213E-06,-1.71324525402555,-1.71324525402555,1,3.91916952413134E-05,3.91916952413134E-05,2782.33178180078,2782.33178180078,-240980.208294459,-240980.208294459,9.06156472955608E-02,9.06156472955608E-02,100000000000,-2208.33303218005,-2208.33303218005)
PVTTABLE POINT = (29800000,21.04,351.774768748761,351.774768748761,5.33552803856212E-06,5.33552803856212E-06,-1.70383301186151,-1.70383301186151,1,3.88957233280325E-05,3.88957233280325E-05,2781.83525674513,2781.83525674513,-237196.554206176,-237196.554206176,0.090066168355389,0.090066168355389,100000000000,-2195.44195140376,-2195.44195140376)
PVTTABLE POINT = (29800000,22.4,349.464130994642,349.464130994642,5.37835434555733E-06,5.37835434555733E-06,-1.69411332704202,-1.69411332704202,1,3.86051964213218E-05,3.86051964213218E-05,2781.15946437986,2781.15946437986,-233413.697668603,-233413.697668603,8.95277163915035E-02,8.95277163915035E-02,100000000000,-2182.61303155186,-2182.61303155186)
PVTTABLE POINT = (29800000,23.76,347.166915016012,347.166915016012,5.42006664749245E-06,5.42006664749245E-06,-1.68409692618791,-1.68409692618791,1,3.83200053787602E-05,3.83200053787602E-05,2780.30786333827,2780.30786333827,-229631.880167418,-229631.880167418,8.90002153882667E-02,8.90002153882667E-02,100000000000,-2169.84651706331,-2169.84651706331)
PVTTABLE POINT = (29800000,25.12,344.883516842866,344.883516842866,5.46064237564289E-06,5.46064237564289E-06,-1.67379490216397,-1.67379490216397,1,3.80400449699257E-05,3.80400449699257E-05,2779.28420476806,2779.28420476806,-225851.338283919,-225851.338283919,8.84835855403148E-02,8.84835855403148E-02,100000000000,-2157.14263254583,-2157.14263254583)
PVTTABLE POINT = (29800000,26.48,342.614317191718,342.614317191718,5.50006115369182E-06,5.50006115369182E-06,-1.66321867541131,-1.66321867541131,1,3.7765213704366E-05,3.7765213704366E-05,2778.09251652138,2778.09251652138,-222072.303307831,-222072.303307831,8.79777433741372E-02,8.79777433741372E-02,100000000000,-2144.50158184158,-2144.50158184158)
PVTTABLE POINT = (29800000,27.84,340.35968104685,340.35968104685,5.53830482362163E-06,5.53830482362163E-06,-1.65237995450038,-1.65237995450038,1,3.7495413660233E-05,3.7495413660233E-05,2776.73708634634,2776.73708634634,-218295.000872317,-218295.000872317,8.74826018766254E-02,8.74826018766254E-02,100000000000,-2131.92354718784,-2131.92354718784)
PVTTABLE POINT = (29800000,29.2,338.119957295577,338.119957295577,5.57535746080167E-06,5.57535746080167E-06,-1.64129069618467,-1.64129069618467,1,3.72305503142942E-05,3.72305503142942E-05,2775.22244421358,2775.22244421358,-214519.65061244,-214519.65061244,8.69980706302277E-02,8.69980706302277E-02,100000000000,-2119.40868847448,-2119.40868847448)
PVTTABLE POINT = (29800000,30.56,335.895478418026,335.895478418026,5.61120537843926E-06,5.61120537843926E-06,-1.6299630652314,-1.6299630652314,1,3.6970532373999E-05,3.6970532373999E-05,2773.55334391605,2773.55334391605,-210746.465848186,-210746.465848186,8.65240559543084E-02,8.65240559543084E-02,100000000000,-2106.95714259907,-2106.95714259907)
PVTTABLE POINT = (29800000,31.92,333.686560231539,333.686560231539,5.64583712165219E-06,5.64583712165219E-06,-1.61840939429959,-1.61840939429959,1,3.67152716122389E-05,3.67152716122389E-05,2771.73474408221,2771.73474408221,-206975.653292914,-206975.653292914,8.60604610522628E-02,8.60604610522628E-02,100000000000,-2094.5690229199,-2094.5690229199)
PVTTABLE POINT = (29800000,33.28,331.493501689462,331.493501689462,5.6792434515046E-06,5.6792434515046E-06,-1.60664214412615,-1.60664214412615,1,3.64646827053992E-05,3.64646827053992E-05,2769.77178874388,2769.77178874388,-203207.412787949,-203207.412787949,8.56071861638951E-02,8.56071861638951E-02,100000000000,-2082.24441880677,-2082.24441880677)
PVTTABLE POINT = (29800000,34.64,329.316584733731,329.316584733731,5.71141731942603E-06,5.71141731942603E-06,-1.59467386426936,-1.59467386426936,1,3.62186830752517E-05,3.62186830752517E-05,2767.66978759915,2767.66978759915,-199441.937063832,-199441.937063832,0.08516412872252,0.08516412872252,100000000000,-2069.98339528842,-2069.98339528842)
PVTTABLE POINT = (29800000,36,327.156074200337,327.156074200337,5.74235383250206E-06,5.74235383250206E-06,-1.58251715464405,-1.58251715464405,1,3.59771927351885E-05,3.59771927351885E-05,2765.43419610793,2765.43419610793,-195679.411528537,-195679.411528537,8.47311835162071E-02,8.47311835162071E-02,100000000000,-2057.7859927952,-2057.7859927952)
PVTTABLE POINT = (29800000,37.36,325.012217776429,325.012217776429,5.77205021018631E-06,5.77205021018631E-06,-1.57018462806715,-1.57018462806715,1,3.57401341412408E-05,3.57401341412408E-05,2763.07059555411,2763.07059555411,-191920.014082795,-191920.014082795,8.43082428525447E-02,8.43082428525447E-02,100000000000,-2045.65222699493,-2045.65222699493)
PVTTABLE POINT = (29800000,38.72,322.885246007568,322.885246007568,5.80050573303445E-06,5.80050573303445E-06,-1.55768887401366,-1.55768887401366,1,3.55074320482771E-05,3.55074320482771E-05,2760.58467320295,2760.58467320295,-188163.914962483,-188163.914962483,0.083895196726265,0.083895196726265,100000000000,-2033.58208871921,-2033.58208871921)
PVTTABLE POINT = (29800000,40.08,320.775372353335,320.775372353335,5.82772168410401E-06,5.82772168410401E-06,-1.54504242376406,-1.54504242376406,1,3.52790133717149E-05,3.52790133717149E-05,2757.98220267561,2757.98220267561,-184411.276607869,-184411.276607869,8.34919329890458E-02,8.34919329890458E-02,100000000000,-2021.57554397736,-2021.57554397736)
PVTTABLE POINT = (29800000,41.44,318.682793289306,318.682793289306,5.85370128369597E-06,5.85370128369597E-06,-1.53225771710339,-1.53225771710339,1,3.50548070550268E-05,3.50548070550268E-05,2755.26902465564,2755.26902465564,-180662.253559329,-180662.253559329,0.083098337520775,0.083098337520775,100000000000,-2009.63253405432,-2009.63253405432)
PVTTABLE POINT = (29800000,42.8,316.607688453178,316.607688453178,5.8784496181382E-06,5.8784496181382E-06,-1.51934707071142,-1.51934707071142,1,3.48347439432653E-05,3.48347439432653E-05,2752.4510280334,2752.4510280334,-176916.992379022,-176916.992379022,8.27142944015571E-02,8.27142944015571E-02,100000000000,-1997.75297568882,-1997.75297568882)
PVTTABLE POINT = (29800000,44.16,314.550220832669,314.550220832669,5.90197356332538E-06,5.90197356332538E-06,-1.50632264836158,-1.50632264836158,1,3.46187566627778E-05,3.46187566627778E-05,2749.53413158558,2749.53413158558,-173175.631597849,-173175.631597849,8.23396860837278E-02,8.23396860837278E-02,100000000000,-1985.93676132758,-1985.93676132758)
PVTTABLE POINT = (29800000,45.52,312.510536992661,312.510536992661,5.92428170373554E-06,5.92428170373554E-06,-1.49319643302519,-1.49319643302519,1,3.44067795072302E-05,3.44067795072302E-05,2746.52426627748,2746.52426627748,-169438.301686918,-169438.301686918,8.19743935631538E-02,8.19743935631538E-02,100000000000,-1974.18375945108,-1974.18375945108)
PVTTABLE POINT = (29800000,46.88,310.488767338938,310.488767338938,5.9453842476417E-06,5.9453842476417E-06,-1.47998020095588,-1.47998020095588,1,3.41987483300065E-05,3.41987483300065E-05,2743.42735826526,2743.42735826526,-165705.125052614,-165705.125052614,8.16182965490971E-02,8.16182965490971E-02,100000000000,-1962.49381496638,-1962.49381496638)
PVTTABLE POINT = (29800000,48.24,308.485026415798,308.485026415798,5.96529293922652E-06,5.96529293922652E-06,-1.46668549780899,-1.46668549780899,1,3.39946004430069E-05,3.39946004430069E-05,2740.24931266578,2740.24931266578,-161976.216054257,-161976.216054257,8.12712736319539E-02,8.12712736319539E-02,100000000000,-1950.86674966206,-1950.86674966206)
PVTTABLE POINT = (29800000,49.6,306.499413234732,306.499413234732,5.9840209682916E-06,5.9840209682916E-06,-1.4533236168304,-1.4533236168304,1,3.37942745218201E-05,3.37942745218201E-05,2736.99599815099,2736.99599815099,-158251.681043299,-158251.681043299,0.080933202448202,0.080933202448202,100000000000,-1939.30236272032,-1939.30236272032)
PVTTABLE POINT = (29800000,50.96,304.532011631351,304.532011631351,6.00158287822992E-06,6.00158287822992E-06,-1.4399055791307,-1.4399055791307,1,3.35977105172067E-05,3.35977105172067E-05,2733.67323241385,2733.67323241385,-154531.618422863,-154531.618422863,8.06039598419251E-02,8.06039598419251E-02,100000000000,-1927.8004312813,-1927.8004312813)
PVTTABLE POINT = (29800000,52.32,302.582890647721,302.582890647721,6.01799447290161E-06,6.01799447290161E-06,-1.42644211604273,-1.42644211604273,1,3.34048495727907E-05,3.34048495727907E-05,2730.28676854286,2730.28676854286,-150816.118726451,-150816.118726451,8.02834220223399E-02,8.02834220223399E-02,100000000000,-1916.36071105463,-1916.36071105463)
PVTTABLE POINT = (29800000,53.68,300.652104937291,300.652104937291,6.03327272302014E-06,6.03327272302014E-06,-1.41294365354431,-1.41294365354431,1,3.32156339488258E-05,3.32156339488258E-05,2726.84228233269,2726.84228233269,-147105.26471454,-147105.26471454,7.99714647167844E-02,7.99714647167844E-02,100000000000,-1904.98293697299,-1904.98293697299)
PVTTABLE POINT = (29800000,55.04,298.739695189608,298.739695189608,6.0474356726196E-06,6.0474356726196E-06,-1.3994202987127,-1.3994202987127,1,3.3030006951871E-05,3.3030006951871E-05,2723.34536054908,2723.34536054908,-143399.131487789,-143399.131487789,7.96679633186964E-02,7.96679633186964E-02,100000000000,-1893.66682388291,-1893.66682388291)
PVTTABLE POINT = (29800000,56.4,296.845688572108,296.845688572108,6.06050234613383E-06,6.06050234613383E-06,-1.38588182816425,-1.38588182816425,1,3.28479128701845E-05,3.28479128701845E-05,2719.80149015777,2719.80149015777,-139697.786615557,-139697.786615557,7.93727930301632E-02,7.93727930301632E-02,100000000000,-1882.41206726773,-1882.41206726773)
PVTTABLE POINT = (29800000,57.76,294.97009918631,294.97009918631,6.07249265657613E-06,6.07249265657613E-06,-1.37233767842031,-1.37233767842031,1,3.26692969146234E-05,3.26692969146234E-05,2716.21604851889,2716.21604851889,-136001.290278401,-136001.290278401,7.90858289986872E-02,7.90858289986872E-02,100000000000,-1871.21834399816,-1871.21834399816)
PVTTABLE POINT = (29800000,59.12,293.112928535836,293.112928535836,6.08342731526491E-06,6.08342731526491E-06,-1.35879693813042,-1.35879693813042,1,3.24941051648183E-05,3.24941051648183E-05,2712.59429454103,2712.59429454103,-132309.695423268,-132309.695423268,7.88069464478766E-02,7.88069464478766E-02,100000000000,-1860.0853131056,-1860.0853131056)
PVTTABLE POINT = (29800000,60.48,291.274166003794,291.274166003794,6.09332774349643E-06,6.09332774349643E-06,-1.34526834207451,-1.34526834207451,1,3.2322284520376E-05,3.2322284520376E-05,2708.94136078225,2708.94136078225,-128623.047930067,-128623.047930067,7.85360208018324E-02,7.85360208018324E-02,100000000000,-1849.01261657395,-1849.01261657395)
PVTTABLE POINT = (29800000,61.84,289.453789337156,289.453789337156,6.10221598652096E-06,6.10221598652096E-06,-1.33176026685901,-1.33176026685901,1,3.21537826568533E-05,3.21537826568533E-05,2705.26224647915,2705.26224647915,-124941.386788346,-124941.386788346,7.82729278030677E-02,7.82729278030677E-02,100000000000,-1837.9998801454,-1837.9998801454)
PVTTABLE POINT = (29800000,63.2,287.651765135885,287.651765135885,6.11011463013479E-06,6.11011463013479E-06,-1.31828072821518,-1.31828072821518,1,3.19885479862362E-05,3.19885479862362E-05,2701.56181148,2701.56181148,-121264.74428284,-121264.74428284,7.80175436238534E-02,7.80175436238534E-02,100000000000,-1827.0467141365,-1827.0467141365)
PVTTABLE POINT = (29800000,64.56,285.868049344702,285.868049344702,6.117046720157E-06,6.117046720157E-06,-1.30483737980396,-1.30483737980396,1,3.18265296216526E-05,3.18265296216526E-05,2697.8447710528,2697.8447710528,-117593.146186663,-117593.146186663,7.77697449709463E-02,7.77697449709463E-02,100000000000,-1816.15271426035,-1816.15271426035)
PVTTABLE POINT = (29800000,65.92,284.102587745514,284.102587745514,6.12303568501811E-06,6.12303568501811E-06,-1.29143751342817,-1.29143751342817,1,3.16676773460464E-05,3.16676773460464E-05,2694.11569153549,2694.11569153549,-113926.611960992,-113926.611960992,7.75294091837052E-02,7.75294091837052E-02,100000000000,-1805.31746245142,-1805.31746245142)
PVTTABLE POINT = (29800000,67.28,282.355316448652,282.355316448652,6.12810526164689E-06,6.12810526164689E-06,-1.27808806055085,-1.27808806055085,1,3.15119415845391E-05,3.15119415845391E-05,2690.37898679202,2690.37898679202,-110265.154960108,-110265.154960108,7.72964143256559E-02,7.72964143256559E-02,100000000000,-1794.54052768975,-1794.54052768975)
PVTTABLE POINT = (29800000,68.64,280.626162381206,280.626162381206,6.13227942480372E-06,6.13227942480372E-06,-1.26479559501758,-1.26479559501758,1,3.13592733802067E-05,3.13592733802067E-05,2686.63891543511,2686.63891543511,-106608.782640737,-106608.782640737,7.70706392696052E-02,7.70706392696052E-02,100000000000,-1783.82146682116,-1783.82146682116)
PVTTABLE POINT = (30400000,2,388.022199952657,388.022199952657,4.50649239188611E-06,4.50649239188611E-06,-1.77966967915583,-1.77966967915583,1,4.40801261097236E-05,4.40801261097236E-05,2756.6995071399,2756.6995071399,-290550.849936403,-290550.849936403,9.95967230044324E-02,9.95967230044324E-02,100000000000,-2388.6240839329,-2388.6240839329)
PVTTABLE POINT = (30400000,3.36,385.604811410402,385.604811410402,4.55957592298004E-06,4.55957592298004E-06,-1.77524996365599,-1.77524996365599,1,4.36998320995758E-05,4.36998320995758E-05,2758.7319772857,2758.7319772857,-286800.336031159,-286800.336031159,9.89003182979438E-02,9.89003182979438E-02,100000000000,-2375.02686692392,-2375.02686692392)
PVTTABLE POINT = (30400000,4.72,383.193692221951,383.193692221951,4.61210228767514E-06,4.61210228767514E-06,-1.77045048142324,-1.77045048142324,1,4.33268776909459E-05,4.33268776909459E-05,2760.58294083494,2760.58294083494,-283047.181246082,-283047.181246082,9.82154220969102E-02,9.82154220969102E-02,100000000000,-2361.48683559219,-2361.48683559219)
PVTTABLE POINT = (30400000,6.08,380.789356931396,380.789356931396,4.66402982809643E-06,4.66402982809643E-06,-1.76527418816356,-1.76527418816356,1,4.29610858227505E-05,4.29610858227505E-05,2762.25128250264,2762.25128250264,-279291.633225667,-279291.633225667,9.75420136967404E-02,9.75420136967404E-02,100000000000,-2348.0043205763,-2348.0043205763)
PVTTABLE POINT = (30400000,7.44,378.392315636774,378.392315636774,4.71531760911114E-06,4.71531760911114E-06,-1.75972466565733,-1.75972466565733,1,4.26022852037996E-05,4.26022852037996E-05,2763.73621724464,2763.73621724464,-275533.940907206,-275533.940907206,9.68800679311634E-02,9.68800679311634E-02,100000000000,-2334.5796523147,-2334.5796523147)
PVTTABLE POINT = (30400000,8.8,376.003073142627,376.003073142627,4.76592554368052E-06,4.76592554368052E-06,-1.75380611537938,-1.75380611537938,1,4.22503102096534E-05,4.22503102096534E-05,2765.03729458654,2765.03729458654,-271774.354068551,-271774.354068551,9.62295551843256E-02,9.62295551843256E-02,100000000000,-2321.21315944172,-2321.21315944172)
PVTTABLE POINT = (30400000,10.16,373.62212812317,373.62212812317,4.81581451540591E-06,4.81581451540591E-06,-1.74752334926194,-1.74752334926194,1,4.19050007717391E-05,4.19050007717391E-05,2766.15440147223,2766.15440147223,-268013.122870993,-268013.122870993,9.55904414127398E-02,9.55904414127398E-02,100000000000,-2307.90516720487,-2307.90516720487)
PVTTABLE POINT = (30400000,11.52,371.249972299955,371.249972299955,4.86494649743795E-06,4.86494649743795E-06,-1.7408817776374,-1.7408817776374,1,4.15662022591262E-05,4.15662022591262E-05,2767.08776359937,2767.08776359937,-264250.497399289,-264250.497399289,9.49626881767991E-02,9.49626881767991E-02,100000000000,-2294.65599591008,-2294.65599591008)
PVTTABLE POINT = (30400000,12.88,368.88708963781,368.88708963781,4.91328466694207E-06,4.91328466694207E-06,-1.7338873944226,-1.7338873944226,1,4.12337653534067E-05,4.12337653534067E-05,2767.83794522215,2767.83794522215,-260486.727200923,-260486.727200923,9.43462526815812E-02,9.43462526815812E-02,100000000000,-2281.46595940114,-2281.46595940114)
PVTTABLE POINT = (30400000,14.24,366.533955562762,366.533955562762,4.9607935143486E-06,4.9607935143486E-06,-1.72654675963151,-1.72654675963151,1,4.09075459171793E-05,4.09075459171793E-05,2768.4058474154,2768.4058474154,-256722.060826669,-256722.060826669,9.37410878266576E-02,9.37410878266576E-02,100000000000,-2268.33536358001,-2268.33536358001)
PVTTABLE POINT = (30400000,15.6,364.191036205494,364.191036205494,5.0074389466591E-06,5.0074389466591E-06,-1.71886697932717,-1.71886697932717,1,4.05874048566771E-05,4.05874048566771E-05,2768.79270480776,2768.79270480776,-252956.745374567,-252956.745374567,0.093147142264634,0.093147142264634,100000000000,-2255.26450497359,-2255.26450497359)
PVTTABLE POINT = (30400000,16.96,361.858787673731,361.858787673731,5.05318838413273E-06,5.05318838413273E-06,-1.7108556831466,-1.7108556831466,1,4.0273207979122E-05,4.0273207979122E-05,2769.00008080515,2769.00008080515,-249191.026039368,-249191.026039368,9.25643604681476E-02,9.25643604681476E-02,100000000000,-2242.25366935331,-2242.25366935331)
PVTTABLE POINT = (30400000,18.32,359.537655356765,359.537655356765,5.09801084973715E-06,5.09801084973715E-06,-1.70252099955361,-1.70252099955361,1,3.99648258454168E-05,3.99648258454168E-05,2769.02986133936,2769.02986133936,-245425.145669481,-245425.145669481,9.19926828050507E-02,9.19926828050507E-02,100000000000,-2229.30313041265,-2229.30313041265)
PVTTABLE POINT = (30400000,19.68,357.228073265071,357.228073265071,5.14187705081505E-06,5.14187705081505E-06,-1.69387152899379,-1.69387152899379,1,3.96621336188203E-05,3.96621336188203E-05,2768.88424718944,2768.88424718944,-241659.344333405,-241659.344333405,9.14320456215126E-02,9.14320456215126E-02,100000000000,-2216.41314850797,-2216.41314850797)
PVTTABLE POINT = (30400000,21.04,354.930463407767,354.930463407767,5.18475945249079E-06,5.18475945249079E-06,-1.68491631514321,-1.68491631514321,1,3.93650109102636E-05,3.93650109102636E-05,2768.56574493601,2768.56574493601,-237893.858897533,-237893.858897533,0.09088238133277,0.09088238133277,100000000000,-2203.58396946725,-2203.58396946725)
PVTTABLE POINT = (30400000,22.4,352.645235210338,352.645235210338,5.22663234241938E-06,5.22663234241938E-06,-1.67566481445718,-1.67566481445718,1,3.90733416209872E-05,3.90733416209872E-05,2768.07715661992,2768.07715661992,-234128.922617153,-234128.922617153,9.03436185212501E-02,9.03436185212501E-02,100000000000,-2190.815823471,-2190.815823471)
PVTTABLE POINT = (30400000,23.76,350.37278497482,350.37278497482,5.26747188656172E-06,5.26747188656172E-06,-1.6661268642378,-1.6661268642378,1,3.87870137831799E-05,3.87870137831799E-05,2767.42156818752,2767.42156818752,-230364.764742346,-230364.764742346,8.98156820417827E-02,8.98156820417827E-02,100000000000,-2178.10892400925,-2178.10892400925)
PVTTABLE POINT = (30400000,25.12,348.113495384287,348.113495384287,5.30725617575353E-06,5.30725617575353E-06,-1.65631264944842,-1.65631264944842,1,3.85059193993068E-05,3.85059193993068E-05,2766.60233681407,2766.60233681407,-226601.610140376,-226601.610140376,8.92984931336068E-02,8.92984931336068E-02,100000000000,-2165.46346691768,-2165.46346691768)
PVTTABLE POINT = (30400000,26.48,345.867735053184,345.867735053184,5.34596526292081E-06,5.34596526292081E-06,-1.64623266851005,-1.64623266851005,1,3.82299542808017E-05,3.82299542808017E-05,2765.6230772052,2765.6230772052,-222839.678936018,-222839.678936018,8.87919695388549E-02,8.87919695388549E-02,100000000000,-2152.87962949577,-2152.87962949577)
PVTTABLE POINT = (30400000,27.84,343.63585812474,343.63585812474,5.38358119087933E-06,5.38358119087933E-06,-1.63589769831876,-1.63589769831876,1,3.79590178867922E-05,3.79590178867922E-05,2764.48764698315,2764.48764698315,-219079.186171162,-219079.186171162,8.82960256271835E-02,8.82960256271835E-02,100000000000,-2140.35756970901,-2140.35756970901)
PVTTABLE POINT = (30400000,29.2,341.41820391635,341.41820391635,5.4200880107391E-06,5.4200880107391E-06,-1.6253187587241,-1.6253187587241,1,3.76930131635056E-05,3.76930131635056E-05,2763.20013127002,2763.20013127002,-215320.341484842,-215320.341484842,8.78105725261846E-02,8.78105725261846E-02,100000000000,-2127.89742547692,-2127.89742547692)
PVTTABLE POINT = (30400000,30.56,339.215096613496,339.215096613496,5.45547179101581E-06,5.45547179101581E-06,-1.6145070767071,-1.6145070767071,1,3.74318463849766E-05,3.74318463849766E-05,2761.76482658475,2761.76482658475,-211563.348814717,-211563.348814717,8.73355182571946E-02,8.73355182571946E-02,100000000000,-2115.4993140477,-2115.4993140477)
PVTTABLE POINT = (30400000,31.92,337.026845012456,337.026845012456,5.4897206176287E-06,5.4897206176287E-06,-1.60347405049221,-1.60347405049221,1,3.71754269956559E-05,3.71754269956559E-05,2760.18622417267,2760.18622417267,-207808.406120852,-207808.406120852,8.68707678760786E-02,8.68707678760786E-02,100000000000,-2103.16333146022,-2103.16333146022)
PVTTABLE POINT = (30400000,33.28,334.853742311743,334.853742311743,5.52282458503704E-06,5.52282458503704E-06,-1.59223121382077,-1.59223121382077,1,3.69236674554767E-05,3.69236674554767E-05,2758.46899288827,2758.46899288827,-204055.705132477,-204055.705132477,8.64162236185386E-02,8.64162236185386E-02,100000000000,-2090.88955209309,-2090.88955209309)
PVTTABLE POINT = (30400000,34.64,332.696065951885,332.696065951885,5.55477577883489E-06,5.55477577883489E-06,-1.58079020060453,-1.58079020060453,1,3.66764830879052E-05,3.66764830879052E-05,2756.61796175145,2756.61796175145,-200305.431118282,-200305.431118282,8.59717850494632E-02,8.59717850494632E-02,100000000000,-2078.67802830033,-2078.67802830033)
PVTTABLE POINT = (30400000,36,330.554077502912,330.554077502912,5.58556825018496E-06,5.58556825018496E-06,-1.56916271016705,-1.56916271016705,1,3.64337919314568E-05,3.64337919314568E-05,2754.63810229613,2754.63810229613,-196557.76268057,-196557.76268057,8.55373492158033E-02,8.55373492158033E-02,100000000000,-2066.52879013244,-2066.52879013244)
PVTTABLE POINT = (30400000,37.36,328.428022598601,328.428022598601,5.61519798252722E-06,5.61519798252722E-06,-1.55736047326731,-1.55736047326731,1,3.61955145951165E-05,3.61955145951165E-05,2752.53451082745,2752.53451082745,-192812.8715735,-192812.8715735,8.51128108024286E-02,8.51128108024286E-02,100000000000,-2054.44184514138,-2054.44184514138)
PVTTABLE POINT = (30400000,38.72,326.318130916285,326.318130916285,5.643662851045E-06,5.643662851045E-06,-1.54539521908607,-1.54539521908607,1,3.59615741180572E-05,3.59615741180572E-05,2750.3123906999,2750.3123906999,-189070.922545463,-189070.922545463,8.46980622903928E-02,8.46980622903928E-02,100000000000,-2042.41717826726,-2042.41717826726)
PVTTABLE POINT = (30400000,40.08,324.224616200826,324.224616200826,5.67096257541137E-06,5.67096257541137E-06,-1.53327864333941,-1.53327864333941,1,3.57318958340008E-05,3.57318958340008E-05,2747.97703472388,2747.97703472388,-185332.07320547,-185332.07320547,8.42929941170161E-02,8.42929941170161E-02,100000000000,-2030.45475180444,-2030.45475180444)
PVTTABLE POINT = (30400000,41.44,322.147676331089,322.147676331089,5.69709866637122E-06,5.69709866637122E-06,-1.52102237766724,-1.52102237766724,1,3.55064072405218E-05,3.55064072405218E-05,2745.5338078024,2745.5338078024,-181596.47391334,-181596.47391334,8.38974948371694E-02,8.38974948371694E-02,100000000000,-2018.55450544407,-2018.55450544407)
PVTTABLE POINT = (30400000,42.8,320.087493427117,320.087493427117,5.72207436673848E-06,5.72207436673848E-06,-1.5086379604272,-1.5086379604272,1,3.52850378735424E-05,3.52850378735424E-05,2742.98812989296,2742.98812989296,-177864.267693275,-177864.267693275,8.35114512851396E-02,8.35114512851396E-02,100000000000,-2006.71635639004,-2006.71635639004)
PVTTABLE POINT = (30400000,44.16,318.044233995997,318.044233995997,5.74589458740603E-06,5.74589458740603E-06,-1.49613680900649,-1.49613680900649,1,3.50677191872223E-05,3.50677191872223E-05,2740.3454593825,2740.3454593825,-174135.590170346,-174135.590170346,8.31347487364451E-02,8.31347487364451E-02,100000000000,-1994.94019954462,-1994.94019954462)
PVTTABLE POINT = (30400000,45.52,316.0180491143,316.0180491143,5.76856583897507E-06,5.76856583897507E-06,-1.48353019374609,-1.48353019374609,1,3.48543844393994E-05,3.48543844393994E-05,2737.61127695537,2737.61127695537,-170410.569529258,-170410.569529258,8.27672710689759E-02,8.27672710689759E-02,100000000000,-1983.22590776037,-1983.22590776037)
PVTTABLE POINT = (30400000,46.88,314.009074644841,314.009074644841,5.79009615961403E-06,5.79009615961403E-06,-1.47082921355393,-1.47082921355393,1,3.46449685826919E-05,3.46449685826919E-05,2734.79107002636,2734.79107002636,-166689.326494677,-166689.326494677,8.24089009228336E-02,8.24089009228336E-02,100000000000,-1971.57333215407,-1971.57333215407)
PVTTABLE POINT = (30400000,48.24,312.017431485426,312.017431485426,5.81049503975362E-06,5.81049503975362E-06,-1.45804477326578,-1.45804477326578,1,3.44394081613314E-05,3.44394081613314E-05,2731.89031780224,2731.89031780224,-162971.974332312,-162971.974332312,8.20595198582742E-02,8.20595198582742E-02,100000000000,-1959.98230247876,-1959.98230247876)
PVTTABLE POINT = (30400000,49.6,310.043225847169,310.043225847169,5.82977334421478E-06,5.82977334421478E-06,-1.44518756279566,-1.44518756279566,1,3.42376412137527E-05,3.42376412137527E-05,2728.91447702662,2728.91447702662,-159258.618869853,-159258.618869853,8.17190085111658E-02,8.17190085111658E-02,100000000000,-1948.45262754964,-1948.45262754964)
PVTTABLE POINT = (30400000,50.96,308.086549559938,308.086549559938,5.84794323235172E-06,5.84794323235172E-06,-1.43226803810105,-1.43226803810105,1,3.40396071809288E-05,3.40396071809288E-05,2725.86896845482,2725.86896845482,-155549.358536796,-155549.358536796,8.13872467454074E-02,8.13872467454074E-02,100000000000,-1936.98409571928,-1936.98409571928)
PVTTABLE POINT = (30400000,52.32,306.147480402446,306.147480402446,5.86501807677179E-06,5.86501807677179E-06,-1.41929640397252,-1.41929640397252,1,3.38452468204062E-05,3.38452468204062E-05,2722.7591640964,2722.7591640964,-151844.28442216,-151844.28442216,8.10641138017958E-02,8.10641138017958E-02,100000000000,-1925.5764753981,-1925.5764753981)
PVTTABLE POINT = (30400000,53.68,304.226082454507,304.226082454507,5.88101238117026E-06,5.88101238117026E-06,-1.40628259864294,-1.40628259864294,1,3.36545021259586E-05,3.36545021259586E-05,2719.59037525539,2719.59037525539,-148143.480348999,-148143.480348999,8.07494884428544E-02,8.07494884428544E-02,100000000000,-1914.22951561543,-1914.22951561543)
PVTTABLE POINT = (30400000,55.04,302.322406469001,302.322406469001,5.89594169778989E-06,5.89594169778989E-06,-1.39323628019787,-1.39323628019787,1,3.34673162527525E-05,3.34673162527525E-05,2716.36784138978,2716.36784138978,-144447.022964633,-144447.022964633,8.04432490931941E-02,8.04432490931941E-02,100000000000,-1902.94294661689,-1902.94294661689)
PVTTABLE POINT = (30400000,56.4,300.436490261107,300.436490261107,5.90982254498473E-06,5.90982254498473E-06,-1.3801668147563,-1.3801668147563,1,3.32836334478879E-05,3.32836334478879E-05,2713.09671980454,2713.09671980454,-140754.981845466,-140754.981845466,8.01452739750173E-02,8.01452739750173E-02,100000000000,-1891.71648049387,-1891.71648049387)
PVTTABLE POINT = (30400000,57.76,298.568359112433,298.568359112433,5.92267232533424E-06,5.92267232533424E-06,-1.36708326638012,-1.36708326638012,1,3.31033989861566E-05,3.31033989861566E-05,2709.78207618531,2709.78207618531,-137067.419615237,-137067.419615237,7.98554412384312E-02,7.98554412384312E-02,100000000000,-1880.54981184064,-1880.54981184064)
PVTTABLE POINT = (30400000,59.12,296.718026187725,296.718026187725,5.9345092447191E-06,5.9345092447191E-06,-1.3539943886604,-1.3539943886604,1,3.29265591108399E-05,3.29265591108399E-05,2706.428875973,2706.428875973,-133384.392075596,-133384.392075596,7.95736290862874E-02,7.95736290862874E-02,100000000000,-1869.44261843515,-1869.44261843515)
PVTTABLE POINT = (30400000,60.48,294.885492961903,294.885492961903,5.94535223273385E-06,5.94535223273385E-06,-1.34090861792055,-1.34090861792055,1,3.2753060979351E-05,3.2753060979351E-05,2703.04197657362,2703.04197657362,-129705.948347817,-129705.948347817,7.92997158933167E-02,7.92997158933167E-02,100000000000,-1858.39456193949,-1858.39456193949)
PVTTABLE POINT = (30400000,61.84,293.070749655291,293.070749655291,5.95522086477502E-06,5.95522086477502E-06,-1.32783406796849,-1.32783406796849,1,3.25828526135134E-05,3.25828526135134E-05,2699.62612039186,2699.62612039186,-126032.131024558,-126032.131024558,7.90335803193866E-02,7.90335803193866E-02,100000000000,-1847.40528861602,-1847.40528861602)
PVTTABLE POINT = (30400000,63.2,291.27377567496,291.27377567496,5.96413528610618E-06,5.96413528610618E-06,-1.3147785263246,-1.3147785263246,1,3.24158828542549E-05,3.24158828542549E-05,2696.18592867212,2696.18592867212,-122362.976330548,-122362.976330548,7.87751014167556E-02,7.87751014167556E-02,100000000000,-1836.47443005562,-1836.47443005562)
PVTTABLE POINT = (30400000,64.56,289.494540060255,289.494540060255,5.97211613816533E-06,5.97211613816533E-06,-1.30174945184658,-1.30174945184658,1,3.22521013204913E-05,3.22521013204913E-05,2692.72589612592,2692.72589612592,-118698.514291095,-118698.514291095,7.85241587312529E-02,7.85241587312529E-02,100000000000,-1825.60160391459,-1825.60160391459)
PVTTABLE POINT = (30400000,65.92,287.733001930633,287.733001930633,5.9791844873435E-06,5.9791844873435E-06,-1.28875397366931,-1.28875397366931,1,3.20914583719655E-05,3.20914583719655E-05,2689.25038632098,2689.25038632098,-115038.768907401,-115038.768907401,0.07828063239736,0.07828063239736,100000000000,-1814.78641465662,-1814.78641465662)
PVTTABLE POINT = (30400000,67.28,285.989110934112,285.989110934112,5.98536175642907E-06,5.98536175642907E-06,-1.2757988913745,-1.2757988913745,1,3.19339050758052E-05,3.19339050758052E-05,2685.76362780384,2685.76362780384,-111383.758337629,-111383.758337629,7.80444032272151E-02,7.80444032272151E-02,100000000000,-1804.02845429704,-1804.02845429704)
PVTTABLE POINT = (30400000,68.64,284.262807694693,284.262807694693,5.99066965887862E-06,5.99066965887862E-06,-1.2628906763037,-1.2628906763037,1,3.17793931765626E-05,3.17793931765626E-05,2682.26971092493,2682.26971092493,-107733.495082772,-107733.495082772,7.78153527936033E-02,7.78153527936033E-02,100000000000,-1793.32730314624,-1793.32730314624)
PVTTABLE POINT = (31000000,2,390.688834588685,390.688834588685,4.38336617378372E-06,4.38336617378372E-06,-1.75653738593115,-1.75653738593115,1,4.45621984055386E-05,4.45621984055386E-05,2742.5107272696,2742.5107272696,-290935.243781355,-290935.243781355,0.100392010957105,0.100392010957105,100000000000,-2395.62166194279,-2395.62166194279)
PVTTABLE POINT = (31000000,3.36,388.302753709487,388.302753709487,4.43465770340301E-06,4.43465770340301E-06,-1.75234456959071,-1.75234456959071,1,4.41802923108284E-05,4.41802923108284E-05,2744.57518858188,2744.57518858188,-287204.006047799,-287204.006047799,0.099696951428127,0.099696951428127,100000000000,-2382.09432938661,-2382.09432938661)
PVTTABLE POINT = (31000000,4.72,385.922621440062,385.922621440062,4.4854364315406E-06,4.4854364315406E-06,-1.74778982982863,-1.74778982982863,1,4.3805772192963E-05,4.3805772192963E-05,2746.46862382279,2746.46862382279,-283470.076804698,-283470.076804698,9.90132844103576E-02,9.90132844103576E-02,100000000000,-2368.62365699337,-2368.62365699337)
PVTTABLE POINT = (31000000,6.08,383.548928235998,383.548928235998,4.53566367304462E-06,4.53566367304462E-06,-1.74287585115074,-1.74287585115074,1,4.34384587882334E-05,4.34384587882334E-05,2748.18994748609,2748.18994748609,-279733.689419462,-279733.689419462,9.83409880209982E-02,9.83409880209982E-02,100000000000,-2355.20992927799,-2355.20992927799)
PVTTABLE POINT = (31000000,7.44,381.182160511585,381.182160511585,4.58530137182747E-06,4.58530137182747E-06,-1.737605891445,-1.737605891445,1,4.30781785036204E-05,4.30781785036204E-05,2749.73837478251,2749.73837478251,-275995.078531829,-275995.078531829,9.76800360643927E-02,9.76800360643927E-02,100000000000,-2341.8534311544,-2341.8534311544)
PVTTABLE POINT = (31000000,8.8,378.82279986342,378.82279986342,4.63431221267636E-06,4.63431221267636E-06,-1.73198377655077,-1.73198377655077,1,4.27247633230714E-05,4.27247633230714E-05,2751.11342564713,2751.11342564713,-272254.479642018,-272254.479642018,9.70303980468922E-02,9.70303980468922E-02,100000000000,-2328.55444646349,-2328.55444646349)
PVTTABLE POINT = (31000000,10.16,376.471322303111,376.471322303111,4.68265973076631E-06,4.68265973076631E-06,-1.72601389231452,-1.72601389231452,1,4.23780507065559E-05,4.23780507065559E-05,2752.31492745394,2752.31492745394,-268512.128694311,-268512.128694311,9.63920392013431E-02,9.63920392013431E-02,100000000000,-2315.31325652049,-2315.31325652049)
PVTTABLE POINT = (31000000,11.52,374.128197502481,374.128197502481,4.73030841816278E-06,4.73030841816278E-06,-1.71970117416086,-1.71970117416086,1,4.20378834822265E-05,4.20378834822265E-05,2753.34301640848,2753.34301640848,-264768.26165784,-264768.26165784,9.57649205208892E-02,9.57649205208892E-02,100000000000,-2302.13013868706,-2302.13013868706)
PVTTABLE POINT = (31000000,12.88,371.793888054617,371.793888054617,4.77722382662065E-06,4.77722382662065E-06,-1.71305109422911,-1.71305109422911,1,4.17041097320636E-05,4.17041097320636E-05,2754.19813760007,2754.19813760007,-261023.114106383,-261023.114106383,9.51489988017789E-02,9.51489988017789E-02,100000000000,-2289.00536497415,-2289.00536497415)
PVTTABLE POINT = (31000000,14.24,369.468848754026,369.468848754026,4.82337266601311E-06,4.82337266601311E-06,-1.70606964614697,-1.70606964614697,1,4.13765826714197E-05,4.13765826714197E-05,2754.88104370665,2754.88104370665,-257276.920799016,-257276.920799016,9.45442266948559E-02,9.45442266948559E-02,100000000000,-2275.93920068087,-2275.93920068087)
PVTTABLE POINT = (31000000,15.6,367.153525899061,367.153525899061,4.86872289775911E-06,4.86872289775911E-06,-1.69876332753298,-1.69876332753298,1,4.10551605229269E-05,4.10551605229269E-05,2755.39279235676,2755.39279235676,-253529.915263432,-253529.915263432,0.09395055276542,0.09395055276542,100000000000,-2262.93190307473,-2262.93190307473)
PVTTABLE POINT = (31000000,16.96,364.848356619621,364.848356619621,4.91324382265978E-06,4.91324382265978E-06,-1.69113912033919,-1.69113912033919,1,4.07397063852638E-05,4.07397063852638E-05,2755.73474216474,2755.73474216474,-249782.329383752,-249782.329383752,9.33679215611388E-02,9.33679215611388E-02,100000000000,-2249.98372011849,-2249.98372011849)
PVTTABLE POINT = (31000000,18.32,362.553768232982,362.553768232982,4.95690616260284E-06,4.95690616260284E-06,-1.68320446916365,-1.68320446916365,1,4.04300880973094E-05,4.04300880973094E-05,2755.90854746642,2755.90854746642,-246034.392994625,-246034.392994625,9.27962736876975E-02,9.27962736876975E-02,100000000000,-2237.0948892483,-2237.0948892483)
PVTTABLE POINT = (31000000,19.68,360.270177630424,360.270177630424,4.99968213564875E-06,4.99968213564875E-06,-1.67496725767888,-1.67496725767888,1,4.0126178098242E-05,4.0126178098242E-05,2755.91615179361,2755.91615179361,-242286.333483341,-242286.333483341,0.092235545891873,0.092235545891873,100000000000,-2224.26563620779,-2224.26563620779)
PVTTABLE POINT = (31000000,21.04,357.997990697106,357.997990697106,5.04154552407157E-06,5.04154552407157E-06,-1.66643578333775,-1.66643578333775,1,3.98278532841594E-05,3.98278532841594E-05,2755.75978013647,2755.75978013647,-238538.375401647,-238538.375401647,9.16856711517206E-02,9.16856711517206E-02,100000000000,-2211.49617394224,-2211.49617394224)
PVTTABLE POINT = (31000000,22.4,355.737601767406,355.737601767406,5.08247173499184E-06,5.08247173499184E-06,-1.65761873053109,-1.65761873053109,1,3.95349948618125E-05,3.95349948618125E-05,2755.44193005224,2755.44193005224,-234790.740088893,-234790.740088893,9.11465787735592E-02,9.11465787735592E-02,100000000000,-2198.78670155656,-2198.78670155656)
PVTTABLE POINT = (31000000,23.76,353.489393117728,353.489393117728,5.12243785330546E-06,5.12243785330546E-06,-1.64852514238231,-1.64852514238231,1,3.92474882000591E-05,3.92474882000591E-05,2754.96536168841,2754.96536168841,-231043.645307995,-231043.645307995,9.06181944954366E-02,9.06181944954366E-02,100000000000,-2186.13740334056,-2186.13740334056)
PVTTABLE POINT = (31000000,25.12,351.253734498476,351.253734498476,5.16142268668235E-06,5.16142268668235E-06,-1.63916439137333,-1.63916439137333,1,3.8965222679643E-05,3.8965222679643E-05,2754.33308679636,2754.33308679636,-227297.304895683,-227297.304895683,9.01004405967514E-02,9.01004405967514E-02,100000000000,-2173.54844786449,-2173.54844786449)
PVTTABLE POINT = (31000000,26.48,349.03098270666,349.03098270666,5.19940680247935E-06,5.19940680247935E-06,-1.62954614900245,-1.62954614900245,1,3.86880915419066E-05,3.86880915419066E-05,2753.54835681887,2753.54835681887,-223551.928428312,-223551.928428312,8.95932360136981E-02,8.95932360136981E-02,100000000000,-2161.01998714717,-2161.01998714717)
PVTTABLE POINT = (31000000,27.84,346.821481200312,346.821481200312,5.23637255648277E-06,5.23637255648277E-06,-1.61968035467884,-1.61968035467884,1,3.84159917370381E-05,3.84159917370381E-05,2752.61465014128,2752.61465014128,-219807.720904467,-219807.720904467,8.90964964601883E-02,8.90964964601883E-02,100000000000,-2148.55215589886,-2148.55215589886)
PVTTABLE POINT = (31000000,29.2,344.625559755607,344.625559755607,5.27230411346641E-06,5.27230411346641E-06,-1.60957718406049,-1.60957718406049,1,3.81488237724402E-05,3.81488237724402E-05,2751.53565860064,2751.53565860064,-216064.882445412,-216064.882445412,8.86101345538855E-02,8.86101345538855E-02,100000000000,-2136.14507084043,-2136.14507084043)
PVTTABLE POINT = (31000000,30.56,342.443534167302,342.443534167302,5.30718745961953E-06,5.30718745961953E-06,-1.5992470170417,-1.5992470170417,1,3.78864915617926E-05,3.78864915617926E-05,2750.315273352,2750.315273352,-212323.608014344,-212323.608014344,8.81340599469761E-02,8.81340599469761E-02,100000000000,-2123.79883009979,-2123.79883009979)
PVTTABLE POINT = (31000000,31.92,340.275705992843,340.275705992843,5.34101040696555E-06,5.34101040696555E-06,-1.58870040559373,-1.58870040559373,1,3.76289022753575E-05,3.76289022753575E-05,2748.95757019275,2748.95757019275,-208584.087155243,-208584.087155243,8.76681794612744E-02,8.76681794612744E-02,100000000000,-2111.51351268619,-2111.51351268619)
PVTTABLE POINT = (31000000,33.28,338.122362340182,338.122362340182,5.37376258995462E-06,5.37376258995462E-06,-1.57794804165718,-1.57794804165718,1,3.73759661920508E-05,3.73759661920508E-05,2747.46679444834,2747.46679444834,-204846.503751988,-204846.503751988,8.72123972272422E-02,8.72123972272422E-02,100000000000,-2099.28917804256,-2099.28917804256)
PVTTABLE POINT = (31000000,34.64,335.983775699133,335.983775699133,5.4054354544725E-06,5.4054354544725E-06,-1.56700072527833,-1.56700072527833,1,3.71275965537745E-05,3.71275965537745E-05,2745.84734552268,2745.84734552268,-201111.035808277,-201111.035808277,8.67666148264786E-02,8.67666148264786E-02,100000000000,-2087.12586567538,-2087.12586567538)
PVTTABLE POINT = (31000000,36,333.860203815779,333.860203815779,5.43602223956138E-06,5.43602223956138E-06,-1.55586933317272,-1.55586933317272,1,3.68837094224691E-05,3.68837094224691E-05,2744.10376121576,2744.10376121576,-197377.855248724,-197377.855248724,8.63307314372175E-02,8.63307314372175E-02,100000000000,-2075.0235948615,-2075.0235948615)
PVTTABLE POINT = (31000000,37.36,331.751889609247,331.751889609247,5.46551795219772E-06,5.46551795219772E-06,-1.54456478788929,-1.54456478788929,1,3.66442235403127E-05,3.66442235403127E-05,2742.24070190981,2742.24070190981,-193647.127741383,-193647.127741383,8.59046439823446E-02,8.59046439823446E-02,100000000000,-2062.98236443047,-2062.98236443047)
PVTTABLE POINT = (31000000,38.72,329.659061129923,329.659061129923,5.49391933551459E-06,5.49391933551459E-06,-1.53309802773696,-1.53309802773696,1,3.64090601934521E-05,3.64090601934521E-05,2740.26293472176,2740.26293472176,-189919.012541811,-189919.012541811,8.54882472794298E-02,8.54882472794298E-02,100000000000,-2051.00215262083,-2051.00215262083)
PVTTABLE POINT = (31000000,40.08,327.581931557956,327.581931557956,5.52122483089336E-06,5.52122483089336E-06,-1.52147997762253,-1.52147997762253,1,3.61781430796146E-05,3.61781430796146E-05,2738.17531771698,2738.17531771698,-186193.662358661,-186193.662358661,8.50814341922577E-02,8.50814341922577E-02,100000000000,-2039.08291700849,-2039.08291700849)
PVTTABLE POINT = (31000000,41.44,325.520699240732,325.520699240732,5.54743453438048E-06,5.54743453438048E-06,-1.50972152093548,-1.50972152093548,1,3.59513981799058E-05,3.59513981799058E-05,2735.98278427399,2735.98278427399,-182471.223240644,-182471.223240644,8.46840957833162E-02,8.46840957833162E-02,100000000000,-2027.22459450462,-2027.22459450462)
PVTTABLE POINT = (31000000,42.8,323.4755477678,323.4755477678,5.5725501479095E-06,5.5725501479095E-06,-1.49783347260033,-1.49783347260033,1,3.57287536350599E-05,3.57287536350599E-05,2733.69032768537,2733.69032768537,-178751.834484605,-178751.834484605,8.42961214667064E-02,8.42961214667064E-02,100000000000,-2015.42710142072,-2015.42710142072)
PVTTABLE POINT = (31000000,44.16,321.446646081591,321.446646081591,5.59657492582727E-06,5.59657492582727E-06,-1.4858265534031,-1.4858265534031,1,3.55101396263652E-05,3.55101396263652E-05,2731.3029860737,2731.3029860737,-175035.628564338,-175035.628564338,8.39173991609243E-02,8.39173991609243E-02,100000000000,-2003.69033359762,-2003.69033359762)
PVTTABLE POINT = (31000000,45.52,319.434148622136,319.434148622136,5.61951361723534E-06,5.61951361723534E-06,-1.47371136568239,-1.47371136568239,1,3.52954882614483E-05,3.52954882614483E-05,2728.82582769561,2728.82582769561,-171322.731079658,-171322.731079658,8.35478154409698E-02,8.35478154409698E-02,100000000000,-1992.01416659551,-1992.01416659551)
PVTTABLE POINT = (31000000,46.88,317.438195503874,317.438195503874,5.64137240466422E-06,5.64137240466422E-06,-1.46149837046105,-1.46149837046105,1,3.50847334650592E-05,3.50847334650592E-05,2726.26393669986,2726.26393669986,-167613.260725158,-167613.260725158,8.31872556892421E-02,8.31872556892421E-02,100000000000,-1980.39845594161,-1980.39845594161)
PVTTABLE POINT = (31000000,48.24,315.458912722541,315.458912722541,5.66215883959912E-06,5.66215883959912E-06,-1.44919786607909,-1.44919786607909,1,3.48778108749615E-05,3.48778108749615E-05,2723.62239939885,2723.62239939885,-163907.329277992,-163907.329277992,8.28356042446971E-02,8.28356042446971E-02,100000000000,-1968.84303743183,-1968.84303743183)
PVTTABLE POINT = (31000000,49.6,313.496412390076,313.496412390076,5.68188177537135E-06,5.68188177537135E-06,-1.43681996837355,-1.43681996837355,1,3.46746577429934E-05,3.46746577429934E-05,2720.9062911056,2720.9062911056,-160205.041603952,-160205.041603952,8.24927445497529E-02,8.24927445497529E-02,100000000000,-1957.3477274829,-1957.3477274829)
PVTTABLE POINT = (31000000,50.96,311.550792995408,311.550792995408,5.70055129792063E-06,5.70055129792063E-06,-1.4243745924371,-1.4243745924371,1,3.44752128413312E-05,3.44752128413312E-05,2718.12066358103,2718.12066358103,-156506.495681033,-156506.495681033,8.21585592944559E-02,8.21585592944559E-02,100000000000,-1945.91232353114,-1945.91232353114)
PVTTABLE POINT = (31000000,52.32,309.622139688971,309.622139688971,5.71817865491993E-06,5.71817865491993E-06,-1.4118714359732,-1.4118714359732,1,3.42794163739516E-05,3.42794163739516E-05,2715.27053312945,2715.27053312945,-152811.782639632,-152811.782639632,8.18329305574502E-02,8.18329305574502E-02,100000000000,-1934.53660447419,-1934.53660447419)
PVTTABLE POINT = (31000000,53.68,307.710524588759,307.710524588759,5.73477618373733E-06,5.73477618373733E-06,-1.39931996425279,-1.39931996425279,1,3.40872098932603E-05,3.40872098932603E-05,2712.36086937282,2712.36086937282,-149120.986818487,-149120.986818487,0.081515739943317,0.081515739943317,100000000000,-1923.22033115167,-1923.22033115167)
PVTTABLE POINT = (31000000,55.04,305.816007105765,305.816007105765,5.75035723868843E-06,5.75035723868843E-06,-1.38672939666559,-1.38672939666559,1,3.38985362218248E-05,3.38985362218248E-05,2709.39658472767,2709.39658472767,-145434.185835393,-145434.185835393,8.12068687158939E-02,8.12068687158939E-02,100000000000,-1911.96324686105,-1911.96324686105)
PVTTABLE POINT = (31000000,56.4,303.938634286627,303.938634286627,5.76493611800945E-06,5.76493611800945E-06,-1.37410869484754,-1.37410869484754,1,3.37133393791228E-05,3.37133393791228E-05,2706.38252460189,2706.38252460189,-141751.450671761,-141751.450671761,8.09061979272186E-02,8.09061979272186E-02,100000000000,-1900.76507790493,-1900.76507790493)
PVTTABLE POINT = (31000000,57.76,302.078441171365,302.078441171365,5.7785279909553E-06,5.7785279909553E-06,-1.36146655235617,-1.36146655235617,1,3.35315645131953E-05,3.35315645131953E-05,2703.32345832236,2703.32345832236,-138072.845769989,-138072.845769989,8.06136085417861E-02,8.06136085417861E-02,100000000000,-1889.62553416587,-1889.62553416587)
PVTTABLE POINT = (31000000,59.12,300.235451164137,300.235451164137,5.79114882539888E-06,5.79114882539888E-06,-1.34881138585624,-1.34881138585624,1,3.3353157837073E-05,3.3353157837073E-05,2700.22407079827,2700.22407079827,-134398.429142696,-134398.429142696,8.03289815558512E-02,8.03289815558512E-02,100000000000,-1878.54430970517,-1878.54430970517)
PVTTABLE POINT = (31000000,60.48,298.409676414968,298.409676414968,5.80281531627887E-06,5.80281531627887E-06,-1.33615132776998,-1.33615132776998,1,3.31780665698263E-05,3.31780665698263E-05,2697.08895491973,2697.08895491973,-130728.252492776,-130728.252492776,8.00521981115506E-02,8.00521981115506E-02,100000000000,-1867.52108338196,-1867.52108338196)
PVTTABLE POINT = (31000000,61.84,296.601118210516,296.601118210516,5.81354481521321E-06,5.81354481521321E-06,-1.32349422033922,-1.32349422033922,1,3.30062388820725E-05,3.30062388820725E-05,2693.92260468596,2693.92260468596,-127062.3613433,-127062.3613433,7.97831396056708E-02,7.97831396056708E-02,100000000000,-1856.5555194891,-1856.5555194891)
PVTTABLE POINT = (31000000,63.2,294.809767371986,294.809767371986,5.82335526156493E-06,5.82335526156493E-06,-1.3108476110406,-1.3108476110406,1,3.28376238457658E-05,3.28376238457658E-05,2690.72940905264,2690.72940905264,-123400.795176274,-123400.795176274,7.95216877929238E-02,7.95216877929238E-02,100000000000,-1845.64726840266,-1845.64726840266)
PVTTABLE POINT = (31000000,64.56,293.035604658393,293.035604658393,5.83226511521601E-06,5.83226511521601E-06,-1.29821874929022,-1.29821874929022,1,3.2672171388079E-05,3.2672171388079E-05,2687.51364648423,2687.51364648423,-119743.587579278,-119743.587579278,7.92677248836459E-02,7.92677248836459E-02,100000000000,-1834.79596724165,-1834.79596724165)
PVTTABLE POINT = (31000000,65.92,291.278601173469,291.278601173469,5.84029329127502E-06,5.84029329127502E-06,-1.28561458436976,-1.28561458436976,1,3.25098322491829E-05,3.25098322491829E-05,2684.27948019268,2684.27948019268,-116090.766399054,-116090.766399054,7.90211336358719E-02,7.90211336358719E-02,100000000000,-1824.00124053493,-1824.00124053493)
PVTTABLE POINT = (31000000,67.28,289.5387187746,289.5387187746,5.84745909691395E-06,5.84745909691395E-06,-1.27304176450337,-1.27304176450337,1,3.23505579437224E-05,3.23505579437224E-05,2681.03095404134,2681.03095404134,-112442.353901101,-112442.353901101,7.87817974417781E-02,7.87817974417781E-02,100000000000,-1813.26270089267,-1813.26270089267)
PVTTABLE POINT = (31000000,68.64,287.815910482278,287.815910482278,5.85378217050089E-06,5.85378217050089E-06,-1.26050663701202,-1.26050663701202,1,3.2194300725783E-05,3.2194300725783E-05,2677.77198908982,2677.77198908982,-108798.366934417,-108798.366934417,7.85496004085277E-02,7.85496004085277E-02,100000000000,-1802.5799496793,-1802.5799496793)
PVTTABLE POINT = (31600000,2,393.283482440365,393.283482440365,4.2664569523555E-06,4.2664569523555E-06,-1.73418357817333,-1.73418357817333,1,4.50392040967208E-05,4.50392040967208E-05,2728.9003268069,2728.9003268069,-291279.7907618,-291279.7907618,0.101175850578377,0.101175850578377,100000000000,-2402.43683925467,-2402.43683925467)
PVTTABLE POINT = (31600000,3.36,390.927662508546,390.927662508546,4.31605036963266E-06,4.31605036963266E-06,-1.73019976395907,-1.73019976395907,1,4.46556010634592E-05,4.46556010634592E-05,2730.99211678955,2730.99211678955,-287567.045681497,-287567.045681497,0.100482044480183,0.100482044480183,100000000000,-2388.97655055154,-2388.97655055154)
PVTTABLE POINT = (31600000,4.72,388.577495647934,388.577495647934,4.36517074290852E-06,4.36517074290852E-06,-1.72587060222353,-1.72587060222353,1,4.42794314956232E-05,4.42794314956232E-05,2732.9225414099,2732.9225414099,-283851.56536051,-283851.56536051,9.97995193971616E-02,9.97995193971616E-02,100000000000,-2375.57243532013,-2375.57243532013)
PVTTABLE POINT = (31600000,6.08,386.233449926007,386.233449926007,4.41378208747696E-06,4.41378208747696E-06,-1.72119854147789,-1.72119854147789,1,4.3910514168993E-05,4.3910514168993E-05,2734.69054754431,2734.69054754431,-280133.570002727,-280133.570002727,9.91282524249952E-02,9.91282524249952E-02,100000000000,-2362.22473557036,-2362.22473557036)
PVTTABLE POINT = (31600000,7.44,383.895989721946,383.895989721946,4.46184896841388E-06,4.46184896841388E-06,-1.7161865565893,-1.7161865565893,1,4.35486734320282E-05,4.35486734320282E-05,2736.29535667474,2736.29535667474,-276413.281058038,-276413.281058038,9.84682164885356E-02,9.84682164885356E-02,100000000000,-2348.93369423658,-2348.93369423658)
PVTTABLE POINT = (31600000,8.8,381.565575013702,381.565575013702,4.50933660057761E-06,4.50933660057761E-06,-1.71083814412336,-1.71083814412336,1,4.31937391202986E-05,4.31937391202986E-05,2737.73646858737,2737.73646858737,-272690.920846223,-272690.920846223,9.78193803585974E-02,9.78193803585974E-02,100000000000,-2335.69955382246,-2335.69955382246)
PVTTABLE POINT = (31600000,10.16,379.242660672916,379.242660672916,4.55621094671729E-06,4.55621094671729E-06,-1.70515731546767,-1.70515731546767,1,4.28455464641809E-05,4.28455464641809E-05,2739.01366393786,2739.01366393786,-268966.71217659,-268966.71217659,9.71817086781395E-02,9.71817086781395E-02,100000000000,-2322.52255506354,-2322.52255506354)
PVTTABLE POINT = (31600000,11.52,376.927695770678,376.927695770678,4.60243881307602E-06,4.60243881307602E-06,-1.69914858775918,-1.69914858775918,1,4.25039359900935E-05,4.25039359900935E-05,2740.12700565698,2740.12700565698,-265240.877964897,-265240.877964897,9.65551619975141E-02,9.65551619975141E-02,100000000000,-2309.40293561214,-2309.40293561214)
PVTTABLE POINT = (31600000,12.88,374.621122897105,374.621122897105,4.64798794189073E-06,4.64798794189073E-06,-1.69281697265669,-1.69281697265669,1,4.21687534155845E-05,4.21687534155845E-05,2741.07683917957,2741.07683917957,-261513.640849175,-261513.640849175,9.59396968184515E-02,9.59396968184515E-02,100000000000,-2296.34092874977,-2296.34092874977)
PVTTABLE POINT = (31600000,14.24,372.323377497618,372.323377497618,4.692827100212E-06,4.692827100212E-06,-1.68616796301756,-1.68616796301756,1,4.18398495386287E-05,4.18398495386287E-05,2741.86379148956,2741.86379148956,-257785.222806035,-257785.222806035,9.53352656464379E-02,9.53352656464379E-02,100000000000,-2283.33676213181,-2283.33676213181)
PVTTABLE POINT = (31600000,15.6,370.034887228719,370.034887228719,4.73692616449514E-06,4.73692616449514E-06,-1.67920751755538,-1.67920751755538,1,4.1517080121525E-05,4.1517080121525E-05,2742.48876898311,2742.48876898311,-254055.844769081,-254055.844769081,9.47418170511454E-02,9.47418170511454E-02,100000000000,-2270.39065656912,-2270.39065656912)
PVTTABLE POINT = (31600000,16.96,367.756071335957,367.756071335957,4.78025620044768E-06,4.78025620044768E-06,-1.67194204357176,-1.67194204357176,1,4.12003057698214E-05,4.12003057698214E-05,2742.95295416219,2742.95295416219,-250325.726251024,-250325.726251024,9.41592957345646E-02,9.41592957345646E-02,100000000000,-2257.50282485103,-2257.50282485103)
PVTTABLE POINT = (31600000,18.32,365.487340056628,365.487340056628,4.82278953765765E-06,4.82278953765765E-06,-1.66437837787119,-1.66437837787119,1,4.08893918067234E-05,4.08893918067234E-05,2743.25780117997,2743.25780117997,-246595.084971082,-246595.084971082,0.093587642606497,0.093587642606497,100000000000,-2244.67347061404,-2244.67347061404)
PVTTABLE POINT = (31600000,19.68,363.229094049594,363.229094049594,4.86449983857206E-06,4.86449983857206E-06,-1.65652376598264,-1.65652376598264,1,4.05842081434684E-05,4.05842081434684E-05,2743.40503026922,2743.40503026922,-242864.136489198,-242864.136489198,9.30267948670615E-02,9.30267948670615E-02,100000000000,-2231.90278726023,-2231.90278726023)
PVTTABLE POINT = (31600000,21.04,360.981723854439,360.981723854439,4.90536216144318E-06,4.90536216144318E-06,-1.64838583982407,-1.64838583982407,1,4.02846291461701E-05,4.02846291461701E-05,2743.39662109362,2743.39662109362,-239133.093848569,-239133.093848569,9.24766860958733E-02,9.24766860958733E-02,100000000000,-2219.19095692897,-2219.19095692897)
PVTTABLE POINT = (31600000,22.4,358.745609381977,358.745609381977,4.94535301691339E-06,4.94535301691339E-06,-1.63997259395811,-1.63997259395811,1,3.99905334996531E-05,3.99905334996531E-05,2743.23480507054,2743.23480507054,-235402.167227936,-235402.167227936,9.19372463475507E-02,9.19372463475507E-02,100000000000,-2206.53814952549,-2206.53814952549)
PVTTABLE POINT = (31600000,23.76,356.521119437914,356.521119437914,4.98445041796467E-06,4.98445041796467E-06,-1.63129236059672,-1.63129236059672,1,3.97018040688115E-05,3.97018040688115E-05,2742.92205672158,2742.92205672158,-231671.563604963,-231671.563604963,9.14084022532076E-02,9.14084022532076E-02,100000000000,-2193.94452180921,-2193.94452180921)
PVTTABLE POINT = (31600000,25.12,354.308611281273,354.308611281273,5.02263392301644E-06,5.02263392301644E-06,-1.62235378352054,-1.62235378352054,1,3.94183277580316E-05,3.94183277580316E-05,2742.46108411453,2742.46108411453,-227941.486432024,-227941.486432024,9.08900771275872E-02,9.08900771275872E-02,100000000000,-2181.41021654452,-2181.41021654452)
PVTTABLE POINT = (31600000,26.48,352.108430218917,352.108430218917,5.05988467201488E-06,5.05988467201488E-06,-1.61316579108492,-1.61316579108492,1,3.91399953692207E-05,3.91399953692207E-05,2741.85481846675,2741.85481846675,-224212.135325554,-224212.135325554,9.03821910814843E-02,9.03821910814843E-02,100000000000,-2168.93536171632,-2168.93536171632)
PVTTABLE POINT = (31600000,27.84,349.920909237316,349.920909237316,5.09618541541617E-06,5.09618541541617E-06,-1.60373756848881,-1.60373756848881,1,3.8866701458982E-05,3.8866701458982E-05,2741.10640298537,2741.10640298537,-220483.705770078,-220483.705770078,8.98846611391043E-02,8.98846611391043E-02,100000000000,-2156.52006981215,-2156.52006981215)
PVTTABLE POINT = (31600000,29.2,347.74636867242,347.74636867242,5.13152053602563E-06,5.13152053602563E-06,-1.5940785294848,-1.5940785294848,1,3.85983441954695E-05,3.85983441954695E-05,2740.21918102457,2740.21918102457,-216756.388837876,-216756.388837876,8.93974013599915E-02,8.93974013599915E-02,100000000000,-2144.16443717235,-2144.16443717235)
PVTTABLE POINT = (31600000,30.56,345.585115918291,345.585115918291,5.16587606371311E-06,5.16587606371311E-06,-1.58419828770887,-1.58419828770887,1,3.83348252154427E-05,3.83348252154427E-05,2739.19668364381,2739.19668364381,-213030.370925189,-213030.370925189,0.088920322965154,0.088920322965154,100000000000,-2131.86854340938,-2131.86854340938)
PVTTABLE POINT = (31600000,31.92,343.437445174883,343.437445174883,5.1992396830813E-06,5.1992396830813E-06,-1.57410662780722,-1.57410662780722,1,3.80760494820278E-05,3.80760494820278E-05,2738.04261665341,2738.04261665341,-209305.833505693,-209305.833505693,8.84533344669999E-02,8.84533344669999E-02,100000000000,-2119.6324508969,-2119.6324508969)
PVTTABLE POINT = (31600000,33.28,341.303637235123,341.303637235123,5.23160073421813E-06,5.23160073421813E-06,-1.56381347653361,-1.56381347653361,1,3.78219251436703E-05,3.78219251436703E-05,2736.76084723597,2736.76084723597,-205582.952901891,-205582.952901891,8.79963418026846E-02,8.79963418026846E-02,100000000000,-2107.45620432869,-2107.45620432869)
PVTTABLE POINT = (31600000,34.64,339.183959311237,339.183959311237,5.26295020671485E-06,5.26295020671485E-06,-1.55332887398623,-1.55332887398623,1,3.75723633947407E-05,3.75723633947407E-05,2735.35539023248,2735.35539023248,-201861.900074938,-201861.900074938,8.75492484704562E-02,8.75492484704562E-02,100000000000,-2095.33983034749,-2095.33983034749)
PVTTABLE POINT = (31600000,36,337.078664899992,337.078664899992,5.29328072717922E-06,5.29328072717922E-06,-1.54266294514598,-1.54266294514598,1,3.73272783382315E-05,3.73272783382315E-05,2733.83039418212,2733.83039418212,-198142.8404333,-198142.8404333,8.71119556685749E-02,8.71119556685749E-02,100000000000,-2083.28333724299,-2083.28333724299)
PVTTABLE POINT = (31600000,37.36,334.987993686361,334.987993686361,5.32258654051607E-06,5.32258654051607E-06,-1.53182587187053,-1.53182587187053,1,3.70865868509489E-05,3.70865868509489E-05,2732.1901272035,2732.1901272035,-194425.933660509,-194425.933660509,8.66843624363627E-02,8.66843624363627E-02,100000000000,-2071.28671471817,-2071.28671471817)
PVTTABLE POINT = (31600000,38.72,332.912171484886,332.912171484886,5.35086348528651E-06,5.35086348528651E-06,-1.52082786548892,-1.52082786548892,1,3.68502084515784E-05,3.68502084515784E-05,2730.43896280319,2730.43896280319,-190711.333562182,-190711.333562182,8.62663657969329E-02,8.62663657969329E-02,100000000000,-2059.34993372249,-2059.34993372249)
PVTTABLE POINT = (31600000,40.08,330.851410217818,330.851410217818,5.37810896349072E-06,5.37810896349072E-06,-1.50967914013127,-1.50967914013127,1,3.66180651719631E-05,3.66180651719631E-05,2728.58136569471,2728.58136569471,-186999.187932344,-186999.187932344,8.58578609011375E-02,8.58578609011375E-02,100000000000,-2047.47294635069,-2047.47294635069)
PVTTABLE POINT = (31600000,41.44,328.805907928966,328.805907928966,5.40432190514856E-06,5.40432190514856E-06,-1.49838988691718,-1.49838988691718,1,3.63900814319051E-05,3.63900814319051E-05,2726.62187770772,2726.62187770772,-183289.638438979,-183289.638438979,0.085458741172257,0.085458741172257,100000000000,-2035.65568580486,-2035.65568580486)
PVTTABLE POINT = (31600000,42.8,326.775848831999,326.775848831999,5.42950272807552E-06,5.42950272807552E-06,-1.48697024911412,-1.48697024911412,1,3.61661839177602E-05,3.61661839177602E-05,2724.56510386297,2724.56510386297,-179582.820528648,-179582.820528648,8.50688984509584E-02,8.50688984509584E-02,100000000000,-2023.89806641788,-2023.89806641788)
PVTTABLE POINT = (31600000,44.16,324.761403391818,324.761403391818,5.45365329327103E-06,5.45365329327103E-06,-1.47543029836509,-1.47543029836509,1,3.59463014650642E-05,3.59463014650642E-05,2722.4156986842,2722.4156986842,-175878.863349888,-175878.863349888,8.46882231400409E-02,8.46882231400409E-02,100000000000,-2012.19998373569,-2012.19998373569)
PVTTABLE POINT = (31600000,45.52,322.762728437476,322.762728437476,5.47677685634898E-06,5.47677685634898E-06,-1.46378001207178,-1.46378001207178,1,3.57303649453894E-05,3.57303649453894E-05,2720.17835281281,2720.17835281281,-172177.889695023,-172177.889695023,8.43166043484929E-02,8.43166043484929E-02,100000000000,-2000.56131465563,-2000.56131465563)
PVTTABLE POINT = (31600000,46.88,320.779967305039,320.779967305039,5.49887801544982E-06,5.49887801544982E-06,-1.45202925200683,-1.45202925200683,1,3.55183071575982E-05,3.55183071575982E-05,2717.85777998592,2717.85777998592,-168480.015959948,-168480.015959948,8.39539300343831E-02,8.39539300343831E-02,100000000000,-1988.98191761823,-1988.98191761823)
PVTTABLE POINT = (31600000,48.24,318.81325000865,318.81325000865,5.51996265607675E-06,5.51996265607675E-06,-1.44018774421573,-1.44018774421573,1,3.53100627236219E-05,3.53100627236219E-05,2715.45870443255,2715.45870443255,-164785.352121338,-164785.352121338,8.36000871461306E-02,8.36000871461306E-02,100000000000,-1977.46163284912,-1977.46163284912)
PVTTABLE POINT = (31600000,49.6,316.862693438035,316.862693438035,5.54003789329876E-06,5.54003789329876E-06,-1.4282650602564,-1.4282650602564,1,3.51055679888624E-05,3.51055679888624E-05,2712.98584873681,2712.98584873681,-161094.001730688,-161094.001730688,8.32549617616986E-02,8.32549617616986E-02,100000000000,-1966.00028264825,-1966.00028264825)
PVTTABLE POINT = (31600000,50.96,314.928401580585,314.928401580585,5.55911201175802E-06,5.55911201175802E-06,-1.41627059981174,-1.41627059981174,1,3.49047609272804E-05,3.49047609272804E-05,2710.44392221086,2710.44392221086,-157406.061924515,-157406.061924515,8.29184392252818E-02,8.29184392252818E-02,100000000000,-1954.59767172285,-1954.59767172285)
PVTTABLE POINT = (31600000,52.32,313.010465766135,313.010465766135,5.57719440391067E-06,5.57719440391067E-06,-1.40421357469903,-1.40421357469903,1,3.47075810512021E-05,3.47075810512021E-05,2707.83760981451,2707.83760981451,-153721.623450008,-153721.623450008,8.25904042810844E-02,8.25904042810844E-02,100000000000,-1943.25358756111,-1943.25358756111)
PVTTABLE POINT = (31600000,53.68,311.108964932544,311.108964932544,5.59429550691825E-06,5.59429550691825E-06,-1.39210299428812,-1.39210299428812,1,3.45139693258492E-05,3.45139693258492E-05,2705.17156165201,2705.17156165201,-150040.770705356,-150040.770705356,8.22707412037986E-02,8.22707412037986E-02,100000000000,-1931.96780084301,-1931.96780084301)
PVTTABLE POINT = (31600000,55.04,309.223965910134,309.223965910134,5.61042673859149E-06,5.61042673859149E-06,-1.37994765232995,-1.37994765232995,1,3.43238680885683E-05,3.43238680885683E-05,2702.450383071,2702.450383071,-146363.581793952,-146363.581793952,8.19593339254338E-02,8.19593339254338E-02,100000000000,-1920.74006588498,-1920.74006588498)
PVTTABLE POINT = (31600000,56.4,307.355523723095,307.355523723095,5.6256004327706E-06,5.6256004327706E-06,-1.36775611518674,-1.36775611518674,1,3.41372209727114E-05,3.41372209727114E-05,2699.67862538253,2699.67862538253,-142690.12859165,-142690.12859165,8.16560661581743E-02,8.16560661581743E-02,100000000000,-1909.57012111508,-1909.57012111508)
PVTTABLE POINT = (31600000,57.76,305.503681905952,305.503681905952,5.63982977450607E-06,5.63982977450607E-06,-1.35553671144608,-1.35553671144608,1,3.39539728360967E-05,3.39539728360967E-05,2696.86077721585,2696.86077721585,-139020.476826193,-139020.476826193,8.13608215129784E-02,8.13608215129784E-02,100000000000,-1898.45768957527,-1898.45768957527)
PVTTABLE POINT = (31600000,59.12,303.668472833229,303.668472833229,5.65312873538198E-06,5.65312873538198E-06,-1.34329752289247,-1.34329752289247,1,3.37740696939569E-05,3.37740696939569E-05,2694.00125651606,2694.00125651606,-135354.68616799,-135354.68616799,0.081073483613668,0.081073483613668,100000000000,-1887.40247944758,-1887.40247944758)
PVTTABLE POINT = (31600000,60.48,301.849918060489,301.849918060489,5.66551200930031E-06,5.66551200930031E-06,-1.33104637680258,-1.33104637680258,1,3.35974586562656E-05,3.35974586562656E-05,2691.10440318811,2691.10440318811,-131692.810331313,-131692.810331313,8.07939362062947E-02,8.07939362062947E-02,100000000000,-1876.40418460082,-1876.40418460082)
PVTTABLE POINT = (31600000,61.84,300.048028674975,300.048028674975,5.67699494902068E-06,5.67699494902068E-06,-1.31879083952362,-1.31879083952362,1,3.34240878693154E-05,3.34240878693154E-05,2688.17447238586,2688.17447238586,-128034.897185067,-128034.897185067,8.05220632636102E-02,8.05220632636102E-02,100000000000,-1865.46248515484,-1865.46248515484)
PVTTABLE POINT = (31600000,63.2,298.262805654135,298.262805654135,5.68759350372402E-06,5.68759350372402E-06,-1.30653821128841,-1.30653821128841,1,3.32539064614076E-05,3.32539064614076E-05,2685.21562844058,2685.21562844058,-124380.988872259,-124380.988872259,8.02577490845019E-02,8.02577490845019E-02,100000000000,-1854.57704805925,-1854.57704805925)
PVTTABLE POINT = (31600000,64.56,296.49424023039,296.49424023039,5.69732415784377E-06,5.69732415784377E-06,-1.29429552221577,-1.29429552221577,1,3.30868644925015E-05,3.30868644925015E-05,2682.23193941963,2682.23193941963,-120731.121937281,-120731.121937281,8.00008783882989E-02,8.00008783882989E-02,100000000000,-1843.74752768366,-1843.74752768366)
PVTTABLE POINT = (31600000,65.92,294.742314260565,294.742314260565,5.706203871382E-06,5.706203871382E-06,-1.28206952944073,-1.28206952944073,1,3.29229129076621E-05,3.29229129076621E-05,2679.22737230243,2679.22737230243,-117085.327460182,-117085.327460182,7.97513364038843E-02,7.97513364038843E-02,100000000000,-1832.97356641673,-1832.97356641673)
PVTTABLE POINT = (31600000,67.28,293.00700059849,293.00700059849,5.71425002190299E-06,5.71425002190299E-06,-1.26986671531579,-1.26986671531579,1,3.27620034941382E-05,3.27620034941382E-05,2676.20578875772,2676.20578875772,-113443.631197085,-113443.631197085,7.95090089535934E-02,7.95090089535934E-02,100000000000,-1822.25479527125,-1822.25479527125)
PVTTABLE POINT = (31600000,68.64,291.288263469348,291.288263469348,5.721480348371E-06,5.721480348371E-06,-1.25769328662169,-1.25769328662169,1,3.26040888418953E-05,3.26040888418953E-05,2673.17094150346,2673.17094150346,-109806.053725949,-109806.053725949,7.92737825319015E-02,7.92737825319015E-02,100000000000,-1811.59083449295,-1811.59083449295)
PVTTABLE POINT = (32200000,2,395.809735252479,395.809735252479,4.15531075260911E-06,4.15531075260911E-06,-1.71256729540428,-1.71256729540428,1,4.55114592110276E-05,4.55114592110276E-05,2715.83257211904,2715.83257211904,-291586.698686381,-291586.698686381,0.10194877510428,0.10194877510428,100000000000,-2409.0791237523,-2409.0791237523)
PVTTABLE POINT = (32200000,3.36,393.483184018612,393.483184018612,4.20329379467454E-06,4.20329379467454E-06,-1.70877642957947,-1.70877642957947,1,4.5126079499523E-05,4.5126079499523E-05,2717.94767138967,2717.94767138967,-287891.710910753,-287891.710910753,0.101256138016965,0.101256138016965,100000000000,-2395.68321294017,-2395.68321294017)
PVTTABLE POINT = (32200000,4.72,391.16201293641,391.16201293641,4.25083952091358E-06,4.25083952091358E-06,-1.70465564088434,-1.70465564088434,1,4.4748181570296E-05,4.4748181570296E-05,2719.91032904978,2719.91032904978,-284193.9501308,-284193.9501308,0.100574674617006,0.100574674617006,100000000000,-2382.34302351597,-2382.34302351597)
PVTTABLE POINT = (32200000,6.08,388.846669231251,388.846669231251,4.29791440412203E-06,4.29791440412203E-06,-1.7002071716247,-1.7002071716247,1,4.43775824562769E-05,4.43775824562769E-05,2721.71952586613,2721.71952586613,-280493.624388455,-280493.624388455,9.99043611127566E-02,9.99043611127566E-02,100000000000,-2369.05875824235,-2369.05875824235)
PVTTABLE POINT = (32200000,7.44,386.537596749326,386.537596749326,4.34448539949644E-06,4.34448539949644E-06,-1.69543374837777,-1.69543374837777,1,4.40141046668556E-05,4.40141046668556E-05,2723.37449404092,2723.37449404092,-276790.942941281,-276790.942941281,9.92451696775684E-02,9.92451696775684E-02,100000000000,-2355.83062126987,-2355.83062126987)
PVTTABLE POINT = (32200000,8.8,384.235235301547,384.235235301547,4.39052003430589E-06,4.39052003430589E-06,-1.69033857796808,-1.69033857796808,1,4.36575761093828E-05,4.36575761093828E-05,2724.87472061816,2724.87472061816,-273086.115918077,-273086.115918077,0.098597068467844,0.098597068467844,100000000000,-2342.65881688577,-2342.65881688577)
PVTTABLE POINT = (32200000,10.16,381.940020014259,381.940020014259,4.43598649599715E-06,4.43598649599715E-06,-1.68492534147776,-1.68492534147776,1,4.33078300043926E-05,4.33078300043926E-05,2726.21994989248,2726.21994989248,-269379.353970553,-269379.353970553,9.79600216502386E-02,9.79600216502386E-02,100000000000,-2329.54354827892,-2329.54354827892)
PVTTABLE POINT = (32200000,11.52,379.652380689429,379.652380689429,4.48085371820386E-06,4.48085371820386E-06,-1.67919818630982,-1.67919818630982,1,4.29647047947738E-05,4.29647047947738E-05,2727.41018479697,2727.41018479697,-265670.8679224,-265670.8679224,9.73339894376856E-02,9.73339894376856E-02,100000000000,-2316.48501632506,-2316.48501632506)
PVTTABLE POINT = (32200000,12.88,377.372741176931,377.372741176931,4.52509146414215E-06,4.52509146414215E-06,-1.67316171633826,-1.67316171633826,1,4.26280440491565E-05,4.26280440491565E-05,2728.44568725435,2728.44568725435,-261960.868417186,-261960.868417186,0.096718928133902,0.096718928133902,100000000000,-2303.48341839702,-2303.48341839702)
PVTTABLE POINT = (32200000,14.24,375.101518761507,375.101518761507,4.56867040689213E-06,4.56867040689213E-06,-1.66682098019456,-1.66682098019456,1,4.22976963598137E-05,4.22976963598137E-05,2729.32697748407,2729.32697748407,-258249.56556649,-258249.56556649,9.61147901860183E-02,9.61147901860183E-02,100000000000,-2290.53894720389,-2290.53894720389)
PVTTABLE POINT = (32200000,15.6,372.839123566879,372.839123566879,4.61156220608738E-06,4.61156220608738E-06,-1.66018145775477,-1.66018145775477,1,4.19735152354137E-05,4.19735152354137E-05,2730.05483226617,2730.05483226617,-254537.168599669,-254537.168599669,9.55215242449735E-02,9.55215242449735E-02,100000000000,-2277.65178966328,-2277.65178966328)
PVTTABLE POINT = (32200000,16.96,370.585957979434,370.585957979434,4.65373958056177E-06,4.65373958056177E-06,-1.6532490449058,-1.6532490449058,1,4.16553589889902E-05,4.16553589889902E-05,2730.63028217077,2730.63028217077,-250823.885516717,-250823.885516717,9.49390752333112E-02,9.49390752333112E-02,100000000000,-2264.82212581077,-2264.82212581077)
PVTTABLE POINT = (32200000,18.32,368.342416093728,368.342416093728,4.69517637653559E-06,4.69517637653559E-06,-1.64603003668318,-1.64603003668318,1,4.13430906215246E-05,4.13430906215246E-05,2731.05460777053,2731.05460777053,-247109.922745557,-247109.922745557,9.43673844200085E-02,9.43673844200085E-02,100000000000,-2252.05012775011,-2252.05012775011)
PVTTABLE POINT = (32200000,19.68,366.108883181987,366.108883181987,4.73584763095914E-06,4.73584763095914E-06,-1.63853110888487,-1.63853110888487,1,4.1036577701558E-05,4.1036577701558E-05,2731.3293348613,2731.3293348613,-243395.484805192,-243395.484805192,9.38063895019757E-02,9.38063895019757E-02,100000000000,-2239.33595864789,-2239.33595864789)
PVTTABLE POINT = (32200000,21.04,363.885735189573,363.885735189573,4.77572962967209E-06,4.77572962967209E-06,-1.63075929827728,-1.63075929827728,1,4.07356922412764E-05,4.07356922412764E-05,2731.4562287238,2731.4562287238,-239680.773975984,-239680.773975984,9.32560246918589E-02,9.32560246918589E-02,100000000000,-2226.67977177578,-2226.67977177578)
PVTTABLE POINT = (32200000,22.4,361.673338258263,361.673338258263,4.81479996008118E-06,4.81479996008118E-06,-1.6227219815197,-1.6227219815197,1,4.04403105695236E-05,4.04403105695236E-05,2731.43728746671,2731.43728746671,-235965.98997839,-235965.98997839,9.27162208117864E-02,9.27162208117864E-02,100000000000,-2214.08170960355,-2214.08170960355)
PVTTABLE POINT = (32200000,23.76,359.472048278982,359.472048278982,4.85303755810387E-06,4.85303755810387E-06,-1.61442685294214,-1.61442685294214,1,4.01503132022145E-05,4.01503132022145E-05,2731.27473449802,2731.27473449802,-232251.329661331,-232251.329661331,9.21869053926927E-02,9.21869053926927E-02,100000000000,-2201.54190294547,-2201.54190294547)
PVTTABLE POINT = (32200000,25.12,357.282210475461,357.282210475461,4.89042274917475E-06,4.89042274917475E-06,-1.60588190131861,-1.60588190131861,1,3.98655847106283E-05,3.98655847106283E-05,2730.9710101783,2730.9710101783,-228536.986701376,-228536.986701376,9.16680027788639E-02,9.16680027788639E-02,100000000000,-2189.06047016244,-2189.06047016244)
PVTTABLE POINT = (32200000,26.48,355.10415902008,355.10415902008,4.92693728316041E-06,4.92693728316041E-06,-1.59709538578392,-1.59709538578392,1,3.95860135880651E-05,3.95860135880651E-05,2730.52876271453,2730.52876271453,-224823.151313798,-224823.151313798,9.11594342373396E-02,9.11594342373396E-02,100000000000,-2176.63751642211,-2176.63751642211)
PVTTABLE POINT = (32200000,27.84,352.938216682963,352.938216682963,4.96256436307886E-06,4.96256436307886E-06,-1.58807581104572,-1.58807581104572,1,3.9311492115353E-05,3.9311492115353E-05,2729.9508383587,2729.9508383587,-221110.009976487,-221110.009976487,9.06611180718106E-02,9.06611180718106E-02,100000000000,-2164.27313301849,-2164.27313301849)
PVTTABLE POINT = (32200000,29.2,350.784694515174,350.784694515174,4.99728866756994E-06,4.99728866756994E-06,-1.57883190204621,-1.57883190204621,1,3.90419162256858E-05,3.90419162256858E-05,2729.24027097905,2729.24027097905,-217397.745167637,-217397.745167637,9.01729697406442E-02,9.01729697406442E-02,100000000000,-2151.96739675256,-2151.96739675256)
PVTTABLE POINT = (32200000,30.56,348.643891566661,348.643891566661,5.03109636711261E-06,5.03109636711261E-06,-1.56937257822876,-1.56937257822876,1,3.87771853692663E-05,3.87771853692663E-05,2728.40027107561,2728.40027107561,-213686.535117997,-213686.535117997,8.96949019786691E-02,8.96949019786691E-02,100000000000,-2139.72036937487,-2139.72036937487)
PVTTABLE POINT = (32200000,31.92,346.516094639382,346.516094639382,5.06397513403351E-06,5.06397513403351E-06,-1.55970692756377,-1.55970692756377,1,3.85172023782193E-05,3.85172023782193E-05,2727.43421431402,2727.43421431402,-209976.553578404,-209976.553578404,8.92268249223425E-02,8.92268249223425E-02,100000000000,-2127.53209709078,-2127.53209709078)
PVTTABLE POINT = (32200000,33.28,344.401578075821,344.401578075821,5.09591414639767E-06,5.09591414639767E-06,-1.54984418048594,-1.54984418048594,1,3.82618733322211E-05,3.82618733322211E-05,2726.34562965362,2726.34562965362,-206267.969603177,-206267.969603177,8.87686462379176E-02,8.87686462379176E-02,100000000000,-2115.40261012859,-2115.40261012859)
PVTTABLE POINT = (32200000,34.64,342.300603582943,342.300603582943,5.12690408591668E-06,5.12690408591668E-06,-1.53979368389151,-1.53979368389151,1,3.80111074252771E-05,3.80111074252771E-05,2725.13818714664,2725.13818714664,-202560.947349914,-202560.947349914,0.08832027125222,0.08832027125222,100000000000,-2103.33192237057,-2103.33192237057)
PVTTABLE POINT = (32200000,36,340.213420091375,340.213420091375,5.15693713005086E-06,5.15693713005086E-06,-1.52956487533856,-1.52956487533856,1,3.77648168340572E-05,3.77648168340572E-05,2723.81568548543,2723.81568548543,-198855.645896041,-198855.645896041,8.78816030856388E-02,8.78816030856388E-02,100000000000,-2091.32003104659,-2091.32003104659)
PVTTABLE POINT = (32200000,37.36,338.140263649466,338.140263649466,5.18600693852017E-06,5.18600693852017E-06,-1.51916725758773,-1.51916725758773,1,3.75229165881741E-05,3.75229165881741E-05,2722.38203937436,2722.38203937436,-195152.219072438,-195152.219072438,8.74525427869241E-02,8.74525427869241E-02,100000000000,-2079.36691648943,-2079.36691648943)
PVTTABLE POINT = (32200000,38.72,336.081357351663,336.081357351663,5.21410863447367E-06,5.21410863447367E-06,-1.50861037361279,-1.50861037361279,1,3.72853244427658E-05,3.72853244427658E-05,2720.84126680139,2720.84126680139,-191450.815314307,-191450.815314307,8.70329894693799E-02,8.70329894693799E-02,100000000000,-2067.47254195094,-2067.47254195094)
PVTTABLE POINT = (32200000,40.08,334.036911300489,334.036911300489,5.24123878059747E-06,5.24123878059747E-06,-1.49790378220249,-1.49790378220249,1,3.70519607537141E-05,3.70519607537141E-05,2719.19747628249,2719.19747628249,-187751.577529383,-187751.577529383,8.66228404480363E-02,8.66228404480363E-02,100000000000,-2055.63685347763,-2055.63685347763)
PVTTABLE POINT = (32200000,41.44,332.007122601231,332.007122601231,5.26739535046837E-06,5.26739535046837E-06,-1.48705703426573,-1.48705703426573,1,3.68227483558038E-05,3.68227483558038E-05,2717.45485414951,2717.45485414951,-184054.642983469,-184054.642983469,8.62219913773754E-02,8.62219913773754E-02,100000000000,-2043.85977984418,-2043.85977984418)
PVTTABLE POINT = (32200000,42.8,329.992175388316,329.992175388316,5.29257769548297E-06,5.29257769548297E-06,-1.47607964994236,-1.47607964994236,1,3.65976124440944E-05,3.65976124440944E-05,2715.61765194867,2715.61765194867,-180360.143203191,-180360.143203191,8.58303363891882E-02,8.58303363891882E-02,100000000000,-2032.14123254306,-2032.14123254306)
PVTTABLE POINT = (32200000,44.16,327.992240882221,327.992240882221,5.31678650771013E-06,5.31678650771013E-06,-1.46498109661162,-1.46498109661162,1,3.63764804587476E-05,3.63764804587476E-05,2713.69017401359,2713.69017401359,-176668.203895781,-176668.203895781,8.54477682301367E-02,8.54477682301367E-02,100000000000,-2020.48110582796,-2020.48110582796)
PVTTABLE POINT = (32200000,45.52,326.007477475629,326.007477475629,5.34002377902899E-06,5.34002377902899E-06,-1.45377076787923,-1.45377076787923,1,3.61592819735224E-05,3.61592819735224E-05,2711.67676527214,2711.67676527214,-172978.944885606,-172978.944885606,8.50741783986002E-02,8.50741783986002E-02,100000000000,-2008.87927680921,-2008.87927680921)
PVTTABLE POINT = (32200000,46.88,324.038030847461,324.038030847461,5.36229275692485E-06,5.36229275692485E-06,-1.44245796361377,-1.44245796361377,1,3.5945948588116E-05,3.5945948588116E-05,2709.58179934246,2709.58179934246,-169292.480067091,-169292.480067091,8.47094572803845E-02,8.47094572803845E-02,100000000000,-1997.33560559831,-1997.33560559831)
PVTTABLE POINT = (32200000,48.24,322.084034103305,322.084034103305,5.38359789732079E-06,5.38359789732079E-06,-1.43105187109132,-1.43105187109132,1,3.57364138245007E-05,3.57364138245007E-05,2707.40966696843,2707.40966696843,-165608.917373605,-165608.917373605,8.43534942828921E-02,8.43534942828921E-02,100000000000,-1985.84993549925,-1985.84993549925)
PVTTABLE POINT = (32200000,49.6,320.145607940715,320.145607940715,5.40394481482556E-06,5.40394481482556E-06,-1.41956154729707,-1.41956154729707,1,3.55306130273747E-05,3.55306130273747E-05,2705.16476484002,2705.16476484002,-161928.358761818,-161928.358761818,8.40061779673525E-02,8.40061779673525E-02,100000000000,-1974.42209324384,-1974.42209324384)
PVTTABLE POINT = (32200000,50.96,318.222860837763,318.222860837763,5.42334023077624E-06,5.42334023077624E-06,-1.40799590242149,-1.40799590242149,1,3.5328483268816E-05,3.5328483268816E-05,2702.85148483895,2702.85148483895,-158250.90021098,-158250.90021098,8.36673961787295E-02,8.36673961787295E-02,100000000000,-1963.05188926814,-1963.05188926814)
PVTTABLE POINT = (32200000,52.32,316.31588926321,316.31588926321,5.44179191944949E-06,5.44179191944949E-06,-1.39636368457821,-1.39636368457821,1,3.51299632572001E-05,3.51299632572001E-05,2700.47420374483,2700.47420374483,-154576.631736508,-154576.631736508,8.33370361729504E-02,8.33370361729504E-02,100000000000,-1951.73911802734,-1951.73911802734)
PVTTABLE POINT = (32200000,53.68,314.424777906628,314.424777906628,5.45930865280724E-06,5.45930865280724E-06,-1.38467346576106,-1.38467346576106,1,3.49349932504152E-05,3.49349932504152E-05,2698.03727343193,2698.03727343193,-150905.637417256,-150905.637417256,8.30149847411064E-02,8.30149847411064E-02,100000000000,-1940.48355834577,-1940.48355834577)
PVTTABLE POINT = (32200000,55.04,312.549599926755,312.549599926755,5.47590014413171E-06,5.47590014413171E-06,-1.37293362904782,-1.37293362904782,1,3.47435149733831E-05,3.47435149733831E-05,2695.54501158158,2695.54501158158,-147237.995435753,-147237.995435753,8.27011283303123E-02,8.27011283303123E-02,100000000000,-1929.28497379949,-1929.28497379949)
PVTTABLE POINT = (32200000,56.4,310.690417216426,310.690417216426,5.49157699089153E-06,5.49157699089153E-06,-1.36115235704947,-1.36115235704947,1,3.45554715398698E-05,3.45554715398698E-05,2693.00169293011,2693.00169293011,-143573.77813073,-143573.77813073,8.23953531609327E-02,8.23953531609327E-02,100000000000,-1918.14311312819,-1918.14311312819)
PVTTABLE POINT = (32200000,57.76,308.847280682356,308.847280682356,5.50635061716521E-06,5.50635061716521E-06,-1.34933762159525,-1.34933762159525,1,3.4370807378549E-05,3.4370807378549E-05,2690.41154106768,2690.41154106768,-139913.05206115,-139913.05206115,0.082097545339912,0.082097545339912,100000000000,-1907.05771067348,-1907.05771067348)
PVTTABLE POINT = (32200000,59.12,307.020230538125,307.020230538125,5.52023321593111E-06,5.52023321593111E-06,-1.33749717463626,-1.33749717463626,1,3.41894681632596E-05,3.41894681632596E-05,2687.77872079841,2687.77872079841,-136255.87808104,-136255.87808104,8.18075909699784E-02,8.18075909699784E-02,100000000000,-1896.02848684077,-1896.02848684077)
PVTTABLE POINT = (32200000,60.48,305.209296608724,305.209296608724,5.53323769151415E-06,5.53323769151415E-06,-1.32563854034325,-1.32563854034325,1,3.4011400747382E-05,3.4011400747382E-05,2685.10733106813,2685.10733106813,-132602.311424306,-132602.311424306,8.15253762545185E-02,8.15253762545185E-02,100000000000,-1885.0551485817,-1885.0551485817)
PVTTABLE POINT = (32200000,61.84,303.414498645044,303.414498645044,5.54537760246016E-06,5.54537760246016E-06,-1.31376900836785,-1.31376900836785,1,3.38365531022403E-05,3.38365531022403E-05,2682.40139846165,2682.40139846165,-128952.401798788,-128952.401798788,8.12507875979592E-02,8.12507875979592E-02,100000000000,-1874.13738989443,-1874.13738989443)
PVTTABLE POINT = (32200000,63.2,301.635846646764,301.635846646764,5.55666710508734E-06,5.55666710508734E-06,-1.30189562823136,-1.30189562823136,1,3.36648742594223E-05,3.36648742594223E-05,2679.66487126779,2679.66487126779,-125306.193488772,-125306.193488772,8.09837117015184E-02,8.09837117015184E-02,100000000000,-1863.27489233889,-1863.27489233889)
PVTTABLE POINT = (32200000,64.56,299.87334119213,299.87334119213,5.56712089794375E-06,5.56712089794375E-06,-1.29002520479967,-1.29002520479967,1,3.34963142569006E-05,3.34963142569006E-05,2676.90161410681,2676.90161410681,-121663.725465186,-121663.725465186,8.07240356542252E-02,8.07240356542252E-02,100000000000,-1852.4673255646,-1852.4673255646)
PVTTABLE POINT = (32200000,65.92,298.126973773164,298.126973773164,5.57675416737783E-06,5.57675416737783E-06,-1.27816429479967,-1.27816429479967,1,3.33308240888213E-05,3.33308240888213E-05,2674.11540311173,2674.11540311173,-118025.031502737,-118025.031502737,8.04716470191404E-02,8.04716470191404E-02,100000000000,-1841.7143478482,-1841.7143478482)
PVTTABLE POINT = (32200000,67.28,296.396727134943,296.396727134943,5.58558253440749E-06,5.58558253440749E-06,-1.26631920432815,-1.26631920432815,1,3.31683556588236E-05,3.31683556588236E-05,2671.3099216519,2671.3099216519,-114390.140303208,-114390.140303208,8.02264339147384E-02,8.02264339147384E-02,100000000000,-1831.01560663854,-1831.01560663854)
PVTTABLE POINT = (32200000,68.64,294.682575617608,294.682575617608,5.59362200305201E-06,5.59362200305201E-06,-1.25449598730225,-1.25449598730225,1,3.30088617367437E-05,3.30088617367437E-05,2668.48875658489,2668.48875658489,-110759.075624237,-110759.075624237,7.99882850914431E-02,7.99882850914431E-02,100000000000,-1820.37073910685,-1820.37073910685)
PVTTABLE POINT = (32800000,2,398.270925419799,398.270925419799,4.04951619153479E-06,4.04951619153479E-06,-1.69165031084673,-1.69165031084673,1,4.59792553917252E-05,4.59792553917252E-05,2703.27458601076,2703.27458601076,-291858.003483475,-291858.003483475,0.10271127822737,0.10271127822737,100000000000,-2415.55730292391,-2415.55730292391)
PVTTABLE POINT = (32800000,3.36,395.972701537548,395.972701537548,4.09597086730164E-06,4.09597086730164E-06,-1.68803795334077,-1.68803795334077,1,4.55920241192639E-05,4.55920241192639E-05,2705.40952234066,2705.40952234066,-288180.082013158,-288180.082013158,0.102019732347832,0.102019732347832,100000000000,-2402.22326482674,-2402.22326482674)
PVTTABLE POINT = (32800000,4.72,393.679605240974,393.679605240974,4.1420204204069E-06,4.1420204204069E-06,-1.6841100499122,-1.6841100499122,1,4.52123235331308E-05,4.52123235331308E-05,2707.40027671161,2707.40027671161,-284499.354948625,-284499.354948625,0.101339256704625,0.101339256704625,100000000000,-2388.94452698888,-2388.94452698888)
PVTTABLE POINT = (32800000,6.08,391.392064321515,391.392064321515,4.18763356404998E-06,4.18763356404998E-06,-1.67986866197291,-1.67986866197291,1,4.48399691192394E-05,4.48399691192394E-05,2709.24586446883,2709.24586446883,-280816.019072856,-280816.019072856,0.100669826733877,0.100669826733877,100000000000,-2375.72125586518,-2375.72125586518)
PVTTABLE POINT = (32800000,7.44,389.11050346316,389.11050346316,4.23277943633183E-06,4.23277943633183E-06,-1.67531629744393,-1.67531629744393,1,4.44747817459575E-05,4.44747817459575E-05,2710.94553176707,2710.94553176707,-277130.272351415,-277130.272351415,0.100011413966835,0.100011413966835,100000000000,-2362.55361970961,-2362.55361970961)
PVTTABLE POINT = (32800000,8.8,386.835343637386,386.835343637386,4.27742768086918E-06,4.27742768086918E-06,-1.6704559072529,-1.6704559072529,1,4.41165875917496E-05,4.41165875917496E-05,2712.498758703,2712.498758703,-273442.313616318,-273442.313616318,9.93639860486453E-02,9.93639860486453E-02,100000000000,-2349.44178741644,-2349.44178741644)
PVTTABLE POINT = (32800000,10.16,384.567001504041,384.567001504041,4.32154852610449E-06,4.32154852610449E-06,-1.66529088008484,-1.66529088008484,1,4.37652180669654E-05,4.37652180669654E-05,2713.90526156641,2713.90526156641,-269752.342246247,-269752.342246247,9.87275067660505E-02,9.87275067660505E-02,100000000000,-2336.3859273765,-2336.3859273765)
PVTTABLE POINT = (32800000,11.52,382.305888820543,382.305888820543,4.36511286285335E-06,4.36511286285335E-06,-1.65982503540155,-1.65982503540155,1,4.3420509729965E-05,4.3420509729965E-05,2715.16499418902,2715.16499418902,-266060.557844298,-266060.557844298,9.81019360836552E-02,9.81019360836552E-02,100000000000,-2323.38620635205,-2323.38620635205)
PVTTABLE POINT = (32800000,12.88,380.052411861742,380.052411861742,4.40809231963959E-06,4.40809231963959E-06,-1.6540626147577,-1.6540626147577,1,4.30823041978048E-05,4.30823041978048E-05,2716.27814837706,2716.27814837706,-262367.159914533,-262367.159914533,9.74872301884324E-02,9.74872301884324E-02,100000000000,-2310.44278837432,-2310.44278837432)
PVTTABLE POINT = (32800000,14.24,377.806970852718,377.806970852718,4.45045933538275E-06,4.45045933538275E-06,-1.64800827145527,-1.64800827145527,1,4.27504480517418E-05,4.27504480517418E-05,2717.24515341995,2717.24515341995,-258672.34753856,-258672.34753856,9.68833415420989E-02,9.68833415420989E-02,100000000000,-2297.55583366726,-2297.55583366726)
PVTTABLE POINT = (32800000,15.6,375.569959416759,375.569959416759,4.49218722902054E-06,4.49218722902054E-06,-1.64166705859058,-1.64166705859058,1,4.24247927378415E-05,4.24247927378415E-05,2718.06667467517,2718.06667467517,-254976.319053415,-254976.319053415,9.62902189409983E-02,9.62902189409983E-02,100000000000,-2284.72549760127,-2284.72549760127)
PVTTABLE POINT = (32800000,16.96,373.341764040641,373.341764040641,4.53325026567125E-06,4.53325026567125E-06,-1.63504441556056,-1.63504441556056,1,4.21051944630066E-05,4.21051944630066E-05,2718.74361123577,2718.74361123577,-251279.27173199,-251279.27173199,9.57078075831103E-02,9.57078075831103E-02,100000000000,-2271.95192968024,-2271.95192968024)
PVTTABLE POINT = (32800000,18.32,371.122763559273,371.122763559273,4.57362371896788E-06,4.57362371896788E-06,-1.62814615310677,-1.62814615310677,1,4.17915140867678E-05,4.17915140867678E-05,2719.2770926946,2719.2770926946,-247581.401467255,-247581.401467255,9.51360491418146E-02,9.51360491418146E-02,100000000000,-2259.23527256535,-2259.23527256535)
PVTTABLE POINT = (32800000,19.68,368.91332866162,368.91332866162,4.61328392922553E-06,4.61328392922553E-06,-1.62097843698617,-1.62097843698617,1,4.14836170092013E-05,4.14836170092013E-05,2719.66847502561,2719.66847502561,-243882.90246148,-243882.90246148,9.45748818460257E-02,9.45748818460257E-02,100000000000,-2246.5756611387,-2246.5756611387)
PVTTABLE POINT = (32800000,21.04,366.713821419713,366.713821419713,4.65220835713724E-06,4.65220835713724E-06,-1.61354777036805,-1.61354777036805,1,4.11813730553598E-05,4.11813730553598E-05,2719.91933560966,2719.91933560966,-240183.966921637,-240183.966921637,0.094024240566324,0.094024240566324,100000000000,-2233.97322160975,-2233.97322160975)
PVTTABLE POINT = (32800000,22.4,364.524594842407,364.524594842407,4.69037563272926E-06,4.69037563272926E-06,-1.60586097506516,-1.60586097506516,1,4.08846563566183E-05,4.08846563566183E-05,2720.03146743841,2720.03146743841,-236484.78476215,-236484.78476215,9.34840569067069E-02,9.34840569067069E-02,100000000000,-2221.42807066715,-2221.42807066715)
PVTTABLE POINT = (32800000,23.76,362.345992455388,362.345992455388,4.72776559934575E-06,4.72776559934575E-06,-1.59792517171486,-1.59792517171486,1,4.05933452293505E-05,4.05933452293505E-05,2720.00687253562,2720.00687253562,-232785.543316039,-232785.543316039,9.29542593015832E-02,9.29542593015832E-02,100000000000,-2208.94031467853,-2208.94031467853)
PVTTABLE POINT = (32800000,25.12,360.178347908784,360.178347908784,4.76435935247271E-06,4.76435935247271E-06,-1.58974775903276,-1.58974775903276,1,4.03073220513646E-05,4.03073220513646E-05,2719.84775464108,2719.84775464108,-229086.427055538,-229086.427055538,9.24347731176434E-02,9.24347731176434E-02,100000000000,-2196.51004894027,-2196.51004894027)
PVTTABLE POINT = (32800000,26.48,358.021984613545,358.021984613545,4.80013927325289E-06,4.80013927325289E-06,-1.58133639226632,-1.58133639226632,1,4.00264731365277E-05,4.00264731365277E-05,2719.5565112069,2719.5565112069,-225387.617323125,-225387.617323125,9.19255207602336E-02,9.19255207602336E-02,100000000000,-2184.13735697929,-2184.13735697929)
PVTTABLE POINT = (32800000,27.84,355.877215407599,355.877215407599,4.83508905658599E-06,4.83508905658599E-06,-1.57269896098004,-1.57269896098004,1,3.9750688608018E-05,3.9750688608018E-05,2719.13572476052,2719.13572476052,-221689.292073879,-221689.292073879,9.14264217838673E-02,9.14264217838673E-02,100000000000,-2171.82230990826,-2171.82230990826)
PVTTABLE POINT = (32800000,29.2,353.744342252596,353.744342252596,4.86919373375041E-06,4.86919373375041E-06,-1.56384356630608,-1.56384356630608,1,3.94798622706375E-05,3.94798622706375E-05,2718.58815369257,2718.58815369257,-217991.625629983,-217991.625629983,9.09373930065053E-02,9.09373930065053E-02,100000000000,-2159.56496583565,-2159.56496583565)
PVTTABLE POINT = (32800000,30.56,351.62365596188,351.62365596188,4.90243968952599E-06,4.90243968952599E-06,-1.55477849779553,-1.55477849779553,1,3.92138914826172E-05,3.92138914826172E-05,2717.91672253073,2717.91672253073,-214294.788448101,-214294.788448101,9.04583486272398E-02,9.04583486272398E-02,100000000000,-2147.36536933157,-2147.36536933157)
PVTTABLE POINT = (32800000,31.92,349.515435960137,349.515435960137,4.93481467383789E-06,4.93481467383789E-06,-1.54551221000522,-1.54551221000522,1,3.89526770273385E-05,3.89526770273385E-05,2717.12451176316,2717.12451176316,-210598.946900318,-210598.946900318,0.089989200347013,0.089989200347013,100000000000,-2135.22355094993,-2135.22355094993)
PVTTABLE POINT = (32800000,33.28,347.419950074992,347.419950074992,4.96630780798242E-06,4.96630780798242E-06,-1.53605329895365,-1.53605329895365,1,3.8696122985383E-05,3.8696122985383E-05,2716.21474727708,2716.21474727708,-206904.263069158,-206904.263069158,8.95298574919993E-02,8.95298574919993E-02,100000000000,-2123.13952680747,-2123.13952680747)
PVTTABLE POINT = (32800000,34.64,345.337454360638,345.337454360638,4.99690958553373E-06,4.99690958553373E-06,-1.52641047857661,-1.52641047857661,1,3.84441366073097E-05,3.84441366073097E-05,2715.1907894788,2715.1907894788,-203210.894557224,-203210.894557224,8.90802271392799E-02,8.90802271392799E-02,100000000000,-2111.11329821955,-2111.11329821955)
PVTTABLE POINT = (32800000,36,343.268192953411,343.268192953411,5.02661186806673E-06,5.02661186806673E-06,-1.51659255730953,-1.51659255730953,1,3.81966281875436E-05,3.81966281875436E-05,2714.05612216237,2714.05612216237,-199518.994311785,-199518.994311785,8.86402142444368E-02,8.86402142444368E-02,100000000000,-2099.1448513926,-2099.1448513926)
PVTTABLE POINT = (32800000,37.36,341.212397959065,341.212397959065,5.05540787586512E-06,5.05540787586512E-06,-1.50660841491826,-1.50660841491826,1,3.79535109397374E-05,3.79535109397374E-05,2712.81434119319,2712.81434119319,-195828.710464652,-195828.710464652,8.82097217706843E-02,8.82097217706843E-02,100000000000,-2087.23415717249,-2087.23415717249)
PVTTABLE POINT = (32800000,38.72,339.170289371312,339.170289371312,5.0832921738144E-06,5.0832921738144E-06,-1.49646697969444,-1.49646697969444,1,3.77147008739512E-05,3.77147008739512E-05,2711.46914307282,2711.46914307282,-192140.186187528,-192140.186187528,8.77886508191611E-02,8.77886508191611E-02,100000000000,-2075.3811708482,-2075.3811708482)
PVTTABLE POINT = (32800000,40.08,337.142075021079,337.142075021079,5.11026065270755E-06,5.11026065270755E-06,-1.48617720612448,-1.48617720612448,1,3.74801166759696E-05,3.74801166759696E-05,2710.02431344905,2710.02431344905,-188453.559562949,-188453.559562949,8.73769007600009E-02,8.73769007600009E-02,100000000000,-2063.58583200971,-2063.58583200971)
PVTTABLE POINT = (32800000,41.44,335.127950555738,335.127950555738,5.13631050621544E-06,5.13631050621544E-06,-1.4757480531338,-1.4757480531338,1,3.72496795890504E-05,3.72496795890504E-05,2708.48371563377,2708.48371563377,-184768.963470861,-184768.963470861,8.69743693637951E-02,8.69743693637951E-02,100000000000,-2051.84806445866,-2051.84806445866)
PVTTABLE POINT = (32800000,42.8,333.128099447499,333.128099447499,5.16144020379533E-06,5.16144020379533E-06,-1.46518846299994,-1.46518846299994,1,3.70233132983773E-05,3.70233132983773E-05,2706.85127918858,2706.85127918858,-181086.525490768,-181086.525490768,8.65809529330686E-02,8.65809529330686E-02,100000000000,-2040.16777617044,-2040.16777617044)
PVTTABLE POINT = (32800000,44.16,331.142693029961,331.142693029961,5.18564945982827E-06,5.18564945982827E-06,-1.45450734101913,-1.45450734101913,1,3.68009438184576E-05,3.68009438184576E-05,2705.13098863502,2705.13098863502,-177406.367819326,-177406.367819326,0.086196546433385,0.086196546433385,100000000000,-2028.54485930578,-2028.54485930578)
PVTTABLE POINT = (32800000,45.52,329.171890561767,329.171890561767,5.20893919929033E-06,5.20893919929033E-06,-1.44371353600244,-1.44371353600244,1,3.65824993836826E-05,3.65824993836826E-05,2703.32687234321,2703.32687234321,-173728.60720318,-173728.60720318,8.58210436237067E-02,8.58210436237067E-02,100000000000,-2016.97919027006,-2016.97919027006)
PVTTABLE POINT = (32800000,46.88,327.215839316188,327.215839316188,5.2313115202734E-06,5.2313115202734E-06,-1.43281582166788,-1.43281582166788,1,3.63679103422388E-05,3.63679103422388E-05,2701.44299164886,2701.44299164886,-170053.354886753,-170053.354886753,8.54543371856338E-02,8.54543371856338E-02,100000000000,-2005.47062981825,-2005.47062981825)
PVTTABLE POINT = (32800000,48.24,325.27467469536,325.27467469536,5.25276965367809E-06,5.25276965367809E-06,-1.42182287898566,-1.42182287898566,1,3.61571090535325E-05,3.61571090535325E-05,2699.48343024478,2699.48343024478,-166380.716574665,-166380.716574665,8.50963188511661E-02,8.50963188511661E-02,100000000000,-1994.01902320313,-1994.01902320313)
PVTTABLE POINT = (32800000,49.6,323.348520367862,323.348520367862,5.27331792040557E-06,5.27331792040557E-06,-1.41074327952464,-1.41074327952464,1,3.59500297892604E-05,3.59500297892604E-05,2697.45228388897,2697.45228388897,-162710.792408363,-162710.792408363,8.47468795286297E-02,8.47468795286297E-02,100000000000,-1982.62420036457,-1982.62420036457)
PVTTABLE POINT = (32800000,50.96,321.437488428244,321.437488428244,5.29296168637564E-06,5.29296168637564E-06,-1.39958546983829,-1.39958546983829,1,3.57466086382363E-05,3.57466086382363E-05,2695.35365046697,2695.35365046697,-159043.676956511,-159043.676956511,8.44059094264301E-02,8.44059094264301E-02,100000000000,-1971.28597615736,-1971.28597615736)
PVTTABLE POINT = (32800000,52.32,319.541679577053,319.541679577053,5.31170731569634E-06,5.31170731569634E-06,-1.38835775691971,-1.38835775691971,1,3.55467834150537E-05,3.55467834150537E-05,2693.19162044191,2693.19162044191,-155379.459218635,-155379.459218635,8.40732981743134E-02,8.40732981743134E-02,100000000000,-1960.00415061511,-1960.00415061511)
PVTTABLE POINT = (32800000,53.68,317.661183319917,317.661183319917,5.32956212230521E-06,5.32956212230521E-06,-1.37706829474646,-1.37706829474646,1,3.53504935726436E-05,3.53504935726436E-05,2690.97026772126,2690.97026772126,-151718.222641482,-151718.222641482,8.37489349418238E-02,8.37489349418238E-02,100000000000,-1948.77850924756,-1948.77850924756)
PVTTABLE POINT = (32800000,55.04,315.796078184165,315.796078184165,5.34653432039519E-06,5.34653432039519E-06,-1.36572507192728,-1.36572507192728,1,3.51576801187595E-05,3.51576801187595E-05,2688.69364096498,2688.69364096498,-148060.045147489,-148060.045147489,0.083432708553676,0.083432708553676,100000000000,-1937.6088233688,-1937.6088233688)
PVTTABLE POINT = (32800000,56.4,313.946431951507,313.946431951507,5.36263297392822E-06,5.36263297392822E-06,-1.3543359004551,-1.3543359004551,1,3.49682855364021E-05,3.49682855364021E-05,2686.3657553553,2686.3657553553,-144404.99917478,-144404.99917478,8.31245076017791E-02,8.31245076017791E-02,100000000000,-1926.49485045362,-1926.49485045362)
PVTTABLE POINT = (32800000,57.76,312.11230190525,312.11230190525,5.37786794552808E-06,5.37786794552808E-06,-1.34290840556289,-1.34290840556289,1,3.47822537081727E-05,3.47822537081727E-05,2683.99058484433,2683.99058484433,-140753.151728011,-140753.151728011,0.082824220553674,0.082824220553674,100000000000,-1915.43633451952,-1915.43633451952)
PVTTABLE POINT = (32800000,59.12,310.293735090574,310.293735090574,5.3922498450305E-06,5.3922498450305E-06,-1.33145001667217,-1.33145001667217,1,3.45995298445268E-05,3.45995298445268E-05,2681.57205489154,2681.57205489154,-137104.564439448,-137104.564439448,8.25317358571711E-02,8.25317358571711E-02,100000000000,-1904.43300653166,-1904.43300653166)
PVTTABLE POINT = (32800000,60.48,308.490768586374,308.490768586374,5.40578997795412E-06,5.40578997795412E-06,-1.31996795941749,-1.31996795941749,1,3.44200604158812E-05,3.44200604158812E-05,2679.11403569928,2679.11403569928,-133459.293639564,-133459.293639564,8.22469420410013E-02,8.22469420410013E-02,100000000000,-1893.48458482812,-1893.48458482812)
PVTTABLE POINT = (32800000,61.84,306.703429787242,306.703429787242,5.41850029413929E-06,5.41850029413929E-06,-1.30846924872422,-1.30846924872422,1,3.42437930885094E-05,3.42437930885094E-05,2676.62033595077,2676.62033595077,-129817.390436513,-129817.390436513,8.19697278113254E-02,8.19697278113254E-02,100000000000,-1882.59077556312,-1882.59077556312)
PVTTABLE POINT = (32800000,63.2,304.931736694149,304.931736694149,5.43039333678554E-06,5.43039333678554E-06,-1.29696068291211,-1.29696068291211,1,3.40706766641497E-05,3.40706766641497E-05,2674.09469705158,2674.09469705158,-126178.900803763,-126178.900803763,8.16999821439685E-02,8.16999821439685E-02,100000000000,-1871.75127316551,-1871.75127316551)
PVTTABLE POINT = (32800000,64.56,303.175698212479,303.175698212479,5.4414821921004E-06,5.4414821921004E-06,-1.285448838792,-1.285448838792,1,3.39006610232329E-05,3.39006610232329E-05,2671.54078787249,2671.54078787249,-122543.865675224,-122543.865675224,8.14375943722794E-02,8.14375943722794E-02,100000000000,-1860.96576081034,-1860.96576081034)
PVTTABLE POINT = (32800000,65.92,301.435314456066,301.435314456066,5.45178043975464E-06,5.45178043975464E-06,-1.27394006771949,-1.27394006771949,1,3.37336970716283E-05,3.37336970716283E-05,2668.9621999884,2668.9621999884,-118912.321047196,-118912.321047196,8.11824542705423E-02,8.11824542705423E-02,100000000000,-1850.23391090096,-1850.23391090096)
PVTTABLE POINT = (32800000,67.28,299.710577055979,299.710577055979,5.46130210432061E-06,5.46130210432061E-06,-1.26244049256571,-1.26244049256571,1,3.35697366907955E-05,3.35697366907955E-05,2666.36244340543,2666.36244340543,-115284.298086442,-115284.298086442,8.09344521328938E-02,8.09344521328938E-02,100000000000,-1839.55538555968,-1839.55538555968)
PVTTABLE POINT = (32800000,68.64,298.001469472819,298.001469472819,5.47006160785237E-06,5.47006160785237E-06,-1.25095600556243,-1.25095600556243,1,3.34087326912222E-05,3.34087326912222E-05,2663.74494276603,2663.74494276603,-111659.823243764,-111659.823243764,8.06934788477262E-02,8.06934788477262E-02,100000000000,-1828.92983712461,-1828.92983712461)
PVTTABLE POINT = (33400000,2,400.670150067521,400.670150067521,3.94869967465311E-06,3.94869967465311E-06,-1.67139693231587,-1.67139693231587,1,4.64428621359297E-05,4.64428621359297E-05,2691.19607731796,2691.19607731796,-292095.586186358,-292095.586186358,0.103463818008758,0.103463818008758,100000000000,-2421.87951401159,-2421.87951401159)
PVTTABLE POINT = (33400000,3.36,398.399359778939,398.399359778939,3.99370266866024E-06,3.99370266866024E-06,-1.66795006019108,-1.66795006019108,1,4.60537090222228E-05,4.60537090222228E-05,2693.34784538581,2693.34784538581,-288434.080907774,-288434.080907774,0.102773291519022,0.102773291519022,100000000000,-2408.60499168281,-2408.60499168281)
PVTTABLE POINT = (33400000,4.72,396.133462873039,396.133462873039,4.03832962226567E-06,4.03832962226567E-06,-1.66420106384948,-1.66420106384948,1,4.56721358821606E-05,4.56721358821606E-05,2695.36309127593,2695.36309127593,-284769.741940119,-284769.741940119,0.102093735432629,0.102093735432629,100000000000,-2395.38537626412,-2395.38537626412)
PVTTABLE POINT = (33400000,6.08,393.872868992193,393.872868992193,4.08255129475953E-06,4.08255129475953E-06,-1.66015184540225,-1.66015184540225,1,4.52979568309849E-05,4.52979568309849E-05,2697.24086499139,2697.24086499139,-281102.755623433,-281102.755623433,0.101425124512344,0.101425124512344,100000000000,-2382.22080056089,-2382.22080056089)
PVTTABLE POINT = (33400000,7.44,391.617984911115,391.617984911115,4.12633882107504E-06,4.12633882107504E-06,-1.65580471949881,-1.65580471949881,1,4.49309912748913E-05,4.49309912748913E-05,2698.98042892749,2698.98042892749,-277433.309445696,-277433.309445696,0.100767429740877,0.100767429740877,100000000000,-2369.11139954426,-2369.11139954426)
PVTTABLE POINT = (33400000,8.8,389.369213977724,389.369213977724,4.16966378443826E-06,4.16966378443826E-06,-1.65116241025586,-1.65116241025586,1,4.45710638440155E-05,4.45710638440155E-05,2700.58126074918,2700.58126074918,-273761.591751928,-273761.591751928,0.100120618339983,0.100120618339983,100000000000,-2356.05730927497,-2356.05730927497)
PVTTABLE POINT = (33400000,10.16,387.126955559233,387.126955559233,4.21249828792659E-06,4.21249828792659E-06,-1.64622804662995,-1.64622804662995,1,4.42180043199592E-05,4.42180043199592E-05,2702.04305548717,2702.04305548717,-270087.791449909,-270087.791449909,9.94846537982231E-02,9.94846537982231E-02,100000000000,-2343.05866584122,-2343.05866584122)
PVTTABLE POINT = (33400000,11.52,384.891604495598,384.891604495598,4.25481502453715E-06,4.25481502453715E-06,-1.6410051562456,-1.6410051562456,1,4.38716475580178E-05,4.38716475580178E-05,2703.36572683395,2703.36572683395,-266412.097713587,-266412.097713587,9.88594959070601E-02,9.88594959070601E-02,100000000000,-2330.11560431372,-2330.11560431372)
PVTTABLE POINT = (33400000,12.88,382.663550562383,382.663550562383,4.2965873453737E-06,4.2965873453737E-06,-1.63549765770299,-1.63549765770299,1,4.35318334042986E-05,4.35318334042986E-05,2704.54940762701,2704.54940762701,-262734.699685279,-262734.699685279,9.82451008049528E-02,9.82451008049528E-02,100000000000,-2317.22825772144,-2317.22825772144)
PVTTABLE POINT = (33400000,14.24,380.443177945109,380.443177945109,4.33778932557212E-06,4.33778932557212E-06,-1.62970985140022,-1.62970985140022,1,4.31984066079484E-05,4.31984066079484E-05,2705.59444951224,2705.59444951224,-259055.78617777,-259055.78617777,9.76414210290799E-02,9.76414210290799E-02,100000000000,-2304.39675605135,-2304.39675605135)
PVTTABLE POINT = (33400000,15.6,378.230864727073,378.230864727073,4.37839582759889E-06,4.37839582759889E-06,-1.62364640891624,-1.62364640891624,1,4.28712167287384E-05,4.28712167287384E-05,2706.50142178645,2706.50142178645,-255375.545377424,-255375.545377424,9.70484055743299E-02,9.70484055743299E-02,100000000000,-2291.6212252752,-2291.6212252752)
PVTTABLE POINT = (33400000,16.96,376.026982392543,376.026982392543,4.41838256157593E-06,4.41838256157593E-06,-1.6173123610115,-1.6173123610115,1,4.25501180402779E-05,4.25501180402779E-05,2707.27110942435,2707.27110942435,-251694.164549431,-251694.164549431,9.64659999591732E-02,9.64659999591732E-02,100000000000,-2278.90178640663,-2278.90178640663)
PVTTABLE POINT = (33400000,18.32,373.831895347183,373.831895347183,4.45772614230674E-06,4.45772614230674E-06,-1.61071308431302,-1.61071308431302,1,4.22349694291545E-05,4.22349694291545E-05,2707.90451030073,2707.90451030073,-248011.829746286,-248011.829746286,9.58941462980373E-02,9.58941462980373E-02,100000000000,-2266.23855459133,-2266.23855459133)
PVTTABLE POINT = (33400000,19.68,371.645960457436,371.645960457436,4.49640414270371E-06,4.49640414270371E-06,-1.60385428676059,-1.60385428676059,1,4.19256342903193E-05,4.19256342903193E-05,2708.40283162511,2708.40283162511,-244328.725520577,-244328.725520577,9.53327833797969E-02,9.53327833797969E-02,100000000000,-2253.63163823327,-2253.63163823327)
PVTTABLE POINT = (33400000,21.04,369.469526610492,369.469526610492,4.53439514334442E-06,4.53439514334442E-06,-1.59674199189901,-1.59674199189901,1,4.16219804190544E-05,4.16219804190544E-05,2708.76748561138,2708.76748561138,-240645.034643148,-240645.034643148,9.47818467519947E-02,9.47818467519947E-02,100000000000,-2241.08113815936,-2241.08113815936)
PVTTABLE POINT = (33400000,22.4,367.302934296354,367.302934296354,4.57167877791485E-06,4.57167877791485E-06,-1.58938252210964,-1.58938252210964,1,4.13238798998788E-05,4.13238798998788E-05,2709.00008441069,2709.00008441069,-236960.937827667,-236960.937827667,0.094241268810411,0.094241268810411,100000000000,-2228.58714682513,-2228.58714682513)
PVTTABLE POINT = (33400000,23.76,365.146515213375,365.146515213375,4.60823577432945E-06,4.60823577432945E-06,-1.58178248088088,-1.58178248088088,1,4.10312089927597E-05,4.10312089927597E-05,2709.1024343408,2709.1024343408,-233276.613462543,-233276.613462543,9.37109788935973E-02,9.37109788935973E-02,100000000000,-2216.14974756351,-2216.14974756351)
PVTTABLE POINT = (33400000,25.12,363.000591898495,363.000591898495,4.64404799135241E-06,4.64404799135241E-06,-1.57394873422351,-1.57394873422351,1,4.07438480170082E-05,4.07438480170082E-05,2709.07652945008,2709.07652945008,-229592.237351176,-229592.237351176,9.31909033820015E-02,9.31909033820015E-02,100000000000,-2203.76901387871,-2203.76901387871)
PVTTABLE POINT = (33400000,26.48,360.865477383283,360.865477383283,4.67909845057909E-06,4.67909845057909E-06,-1.56588839134123,-1.56588839134123,1,4.04616812332471E-05,4.04616812332471E-05,2708.92454445852,2708.92454445852,-225907.982461367,-225907.982461367,9.26809658013057E-02,9.26809658013057E-02,100000000000,-2191.44500878679,-2191.44500878679)
PVTTABLE POINT = (33400000,27.84,358.741474876696,358.741474876696,4.71337136367285E-06,4.71337136367285E-06,-1.55760878467072,-1.55760878467072,1,4.01845967238418E-05,4.01845967238418E-05,2708.64882712215,2708.64882712215,-222224.018684738,-222224.018684738,9.21810869296107E-02,9.21810869296107E-02,100000000000,-2179.17778420458,-2179.17778420458)
PVTTABLE POINT = (33400000,29.2,356.628877475356,356.628877475356,4.74685215478857E-06,4.74685215478857E-06,-1.54911744940767,-1.54911744940767,1,3.99124862721862E-05,3.99124862721862E-05,2708.25189007049,2708.25189007049,-218540.512606894,-218540.512606894,9.16911849080973E-02,9.16911849080973E-02,100000000000,-2166.9673803879,-2166.9673803879)
PVTTABLE POINT = (33400000,30.56,354.527967901953,354.527967901953,4.77952747815035E-06,4.77952747815035E-06,-1.54042210263697,-1.54042210263697,1,3.96452452412355E-05,3.96452452412355E-05,2707.73640216977,2707.73640216977,-214857.627289022,-214857.627289022,9.12111753548011E-02,9.12111753548011E-02,100000000000,-2154.81382542012,-2154.81382542012)
PVTTABLE POINT = (33400000,31.92,352.439018272226,352.439018272226,4.8113852307864E-06,4.8113852307864E-06,-1.53153062218505,-1.53153062218505,1,3.93827724516719E-05,3.93827724516719E-05,2707.10517946644,2707.10517946644,-211175.522061518,-211175.522061518,9.07409714811409E-02,9.07409714811409E-02,100000000000,-2142.71713475178,-2142.71713475178)
PVTTABLE POINT = (33400000,33.28,350.362289890838,350.362289890838,4.84241456045897E-06,4.84241456045897E-06,-1.52245102531185,-1.52245102531185,1,3.91249700600828E-05,3.91249700600828E-05,2706.36117576785,2706.36117576785,-207494.352330193,-207494.352330193,9.02804842108382E-02,9.02804842108382E-02,100000000000,-2130.67731079144,-2130.67731079144)
PVTTABLE POINT = (33400000,34.64,348.298033076264,348.298033076264,4.87260586886032E-06,4.87260586886032E-06,-1.51319144735769,-1.51319144735769,1,3.8871743437519E-05,3.8871743437519E-05,2705.50747291753,2705.50747291753,-203814.269395496,-203814.269395496,8.98296223008716E-02,8.98296223008716E-02,100000000000,-2118.69434254803,-2118.69434254803)
PVTTABLE POINT = (33400000,36,346.246487014691,346.246487014691,4.90195081017741E-06,4.90195081017741E-06,-1.50376012045732,-1.50376012045732,1,3.86230010487909E-05,3.86230010487909E-05,2704.54727082353,2704.54727082353,-200135.420285145,-200135.420285145,8.93882924641085E-02,8.93882924641085E-02,100000000000,-2106.76820532462,-2106.76820532462)
PVTTABLE POINT = (33400000,37.36,344.207879642759,344.207879642759,4.93044228515783E-06,4.93044228515783E-06,-1.49416535242982,-1.49416535242982,1,3.83786543328425E-05,3.83786543328425E-05,2703.48387729789,2703.48387729789,-196457.947600447,-196457.947600447,8.89563994932579E-02,8.89563994932579E-02,100000000000,-2094.89886046303,-2094.89886046303)
PVTTABLE POINT = (33400000,38.72,342.182427558833,342.182427558833,4.95807443083684E-06,4.95807443083684E-06,-1.48441550594787,-1.48441550594787,1,3.81386175845269E-05,3.81386175845269E-05,2702.32069776521,2702.32069776521,-192781.989376537,-192781.989376537,8.85338463857881E-02,8.85338463857881E-02,100000000000,-2083.08625513868,-2083.08625513868)
PVTTABLE POINT = (33400000,40.08,340.170335962357,340.170335962357,4.98484260611018E-06,4.98484260611018E-06,-1.47451897808464,-1.47451897808464,1,3.79028078380909E-05,3.79028078380909E-05,2701.06122489688,2701.06122489688,-189107.678956666,-189107.678956666,8.81205344694592E-02,8.81205344694592E-02,100000000000,-2071.33032220501,-2071.33032220501)
PVTTABLE POINT = (33400000,41.44,338.171798620717,338.171798620717,5.01074337336E-06,5.01074337336E-06,-1.46448418033026,-1.46448418033026,1,3.76711447526506E-05,3.76711447526506E-05,2699.70902822636,2699.70902822636,-185435.144880613,-185435.144880613,8.77163635281129E-02,8.77163635281129E-02,100000000000,-2059.63098008613,-2059.63098008613)
PVTTABLE POINT = (33400000,42.8,336.186997862911,336.186997862911,5.03577447636027E-06,5.03577447636027E-06,-1.45431951916318,-1.45431951916318,1,3.7443550499924E-05,3.7443550499924E-05,2698.26774379862,2698.26774379862,-181764.51078719,-181764.51078719,0.087321231927376,0.087321231927376,100000000000,-2047.98813271658,-2047.98813271658)
PVTTABLE POINT = (33400000,44.16,334.216104599228,334.216104599228,5.05993481470514E-06,5.05993481470514E-06,-1.44403337725424,-1.44403337725424,1,3.72199496544585E-05,3.72199496544585E-05,2696.74106390493,2696.74106390493,-178095.895330788,-178095.895330788,8.69350367399289E-02,8.69350367399289E-02,100000000000,-2036.40166952667,-2036.40166952667)
PVTTABLE POINT = (33400000,45.52,332.259278366004,332.259278366004,5.08322441501691E-06,5.08322441501691E-06,-1.43363409537401,-1.43363409537401,1,3.70002690865734E-05,3.70002690865734E-05,2695.13272695116,2695.13272695116,-174429.412111782,-174429.412111782,0.086557673870001,0.086557673870001,100000000000,-2024.8714654717,-2024.8714654717)
PVTTABLE POINT = (33400000,46.88,330.316667394485,330.316667394485,5.10564439920155E-06,5.10564439920155E-06,-1.42312995506584,-1.42312995506584,1,3.67844378582077E-05,3.67844378582077E-05,2693.44650750491,2693.44650750491,-170765.16962061,-170765.16962061,8.61890381767562E-02,8.61890381767562E-02,100000000000,-2013.39738110349,-2013.39738110349)
PVTTABLE POINT = (33400000,48.24,328.388408702696,328.388408702696,5.12719695002714E-06,5.12719695002714E-06,-1.41252916213925,-1.41252916213925,1,3.65723871218446E-05,3.65723871218446E-05,2691.68620656365,2691.68620656365,-167103.271195235,-167103.271195235,8.58290235962485E-02,8.58290235962485E-02,100000000000,-2001.97926268199,-2001.97926268199)
PVTTABLE POINT = (33400000,49.6,326.474628209171,326.474628209171,5.14788527430577E-06,5.14788527430577E-06,-1.4018398310301,-1.4018398310301,1,3.63640500226579E-05,3.63640500226579E-05,2689.85564208244,2689.85564208244,-163443.814991678,-163443.814991678,8.54775232616279E-02,8.54775232616279E-02,100000000000,-1990.61694232517,-1990.61694232517)
PVTTABLE POINT = (33400000,50.96,324.575440867348,324.575440867348,5.16771356396203E-06,5.16771356396203E-06,-1.39106997006602,-1.39106997006602,1,3.61593616039989E-05,3.61593616039989E-05,2687.95863979642,2687.95863979642,-159786.893967226,-159786.893967226,8.51344296212941E-02,8.51344296212941E-02,100000000000,-1979.31023819499,-1979.31023819499)
PVTTABLE POINT = (33400000,52.32,322.690950819367,322.690950819367,5.18668695527073E-06,5.18668695527073E-06,-1.38022746766769,-1.38022746766769,1,3.59582587163267E-05,3.59582587163267E-05,2685.99902436932,2685.99902436932,-156132.59587591,-156132.59587591,8.47996345547117E-02,8.47996345547117E-02,100000000000,-1968.05895471719,-1968.05895471719)
PVTTABLE POINT = (33400000,53.68,320.821251567983,320.821251567983,5.20481148654374E-06,5.20481148654374E-06,-1.36932007950875,-1.36932007950875,1,3.57606799296522E-05,3.57606799296522E-05,2683.98061089586,2683.98061089586,-152481.003275788,-152481.003275788,8.44730294856105E-02,8.44730294856105E-02,100000000000,-1956.86288283274,-1956.86288283274)
PVTTABLE POINT = (33400000,55.04,318.966426165282,318.966426165282,5.22209405454158E-06,5.22209405454158E-06,-1.35835541664983,-1.35835541664983,1,3.5566565449554E-05,3.5566565449554E-05,2681.90719678173,2681.90719678173,-148832.193547512,-148832.193547512,8.41545054923149E-02,8.41545054923149E-02,100000000000,-1945.72180027851,-1945.72180027851)
PVTTABLE POINT = (33400000,56.4,317.126547416869,317.126547416869,5.23854236987779E-06,5.23854236987779E-06,-1.34734093465489,-1.34734093465489,1,3.53758570367958E-05,3.53758570367958E-05,2679.78255402155,2679.78255402155,-145186.238923699,-145186.238923699,8.38439534149661E-02,8.38439534149661E-02,100000000000,-1934.63547189493,-1934.63547189493)
PVTTABLE POINT = (33400000,57.76,315.301678100184,315.301678100184,5.25416491167604E-06,5.25416491167604E-06,-1.33628392369157,-1.33628392369157,1,3.51884979305598E-05,3.51884979305598E-05,2677.61042189105,2677.61042189105,-141543.206528489,-141543.206528489,8.35412639594219E-02,8.35412639594219E-02,100000000000,-1923.60364995832,-1923.60364995832)
PVTTABLE POINT = (33400000,59.12,313.491871195619,313.491871195619,5.26897088172919E-06,5.26897088172919E-06,-1.32519149961056,-1.32519149961056,1,3.50044327752908E-05,3.50044327752908E-05,2675.39450006676,2675.39450006676,-137903.158426786,-137903.158426786,8.32463277976372E-02,8.32463277976372E-02,100000000000,-1912.62607453541,-1912.62607453541)
PVTTABLE POINT = (33400000,60.48,311.697170129105,311.697170129105,5.28297015839845E-06,5.28297015839845E-06,-1.31407059599362,-1.31407059599362,1,3.48236075511282E-05,3.48236075511282E-05,2673.1384421824,2673.1384421824,-134266.151682535,-134266.151682535,8.29590356643554E-02,8.29590356643554E-02,100000000000,-1901.70247385791,-1901.70247385791)
PVTTABLE POINT = (33400000,61.84,309.917609024864,309.917609024864,5.29617325047728E-06,5.29617325047728E-06,-1.30292795715407,-1.30292795715407,1,3.46459695078862E-05,3.46459695078862E-05,2670.84584982839,2670.84584982839,-130632.238425472,-130632.238425472,8.26792784499639E-02,8.26792784499639E-02,100000000000,-1890.83256471474,-1890.83256471474)
PVTTABLE POINT = (33400000,63.2,308.153212967046,308.153212967046,5.30859125123173E-06,5.30859125123173E-06,-1.29177013206901,-1.29177013206901,1,3.44714671025317E-05,3.44714671025317E-05,2668.52026699761,2668.52026699761,-127001.465925736,-127001.465925736,8.24069472893871E-02,8.24069472893871E-02,100000000000,-1880.01605285973,-1880.01605285973)
PVTTABLE POINT = (33400000,64.56,306.403998268994,306.403998268994,5.32023579281383E-06,5.32023579281383E-06,-1.28060346921795,-1.28060346921795,1,3.43000499400905E-05,3.43000499400905E-05,2666.16517497743,2666.16517497743,-123373.876675719,-123373.876675719,8.21419336469223E-02,8.21419336469223E-02,100000000000,-1869.25263343264,-1869.25263343264)
PVTTABLE POINT = (33400000,65.92,304.669972748936,304.669972748936,5.33111900123015E-06,5.33111900123015E-06,-1.26943411229892,-1.26943411229892,1,3.41316687179076E-05,3.41316687179076E-05,2663.78398768575,2663.78398768575,-119749.508478571,-119749.508478571,8.18841293969396E-02,8.18841293969396E-02,100000000000,-1858.54199139127,-1858.54199139127)
PVTTABLE POINT = (33400000,67.28,302.951136010915,302.951136010915,5.34125345203212E-06,5.34125345203212E-06,-1.25826799678945,-1.25826799678945,1,3.39662751731696E-05,3.39662751731696E-05,2661.38004744587,2661.38004744587,-116128.394542744,-116128.394542744,8.16334269004006E-02,8.16334269004006E-02,100000000000,-1847.88380195282,-1847.88380195282)
PVTTABLE POINT = (33400000,68.64,301.247479729849,301.247479729849,5.35065212687937E-06,5.35065212687937E-06,-1.2471108473175,-1.2471108473175,1,3.38038220335962E-05,3.38038220335962E-05,2658.95662119304,2658.95662119304,-112510.563581987,-112510.563581987,8.13897190771629E-02,8.13897190771629E-02,100000000000,-1837.27773104235,-1837.27773104235)
PVTTABLE POINT = (34000000,2,403.01029244174,403.01029244174,3.8525212165135E-06,3.8525212165135E-06,-1.65177381521294,-1.65177381521294,1,4.69025287959467E-05,4.69025287959467E-05,2679.56909884616,2679.56909884616,-292301.18791024,-292301.18791024,0.104206820317059,0.104206820317059,100000000000,-2428.05330593803,-2428.05330593803)
PVTTABLE POINT = (34000000,3.36,400.766086498202,400.766086498202,3.89614427020391E-06,3.89614427020391E-06,-1.64848065386738,-1.64848065386738,1,4.65113879144264E-05,4.65113879144264E-05,2681.73509289565,2681.73509289565,-288655.486452739,-288655.486452739,0.103517246821484,0.103517246821484,100000000000,-2414.83607926617,-2414.83607926617)
PVTTABLE POINT = (34000000,4.72,398.526556343033,398.526556343033,3.93941761996678E-06,3.93941761996678E-06,-1.64489791747964,-1.64489791747964,1,4.6127876504671E-05,4.6127876504671E-05,2683.7716814477,2683.7716814477,-285006.927124301,-285006.927124301,0.102838547283367,0.102838547283367,100000000000,-2401.67339116354,-2401.67339116354)
PVTTABLE POINT = (34000000,6.08,396.292094643992,396.292094643992,3.98231389697556E-06,3.98231389697556E-06,-1.64102736735298,-1.64102736735298,1,4.57518074701909E-05,4.57518074701909E-05,2685.67794879542,2685.67794879542,-281355.686561109,-281355.686561109,0.102170695877128,0.102170695877128,100000000000,-2388.56534319515,-2388.56534319515)
PVTTABLE POINT = (34000000,7.44,394.063091413541,394.063091413541,4.02480606568839E-06,4.02480606568839E-06,-1.63687114669264,-1.63687114669264,1,4.53829989166409E-05,4.53829989166409E-05,2687.45317513056,2687.45317513056,-277701.942511838,-277701.942511838,0.101513663117023,0.101513663117023,100000000000,-2375.51203942046,-2375.51203942046)
PVTTABLE POINT = (34000000,8.8,391.839933491148,391.839933491148,4.06686748947641E-06,4.06686748947641E-06,-1.63243177789426,-1.63243177789426,1,4.50212740894657E-05,4.50212740894657E-05,2689.09683918493,2689.09683918493,-274045.873569352,-274045.873569352,0.100867415876231,0.100867415876231,100000000000,-2362.51358539123,-2362.51358539123)
PVTTABLE POINT = (34000000,10.16,389.62300403022,389.62300403022,4.1084719953339E-06,4.1084719953339E-06,-1.62771215844093,-1.62771215844093,1,4.46664613064492E-05,4.46664613064492E-05,2690.60862017659,2690.60862017659,-270387.658899293,-270387.658899293,0.100231917414359,0.100231917414359,100000000000,-2349.5700871625,-2349.5700871625)
PVTTABLE POINT = (34000000,11.52,387.412681991557,387.412681991557,4.14959393732251E-06,4.14959393732251E-06,-1.62271555541897,-1.62271555541897,1,4.43183938853067E-05,4.43183938853067E-05,2691.98839904436,2691.98839904436,-266727.477966492,-266727.477966492,9.96071274130335E-02,9.96071274130335E-02,100000000000,-2336.68165031954,-2336.68165031954)
PVTTABLE POINT = (34000000,12.88,385.209341645196,385.209341645196,4.19020825840786E-06,4.19020825840786E-06,-1.6174455986728,-1.6174455986728,1,4.39769100664777E-05,4.39769100664777E-05,2693.236258959,2693.236258959,-263065.510260204,-263065.510260204,9.89930020192698E-02,9.89930020192698E-02,100000000000,-2323.84837902391,-2323.84837902391)
PVTTABLE POINT = (34000000,14.24,383.013352082466,383.013352082466,4.23029055035572E-06,4.23029055035572E-06,-1.61190627262851,-1.61190627262851,1,4.36418529313108E-05,4.36418529313108E-05,2694.35248510457,2694.35248510457,-259401.935019138,-259401.935019138,9.83894938962277E-02,9.83894938962277E-02,100000000000,-2311.07037508138,-2311.07037508138)
PVTTABLE POINT = (34000000,15.6,380.825076740059,380.825076740059,4.26981711136725E-06,4.26981711136725E-06,-1.60610190682584,-1.60610190682584,1,4.33130703158502E-05,4.33130703158502E-05,2695.33756372848,2695.33756372848,-255736.930957277,-255736.930957277,9.77965522810163E-02,9.77965522810163E-02,100000000000,-2298.3477370347,-2298.3477370347)
PVTTABLE POINT = (34000000,16.96,378.644872937812,378.644872937812,4.30876500114805E-06,4.30876500114805E-06,-1.6000371652072,-1.6000371652072,1,4.29904147204631E-05,4.29904147204631E-05,2696.19218046417,2696.19218046417,-252070.675991497,-252070.675991497,9.72141230491526E-02,9.72141230491526E-02,100000000000,-2285.68055928375,-2285.68055928375)
PVTTABLE POINT = (34000000,18.32,376.473091431887,376.473091431887,4.34711209312383E-06,4.34711209312383E-06,-1.59371703422121,-1.59371703422121,1,4.26737432155638E-05,4.26737432155638E-05,2696.91721793519,2696.91721793519,-248403.346971946,-248403.346971946,9.66421487852973E-02,9.66421487852973E-02,100000000000,-2273.06893123584,-2273.06893123584)
PVTTABLE POINT = (34000000,19.68,374.310075984884,374.310075984884,4.38483712353632E-06,4.38483712353632E-06,-1.58714680980668,-1.58714680980668,1,4.23629173437158E-05,4.23629173437158E-05,2697.51375265495,2697.51375265495,-244735.119416169,-244735.119416169,9.60805688598793E-02,9.60805688598793E-02,100000000000,-2260.51293648864,-2260.51293648864)
PVTTABLE POINT = (34000000,21.04,372.156162954386,372.156162954386,4.42191973717629E-06,4.42191973717629E-06,-1.58033208333031,-1.58033208333031,1,4.20578030184072E-05,4.20578030184072E-05,2697.98305124102,2697.98305124102,-241066.167247912,-241066.167247912,9.55293195112223E-02,9.55293195112223E-02,100000000000,-2248.01265204791,-2248.01265204791)
PVTTABLE POINT = (34000000,22.4,370.011680901291,370.011680901291,4.45834052953578E-06,4.45834052953578E-06,-1.57327872655865,-1.57327872655865,1,4.17582704198132E-05,4.17582704198132E-05,2698.3265659677,2698.3265659677,-237396.662541539,-237396.662541539,0.094988333932786,0.094988333932786,100000000000,-2235.56814758232,-2235.56814758232)
PVTTABLE POINT = (34000000,23.76,367.876950219189,367.876950219189,4.49408108518887E-06,4.49408108518887E-06,-1.56599287575052,-1.56599287575052,1,4.14641938878713E-05,4.14641938878713E-05,2698.54592968513,2698.54592968513,-233726.775272914,-233726.775272914,9.44575423651394E-02,9.44575423651394E-02,100000000000,-2223.17948471723,-2223.17948471723)
PVTTABLE POINT = (34000000,25.12,365.752282785923,365.752282785923,4.52912401223865E-06,4.52912401223865E-06,-1.55848091496176,-1.55848091496176,1,4.1175451813008E-05,4.1175451813008E-05,2698.64295013739,2698.64295013739,-230056.673077624,-230056.673077624,9.39368721922847E-02,9.39368721922847E-02,100000000000,-2210.84671636926,-2210.84671636926)
PVTTABLE POINT = (34000000,26.48,363.637981638337,363.637981638337,4.56345297269845E-06,4.56345297269845E-06,-1.55074945865829,-1.55074945865829,1,4.08919265248612E-05,4.08919265248612E-05,2698.61960371573,2698.61960371573,-226386.521017304,-226386.521017304,9.34262480419583E-02,9.34262480419583E-02,100000000000,-2198.56988612309,-2198.56988612309)
PVTTABLE POINT = (34000000,27.84,361.534340671078,361.534340671078,4.59705270870496E-06,4.59705270870496E-06,-1.54280533373685,-1.54280533373685,1,4.06135041793501E-05,4.06135041793501E-05,2698.47802868669,2698.47802868669,-222716.481354824,-222716.481354824,9.29255918895371E-02,9.29255918895371E-02,100000000000,-2186.34902765189,-2186.34902765189)
PVTTABLE POINT = (34000000,29.2,359.441644360204,359.441644360204,4.62990906449264E-06,4.62990906449264E-06,-1.53465556105533,-1.53465556105533,1,4.03400746444485E-05,4.03400746444485E-05,2698.22051793781,2698.22051793781,-219046.713339024,-219046.713339024,0.092434823165184,0.092434823165184,100000000000,-2174.18416418244,-2174.18416418244)
PVTTABLE POINT = (34000000,30.56,357.36016751218,357.36016751218,4.66200900408925E-06,4.66200900408925E-06,-1.52630733657596,-1.52630733657596,1,4.00715313850131E-05,4.00715313850131E-05,2697.84951128616,2697.84951128616,-215377.372999607,-215377.372999607,9.19538588638744E-02,9.19538588638744E-02,100000000000,-2162.07530800582,-2162.07530800582)
PVTTABLE POINT = (34000000,31.92,355.290175038724,355.290175038724,4.69334062472306E-06,4.69334062472306E-06,-1.51776801222508,-1.51776801222508,1,3.9807771347022E-05,3.9807771347022E-05,2697.36758739716,2697.36758739716,-211708.612952777,-211708.612952777,0.091482613657945,0.091482613657945,100000000000,-2150.02246003427,-2150.02246003427)
PVTTABLE POINT = (34000000,33.28,353.231921757823,353.231921757823,4.72389316596237E-06,4.72389316596237E-06,-1.50904507657291,-1.50904507657291,1,3.95486948415692E-05,3.95486948415692E-05,2696.77745536272,2696.77745536272,-208040.582218086,-208040.582218086,9.10210000118175E-02,9.10210000118175E-02,100000000000,-2138.02560940465,-2138.02560940465)
PVTTABLE POINT = (34000000,34.64,351.185652221078,351.185652221078,4.75365701463677E-06,4.75365701463677E-06,-1.5001461354351,-1.5001461354351,1,3.92942054289545E-05,3.92942054289545E-05,2696.08194598872,2696.08194598872,-204373.426046955,-204373.426046955,9.05689282985454E-02,9.05689282985454E-02,100000000000,-2126.08473312857,-2126.08473312857)
PVTTABLE POINT = (34000000,36,349.151600567443,349.151600567443,4.78262370561739E-06,4.78262370561739E-06,-1.49107889249586,-1.49107889249586,1,3.90442098032015E-05,3.90442098032015E-05,2695.28400284289,2695.28400284289,-200707.285763206,-200707.285763206,9.01263069178479E-02,9.01263069178479E-02,100000000000,-2114.19979578932,-2114.19979578932)
PVTTABLE POINT = (34000000,37.36,347.129990403232,347.129990403232,4.81078591855937E-06,4.81078591855937E-06,-1.48185113004917,-1.48185113004917,1,3.87986176773189E-05,3.87986176773189E-05,2694.38667311396,2694.38667311396,-197042.2986159,-197042.2986159,8.96930424152848E-02,8.96930424152848E-02,100000000000,-2102.37074928507,-2102.37074928507)
PVTTABLE POINT = (34000000,38.72,345.121034708194,345.121034708194,4.83813747073422E-06,4.83813747073422E-06,-1.47247068995088,-1.47247068995088,1,3.85573416696134E-05,3.85573416696134E-05,2693.39309833288,2693.39309833288,-193378.597644711,-193378.597644711,8.92690396022428E-02,8.92690396022428E-02,100000000000,-2090.59753261793,-2090.59753261793)
PVTTABLE POINT = (34000000,40.08,343.124935767296,343.124935767296,4.86467330610209E-06,4.86467330610209E-06,-1.46294545487002,-1.46294545487002,1,3.83202971913406E-05,3.83202971913406E-05,2692.30650500615,2692.30650500615,-189716.311557984,-189716.311557984,8.88542016764014E-02,8.88542016764014E-02,100000000000,-2078.88007172833,-2078.88007172833)
PVTTABLE POINT = (34000000,41.44,341.141885127755,341.141885127755,4.89038948079406E-06,4.89038948079406E-06,-1.45328332992234,-1.45328332992234,1,3.8087402335969E-05,3.8087402335969E-05,2691.13019521029,2691.13019521029,-186055.56462356,-186055.56462356,8.84484303423477E-02,8.84484303423477E-02,100000000000,-2067.21827937349,-2067.21827937349)
PVTTABLE POINT = (34000000,42.8,339.172063580741,339.172063580741,4.91528314519234E-06,4.91528314519234E-06,-1.44349222476388,-1.44349222476388,1,3.78585777703092E-05,3.78585777703092E-05,2689.86753719469,2689.86753719469,-182396.476572396,-182396.476572396,8.80516259320246E-02,8.80516259320246E-02,100000000000,-2055.61205504926,-2055.61205504926)
PVTTABLE POINT = (34000000,44.16,337.215641167085,337.215641167085,4.93935252281219E-06,4.93935252281219E-06,-1.43358003621579,-1.43358003621579,1,3.76337466277448E-05,3.76337466277448E-05,2688.52195603869,2688.52195603869,-178739.162514933,-178739.162514933,8.76636875246905E-02,8.76636875246905E-02,100000000000,-2044.06128495372,-2044.06128495372)
PVTTABLE POINT = (34000000,45.52,335.272777206211,335.272777206211,4.96259688620186E-06,4.96259688620186E-06,-1.42355463148567,-1.42355463148567,1,3.74128344037794E-05,3.74128344037794E-05,2687.09692440599,2687.09692440599,-175083.732870102,-175083.732870102,0.087284513066085,0.087284513066085,100000000000,-2032.56584199149,-2032.56584199149)
PVTTABLE POINT = (34000000,46.88,333.343620347455,333.343620347455,4.98501653008783E-06,4.98501653008783E-06,-1.41342383204374,-1.41342383204374,1,3.7195768854093E-05,3.7195768854093E-05,2685.59595343774,2685.59595343774,-171430.293306827,-171430.293306827,8.69139994864929E-02,8.69139994864929E-02,100000000000,-2021.12558581691,-2021.12558581691)
PVTTABLE POINT = (34000000,48.24,331.428308642831,331.428308642831,5.00661274200067E-06,5.00661274200067E-06,-1.40319539820556,-1.40319539820556,1,3.69824798952824E-05,3.69824798952824E-05,2684.0225838223,2684.0225838223,-167778.944697785,-167778.944697785,8.65520428174185E-02,8.65520428174185E-02,100000000000,-2009.74036291467,-2009.74036291467)
PVTTABLE POINT = (34000000,49.6,329.526969640267,329.526969640267,5.02738777062259E-06,5.02738777062259E-06,-1.39287701446579,-1.39287701446579,1,3.67728995084369E-05,3.67728995084369E-05,2682.38037707733,2682.38037707733,-164129.783085181,-164129.783085181,8.61985383065818E-02,8.61985383065818E-02,100000000000,-1998.41000671594,-1998.41000671594)
PVTTABLE POINT = (34000000,50.96,327.639720496245,327.639720496245,5.04734479210109E-06,5.04734479210109E-06,-1.38247627562086,-1.38247627562086,1,3.65669616456786E-05,3.65669616456786E-05,2680.67290707666,2680.67290707666,-160482.899658207,-160482.899658207,8.58533805309632E-02,8.58533805309632E-02,100000000000,-1987.13433774821,-1987.13433774821)
PVTTABLE POINT = (34000000,52.32,325.766668106762,325.766668106762,5.06648787457451E-06,5.06648787457451E-06,-1.37200067371124,-1.37200067371124,1,3.63646021397793E-05,3.63646021397793E-05,2678.90375185115,2678.90375185115,-156838.380741844,-156838.380741844,8.55164635076403E-02,8.55164635076403E-02,100000000000,-1975.91316381698,-1975.91316381698)
PVTTABLE POINT = (34000000,53.68,323.90790925549,323.90790925549,5.08482194115417E-06,5.08482194115417E-06,-1.36145758580754,-1.36145758580754,1,3.61657586169417E-05,3.61657586169417E-05,2677.07648568981,2677.07648568981,-153196.307796624,-153196.307796624,8.51876808021681E-02,8.51876808021681E-02,100000000000,-1964.74628021716,-1964.74628021716)
PVTTABLE POINT = (34000000,55.04,322.063530777942,322.063530777942,5.1023527316051E-06,5.1023527316051E-06,-1.35085426265784,-1.35085426265784,1,3.59703704128147E-05,3.59703704128147E-05,2675.19467156399,2675.19467156399,-149556.757428897,-149556.757428897,0.08486692563427,0.08486692563427,100000000000,-1953.63346997225,-1953.63346997225)
PVTTABLE POINT = (34000000,56.4,320.233609740503,320.233609740503,5.1190867629625E-06,5.1190867629625E-06,-1.34019781820748,-1.34019781820748,1,3.5778378491792E-05,3.5778378491792E-05,2673.2618538945,2673.2618538945,-145919.801411192,-145919.801411192,8.45540909806293E-02,8.45540909806293E-02,100000000000,-1942.57450409921,-1942.57450409921)
PVTTABLE POINT = (34000000,57.76,318.41821363311,318.41821363311,5.13503128931494E-06,5.13503128931494E-06,-1.3294952199966,-1.3294952199966,1,3.55897253696273E-05,3.55897253696273E-05,2671.28155167794,2671.28155167794,-142285.50671215,-142285.50671215,8.42490696745823E-02,8.42490696745823E-02,100000000000,-1931.56914189688,-1931.56914189688)
PVTTABLE POINT = (34000000,59.12,316.617400574394,316.617400574394,5.15019426097745E-06,5.15019426097745E-06,-1.31875328043473,-1.31875328043473,1,3.54043550393783E-05,3.54043550393783E-05,2669.25725198587,2669.25725198587,-138653.935535574,-138653.935535574,8.39517545025373E-02,8.39517545025373E-02,100000000000,-1920.61713125603,-1920.61713125603)
PVTTABLE POINT = (34000000,60.48,314.831219528097,314.831219528097,5.16458428326857E-06,5.16458428326857E-06,-1.30797864894688,-1.30797864894688,1,3.5222212900679E-05,3.5222212900679E-05,2667.19240384706,2667.19240384706,-135025.145368048,-135025.145368048,8.36620382969595E-02,8.36620382969595E-02,100000000000,-1909.71820898871,-1909.71820898871)
PVTTABLE POINT = (34000000,61.84,313.059710529586,313.059710529586,5.17821057509531E-06,5.17821057509531E-06,-1.29717780498011,-1.29717780498011,1,3.50432456923217E-05,3.50432456923217E-05,2665.09041252019,2665.09041252019,-131399.189034613,-131399.189034613,8.33798140257893E-02,8.33798140257893E-02,100000000000,-1898.87210117508,-1898.87210117508)
PVTTABLE POINT = (34000000,63.2,311.302904921293,311.302904921293,5.19108292753896E-06,5.19108292753896E-06,-1.28635705185562,-1.28635705185562,1,3.48674014281175E-05,3.48674014281175E-05,2662.95463416187,2662.95463416187,-127776.114761964,-127776.114761964,8.31049748781736E-02,8.31049748781736E-02,100000000000,-1888.07852352562,-1888.07852352562)
PVTTABLE POINT = (34000000,64.56,309.560825595963,309.560825595963,5.20321166262269E-06,5.20321166262269E-06,-1.2755225114468,-1.2755225114468,1,3.46946293359907E-05,3.46946293359907E-05,2660.78837089189,2660.78837089189,-124155.966248633,-124155.966248633,8.28374143464184E-02,8.28374143464184E-02,100000000000,-1877.33718175672,-1877.33718175672)
PVTTABLE POINT = (34000000,65.92,307.833487246581,307.833487246581,5.21460759242977E-06,5.21460759242977E-06,-1.26468011966054,-1.26468011966054,1,3.45248798002504E-05,3.45248798002504E-05,2658.59486625525,2658.59486625525,-120538.782741609,-120538.782741609,8.25770263040878E-02,8.25770263040878E-02,100000000000,-1866.64777197778,-1866.64777197778)
PVTTABLE POINT = (34000000,67.28,306.120896621921,306.120896621921,5.22528197872816E-06,5.22528197872816E-06,-1.25383562269533,-1.25383562269533,1,3.43581043069736E-05,3.43581043069736E-05,2656.37730107839,2656.37730107839,-116924.599118859,-116924.599118859,8.23237050801993E-02,8.23237050801993E-02,100000000000,-1856.00998108793,-1856.00998108793)
PVTTABLE POINT = (34000000,68.64,304.423052786665,304.423052786665,5.23524649324445E-06,5.23524649324445E-06,-1.24299457404751,-1.24299457404751,1,3.41942553924216E-05,3.41942553924216E-05,2654.13878971474,2654.13878971474,-113313.445977225,-113313.445977225,8.20773455294812E-02,8.20773455294812E-02,100000000000,-1845.42348718055,-1845.42348718055)
PVTTABLE POINT = (34600000,2,405.294040956398,405.294040956398,3.76067079459483E-06,3.76067079459483E-06,-1.63274978796755,-1.63274978796755,1,4.7358486371549E-05,4.7358486371549E-05,2668.36783060474,2668.36783060474,-292476.423094519,-292476.423094519,0.104940681860861,0.104940681860861,100000000000,-2434.08569412445,-2434.08569412445)
PVTTABLE POINT = (34600000,3.36,403.075611761195,403.075611761195,3.80298106383461E-06,3.80298106383461E-06,-1.62959966566877,-1.62959966566877,1,4.69652959086327E-05,4.69652959086327E-05,2670.54578774035,2670.54578774035,-288845.947975206,-288845.947975206,0.104251999883954,0.104251999883954,100000000000,-2420.92366948181,-2420.92366948181)
PVTTABLE POINT = (34600000,4.72,400.861655818157,400.861655818157,3.84496553520385E-06,3.84496553520385E-06,-1.62617171909402,-1.62617171909402,1,4.65797844806564E-05,4.65797844806564E-05,2672.60096325938,2672.60096325938,-285212.594215556,-285212.594215556,0.103574098598611,0.103574098598611,100000000000,-2407.8158376497,-2407.8158376497)
PVTTABLE POINT = (34600000,6.08,398.652549895788,398.652549895788,3.88659855531196E-06,3.88659855531196E-06,-1.62246758463536,-1.62246758463536,1,4.62017639227851E-05,4.62017639227851E-05,2674.53247505338,2674.53247505338,-281576.529418767,-281576.529418767,0.102906951664104,0.102906951664104,100000000000,-2394.76227114071,-2394.76227114071)
PVTTABLE POINT = (34600000,7.44,396.448668296036,396.448668296036,3.92785476749551E-06,3.92785476749551E-06,-1.6184892528918,-1.6184892528918,1,4.58310511863185E-05,4.58310511863185E-05,2676.33962210018,2676.33962210018,-277937.922264871,-277937.922264871,0.102250529194797,0.102250529194797,100000000000,-2381.76304525795,-2381.76304525795)
PVTTABLE POINT = (34600000,8.8,394.250382374069,394.250382374069,3.96870917124005E-06,3.96870917124005E-06,-1.61423906625837,-1.61423906625837,1,4.54674682804057E-05,4.54674682804057E-05,2678.02188688749,2678.02188688749,-274296.942262746,-274296.942262746,0.101604797778973,0.101604797778973,100000000000,-2368.81823715937,-2368.81823715937)
PVTTABLE POINT = (34600000,10.16,392.058060062177,392.058060062177,4.00913718082552E-06,4.00913718082552E-06,-1.60971971526797,-1.60971971526797,1,4.51108422090025E-05,4.51108422090025E-05,2679.5789372161,2679.5789372161,-270653.759499244,-270653.759499244,0.100969720505824,0.100969720505824,100000000000,-2355.92792493442,-2355.92792493442)
PVTTABLE POINT = (34600000,11.52,389.872065399501,389.872065399501,4.04911468289104E-06,4.04911468289104E-06,-1.60493423369462,-1.60493423369462,1,4.47610049031858E-05,4.47610049031858E-05,2681.01062736786,2681.01062736786,-267008.544386293,-267008.544386293,0.100345257000296,0.100345257000296,100000000000,-2343.09218669573,-2343.09218669573)
PVTTABLE POINT = (34600000,12.88,387.692758069238,387.692758069238,4.08861809261955E-06,4.08861809261955E-06,-1.59988599243529,-1.59988599243529,1,4.44177931489638E-05,4.44177931489638E-05,2682.31699862814,2682.31699862814,-263361.467406859,-263361.467406859,9.97313634654715E-02,9.97313634654715E-02,100000000000,-2330.31109968832,-2330.31109968832)
PVTTABLE POINT = (34600000,14.24,385.520492945005,385.520492945005,4.12762440825047E-06,4.12762440825047E-06,-1.59457869219598,-1.59457869219598,1,4.40810485107436E-05,4.40810485107436E-05,2683.49827915652,2683.49827915652,-259712.698860636,-259712.698860636,9.91279927321314E-02,9.91279927321314E-02,100000000000,-2317.58473941912,-2317.58473941912)
PVTTABLE POINT = (34600000,15.6,383.355619647924,383.355619647924,4.16611126363816E-06,4.16611126363816E-06,-1.58901635501583,-1.58901635501583,1,4.37506172506409E-05,4.37506172506409E-05,2684.55488320423,2684.55488320423,-256062.408610349,-256062.408610349,9.85350943151428E-02,9.85350943151428E-02,100000000000,-2304.91317880909,-2304.91317880909)
PVTTABLE POINT = (34600000,16.96,381.198482116015,381.198482116015,4.20405697858727E-06,4.20405697858727E-06,-1.5832033146714,-1.5832033146714,1,4.34263502438355E-05,4.34263502438355E-05,2685.48740968103,2685.48740968103,-252410.765829579,-252410.765829579,9.79526144762928E-02,9.79526144762928E-02,100000000000,-2292.29648737049,-2292.29648737049)
PVTTABLE POINT = (34600000,18.32,379.049418187363,379.049418187363,4.24144060671056E-06,4.24144060671056E-06,-1.57714420601081,-1.57714420601081,1,4.31081028902011E-05,4.31081028902011E-05,2686.29664007892,2686.29664007892,-248757.938752959,-248757.938752959,9.73804962931943E-02,9.73804962931943E-02,100000000000,-2279.73473041166,-2279.73473041166)
PVTTABLE POINT = (34600000,19.68,376.908759198497,376.908759198497,4.27824198057243E-06,4.27824198057243E-06,-1.57084395327448,-1.57084395327448,1,4.27957350224525E-05,4.27957350224525E-05,2686.98353576437,2686.98353576437,-245104.094429637,-245104.094429637,9.68186797338765E-02,9.68186797338765E-02,100000000000,-2267.22796827135,-2267.22796827135)
PVTTABLE POINT = (34600000,21.04,374.776829599295,374.776829599295,4.31444175390112E-06,4.31444175390112E-06,-1.56430775746616,-1.56430775746616,1,4.2489110811071E-05,4.2489110811071E-05,2687.54923465507,2687.54923465507,-241449.398480836,-241449.398480836,9.62671017366764E-02,9.62671017366764E-02,100000000000,-2254.77625558487,-2254.77625558487)
PVTTABLE POINT = (34600000,22.4,372.653946585681,372.653946585681,4.35002144067326E-06,4.35002144067326E-06,-1.55754108284389,-1.55754108284389,1,4.21880986662872E-05,4.21880986662872E-05,2687.99504730124,2687.99504730124,-237794.014862347,-237794.014862347,9.57256962950433E-02,9.57256962950433E-02,100000000000,-2242.37964058375,-2242.37964058375)
PVTTABLE POINT = (34600000,23.76,370.540419751241,370.540419751241,4.38496345089809E-06,4.38496345089809E-06,-1.55054964260612,-1.55054964260612,1,4.18925711374078E-05,4.18925711374078E-05,2688.32245239568,2688.32245239568,-234138.105632733,-234138.105632733,9.51943945468757E-02,9.51943945468757E-02,100000000000,-2230.03816443094,-2230.03816443094)
PVTTABLE POINT = (34600000,25.12,368.436550758818,368.436550758818,4.41925112295207E-06,4.41925112295207E-06,-1.54333938385251,-1.54333938385251,1,4.16024048097904E-05,4.16024048097904E-05,2688.5330917401,2688.5330917401,-230481.830728019,-230481.830728019,9.46731248680098E-02,9.46731248680098E-02,100000000000,-2217.75186059283,-2217.75186059283)
PVTTABLE POINT = (34600000,26.48,366.342633032997,366.342633032997,4.45286875234086E-06,4.45286875234086E-06,-1.53591647190348,-1.53591647190348,1,4.13174801997729E-05,4.13174801997729E-05,2688.62876469892,2688.62876469892,-226825.347743585,-226825.347743585,9.41618129694852E-02,9.41618129694852E-02,100000000000,-2205.52075424975,-2205.52075424975)
PVTTABLE POINT = (34600000,27.84,364.258951474311,364.258951474311,4.48580161679064E-06,4.48580161679064E-06,-1.52828727406511,-1.52828727406511,1,4.10376816478749E-05,4.10376816478749E-05,2688.61142217463,2688.61142217463,-223168.811723917,-223168.811723917,9.36603819982204E-02,9.36603819982204E-02,100000000000,-2193.3448617459,-2193.3448617459)
PVTTABLE POINT = (34600000,29.2,362.185782195844,362.185782195844,4.51803599759791E-06,4.51803599759791E-06,-1.52045834292873,-1.52045834292873,1,4.07628972105899E-05,4.07628972105899E-05,2688.48316014149,2688.48316014149,-219512.37496087,-219512.37496087,9.31687526407328E-02,9.31687526407328E-02,100000000000,-2181.22419007998,-2181.22419007998)
PVTTABLE POINT = (34600000,30.56,360.123392282823,360.123392282823,4.54955919719314E-06,4.54955919719314E-06,-1.51243639929578,-1.51243639929578,1,4.04930185510914E-05,4.04930185510914E-05,2688.24621277684,2688.24621277684,-215856.186800995,-215856.186800995,9.26868432295491E-02,9.26868432295491E-02,100000000000,-2169.15873643712,-2169.15873643712)
PVTTABLE POINT = (34600000,31.92,358.072039575623,358.072039575623,4.58035955289995E-06,4.58035955289995E-06,-1.50422831481934,-1.50422831481934,1,4.02279408291713E-05,4.02279408291713E-05,2687.90294523097,2687.90294523097,-212200.393462465,-212200.393462465,0.092214569851956,0.092214569851956,100000000000,-2157.1484877628,-2157.1484877628)
PVTTABLE POINT = (34600000,33.28,356.031972476532,356.031972476532,4.61042644689784E-06,4.61042644689784E-06,-1.49584109445343,-1.49584109445343,1,3.99675625907308E-05,3.99675625907308E-05,2687.45584607837,2687.45584607837,-208545.137862043,-208545.137862043,9.17518464607468E-02,9.17518464607468E-02,100000000000,-2145.19342037909,-2145.19342037909)
PVTTABLE POINT = (34600000,34.64,354.003429780454,354.003429780454,4.63975031242104E-06,4.63975031242104E-06,-1.4872818588003,-1.4872818588003,1,3.97117856571344E-05,3.97117856571344E-05,2686.90751949386,2686.90751949386,-204890.559452526,-204890.559452526,9.12985849866264E-02,9.12985849866264E-02,100000000000,-2133.2934996435,-2133.2934996435)
PVTTABLE POINT = (34600000,36,351.986640529648,351.986640529648,4.66832263625093E-06,4.66832263625093E-06,-1.47855782644439,-1.47855782644439,1,3.94605150147355E-05,3.94605150147355E-05,2686.26067719835,2686.26067719835,-201236.794070976,-201236.794070976,9.08546954519469E-02,9.08546954519469E-02,100000000000,-2121.44867965034,-2121.44867965034)
PVTTABLE POINT = (34600000,37.36,349.981823892447,349.981823892447,4.6961359575819E-06,4.6961359575819E-06,-1.4696762963588,-1.4696762963588,1,3.92136587048666E-05,3.92136587048666E-05,2685.51813021873,2685.51813021873,-197583.973798044,-197583.973798044,9.04200860854458E-02,9.04200860854458E-02,100000000000,-2109.65890297443,-2109.65890297443)
PVTTABLE POINT = (34600000,38.72,347.989189065808,347.989189065808,4.72318386336238E-06,4.72318386336238E-06,-1.46064463046761,-1.46064463046761,1,3.8971127714583E-05,3.8971127714583E-05,2684.68278050677,2684.68278050677,-193932.226828599,-193932.226828599,8.99946634376698E-02,8.99946634376698E-02,100000000000,-2097.92410045666,-2097.92410045666)
PVTTABLE POINT = (34600000,40.08,346.008935201431,346.008935201431,4.74946098023281E-06,4.74946098023281E-06,-1.45147023644324,-1.45147023644324,1,3.87328358684304E-05,3.87328358684304E-05,2683.75761246117,2683.75761246117,-190281.677353827,-190281.677353827,8.95783324967716E-02,8.95783324967716E-02,100000000000,-2086.24419103108,-2086.24419103108)
PVTTABLE POINT = (34600000,41.44,344.041251355062,344.041251355062,4.77496296320001E-06,4.77496296320001E-06,-1.44216055081407,-1.44216055081407,1,3.84986997214974E-05,3.84986997214974E-05,2682.74568439618,2682.74568439618,-186632.445454902,-186632.445454902,8.91709968043733E-02,8.91709968043733E-02,100000000000,-2074.61908159245,-2074.61908159245)
PVTTABLE POINT = (34600000,42.8,342.086316458531,342.086316458531,4.79968648120431E-06,4.79968648120431E-06,-1.43272302245282,-1.43272302245282,1,3.82686384539957E-05,3.82686384539957E-05,2681.65011999899,2681.65011999899,-182984.647008266,-182984.647008266,8.87725585711966E-02,8.87725585711966E-02,100000000000,-2063.04866690354,-2063.04866690354)
PVTTABLE POINT = (34600000,44.16,340.144299313935,340.144299313935,4.82362919974974E-06,4.82362919974974E-06,-1.42316509651108,-1.42316509651108,1,3.80425737675951E-05,3.80425737675951E-05,2680.47409981673,2680.47409981673,-179338.393602525,-179338.393602525,8.83829187921666E-02,8.83829187921666E-02,100000000000,-2051.53282954106,-2051.53282954106)
PVTTABLE POINT = (34600000,45.52,338.215358609344,338.215358609344,4.84678976077998E-06,4.84678976077998E-06,-1.41349419885996,-1.41349419885996,1,3.78204297837245E-05,3.78204297837245E-05,2679.22085281207,2679.22085281207,-175693.792466863,-175693.792466863,0.088001977360706,0.088001977360706,100000000000,-2040.07143987907,-2040.07143987907)
PVTTABLE POINT = (34600000,46.88,336.299642955286,336.299642955286,4.86916775999298E-06,4.86916775999298E-06,-1.4037177210912,-1.4037177210912,1,3.76021329440305E-05,3.76021329440305E-05,2677.89364802444,2677.89364802444,-172050.946410886,-172050.946410886,8.76296331819382E-02,8.76296331819382E-02,100000000000,-2028.66435610837,-2028.66435610837)
PVTTABLE POINT = (34600000,48.24,334.397290941226,334.397290941226,4.89076372179536E-06,4.89076372179536E-06,-1.39384300612723,-1.39384300612723,1,3.73876119131678E-05,3.73876119131678E-05,2676.49578637171,2676.49578637171,-168409.953775708,-168409.953775708,8.72657842845363E-02,8.72657842845363E-02,100000000000,-2017.31142429071,-2017.31142429071)
PVTTABLE POINT = (34600000,49.6,332.508431211173,332.508431211173,4.91157907210379E-06,4.91157907210379E-06,-1.38387733448268,-1.38387733448268,1,3.71767974840759E-05,3.71767974840759E-05,2675.03059262483,2675.03059262483,-164770.908396079,-164770.908396079,8.69103279309569E-02,8.69103279309569E-02,100000000000,-2006.012478446,-2006.012478446)
PVTTABLE POINT = (34600000,50.96,330.633182557509,330.633182557509,4.93161610920461E-06,4.93161610920461E-06,-1.37382791121381,-1.37382791121381,1,3.69696224858799E-05,3.69696224858799E-05,2673.5014075852,2673.5014075852,-161133.899573282,-161133.899573282,8.65631607258089E-02,8.65631607258089E-02,100000000000,-1994.76734067109,-1994.76734067109)
PVTTABLE POINT = (34600000,52.32,328.771654032078,328.771654032078,4.95087797288522E-06,4.95087797288522E-06,-1.36370185358642,-1.36370185358642,1,3.67660216945317E-05,3.67660216945317E-05,2671.91158049223,2671.91158049223,-157499.012058527,-157499.012058527,8.62241787221276E-02,8.62241787221276E-02,100000000000,-1983.57582128829,-1983.57582128829)
PVTTABLE POINT = (34600000,53.68,326.923945073554,326.923945073554,4.96936861205105E-06,4.96936861205105E-06,-1.35350617948681,-1.35350617948681,1,3.65659317462919E-05,3.65659317462919E-05,2670.26446168541,2670.26446168541,-153866.326046496,-153866.326046496,8.58932775253254E-02,8.58932775253254E-02,100000000000,-1972.43771902199,-1972.43771902199)
PVTTABLE POINT = (34600000,55.04,325.090145650041,325.090145650041,4.98709275104062E-06,4.98709275104062E-06,-1.34324779659468,-1.34324779659468,1,3.63692910541319E-05,3.63692910541319E-05,2668.5633955429,2668.5633955429,-150235.917178676,-150235.917178676,8.55703523946143E-02,8.55703523946143E-02,100000000000,-1961.35282120146,-1961.35282120146)
PVTTABLE POINT = (34600000,56.4,323.27033641588,323.27033641588,5.00405585484823E-06,5.00405585484823E-06,-1.33293349233108,-1.33293349233108,1,3.61760397271222E-05,3.61760397271222E-05,2666.81171371544,2666.81171371544,-146607.856556106,-146607.856556106,8.52552983417021E-02,8.52552983417021E-02,100000000000,-1950.32090398809,-1950.32090398809)
PVTTABLE POINT = (34600000,57.76,321.46458888159,321.46458888159,5.02026409345912E-06,5.02026409345912E-06,-1.32256992458943,-1.32256992458943,1,3.59861194928499E-05,3.59861194928499E-05,2665.01272867193,2665.01272867193,-142982.210761111,-142982.210761111,8.49480102265893E-02,8.49480102265893E-02,100000000000,-1939.34173262519,-1939.34173262519)
PVTTABLE POINT = (34600000,59.12,319.67296559589,319.67296559589,5.03572430549667E-06,5.03572430549667E-06,-1.31216361325226,-1.31216361325226,1,3.57994736228989E-05,3.57994736228989E-05,2663.1697275701,2663.1697275701,-139359.041887594,-139359.041887594,0.0846483828503,0.0846483828503,100000000000,-1928.41506170843,-1928.41506170843)
PVTTABLE POINT = (34600000,60.48,317.895520338708,317.895520338708,5.05044396137366E-06,5.05044396137366E-06,-1.30172093249162,-1.30172093249162,1,3.56160468614049E-05,3.56160468614049E-05,2661.28596646318,2661.28596646318,-135738.407579437,-135738.407579437,8.43563110444053E-02,8.43563110444053E-02,100000000000,-1917.54063547517,-1917.54063547517)
PVTTABLE POINT = (34600000,61.84,316.132298324152,316.132298324152,5.06443112613194E-06,5.06443112613194E-06,-1.29124810384671,-1.29124810384671,1,3.54357853566865E-05,3.54357853566865E-05,2659.36466485073,2659.36466485073,-132120.361076547,-132120.361076547,8.40716897572134E-02,8.40716897572134E-02,100000000000,-1906.71818811072,-1906.71818811072)
PVTTABLE POINT = (34600000,63.2,314.383336412357,314.383336412357,5.07769442214604E-06,5.07769442214604E-06,-1.28075119006803,-1.28075119006803,1,3.52586365959393E-05,3.52586365959393E-05,2657.40900057947,2657.40900057947,-128504.95126808,-128504.95126808,8.37944141365158E-02,8.37944141365158E-02,100000000000,-1895.94744406978,-1895.94744406978)
PVTTABLE POINT = (34600000,64.56,312.648663329196,312.648663329196,5.09024299185632E-06,5.09024299185632E-06,-1.2702360897135,-1.2702360897135,1,3.50845493429653E-05,3.50845493429653E-05,2655.42210509745,2655.42210509745,-124892.222752351,-124892.222752351,8.35243796088026E-02,8.35243796088026E-02,100000000000,-1885.22811841132,-1885.22811841132)
PVTTABLE POINT = (34600000,65.92,310.928299892842,310.928299892842,5.10208646068719E-06,5.10208646068719E-06,-1.25970853247883,-1.25970853247883,1,3.4913473578902E-05,3.4913473578902E-05,2653.40705906289,2653.40705906289,-121282.21590297,-121282.21590297,8.32614819548751E-02,8.32614819548751E-02,100000000000,-1874.55991714501,-1874.55991714501)
PVTTABLE POINT = (34600000,67.28,309.222259246193,309.222259246193,5.11323490029556E-06,5.11323490029556E-06,-1.24917407524106,-1.24917407524106,1,3.47453604459008E-05,3.47453604459008E-05,2651.36688830657,2651.36688830657,-117674.96694069,-117674.96694069,0.083005617381804,0.083005617381804,100000000000,-1863.94253758764,-1863.94253758764)
PVTTABLE POINT = (34600000,68.64,307.530547094195,307.530547094195,5.12369879228311E-06,5.12369879228311E-06,-1.23863809879173,-1.23863809879173,1,3.45801621936993E-05,3.45801621936993E-05,2649.30456014519,2649.30456014519,-114070.508010531,-114070.508010531,8.27566825911983E-02,8.27566825911983E-02,100000000000,-1853.37566872777,-1853.37566872777)
PVTTABLE POINT = (35200000,2,407.523906193212,407.523906193212,3.67286516039259E-06,3.67286516039259E-06,-1.61429568984362,-1.61429568984362,1,4.78109491175925E-05,4.78109491175925E-05,2657.56838557646,2657.56838557646,-292622.79124191,-292622.79124191,0.105665772870718,0.105665772870718,100000000000,-2439.98320914392,-2439.98320914392)
PVTTABLE POINT = (35200000,3.36,405.330485151461,405.330485151461,3.71392554900922E-06,3.71392554900922E-06,-1.61127891195945,-1.61127891195945,1,4.74156511413119E-05,4.74156511413119E-05,2659.75633786233,2659.75633786233,-289006.997268728,-289006.997268728,0.104977925408337,0.104977925408337,100000000000,-2426.87440997153,-2426.87440997153)
PVTTABLE POINT = (35200000,4.72,403.141348509441,403.141348509441,3.7546818886541E-06,3.7546818886541E-06,-1.60799532870468,-1.60799532870468,1,4.70280817051636E-05,4.70280817051636E-05,2661.82768429275,2661.82768429275,-285388.30686674,-285388.30686674,0.104300768365015,0.104300768365015,100000000000,-2413.819478302,-2413.819478302)
PVTTABLE POINT = (35200000,6.08,400.956858122706,400.956858122706,3.79511010063397E-06,3.79511010063397E-06,-1.6044464652748,-1.6044464652748,1,4.6648051705443E-05,4.6648051705443E-05,2663.78157543689,2663.78157543689,-281766.879216384,-281766.879216384,0.103634274947949,0.103634274947949,100000000000,-2400.81845958657,-2400.81845958657)
PVTTABLE POINT = (35200000,7.44,398.777373548562,398.777373548562,3.83518637132028E-06,3.83518637132028E-06,-1.60063417597819,-1.60063417597819,1,4.6275377071419E-05,4.6275377071419E-05,2665.61732961159,2665.61732961159,-278142.874539547,-278142.874539547,0.10297841493033,0.10297841493033,100000000000,-2387.87140233493,-2387.87140233493)
PVTTABLE POINT = (35200000,8.8,396.603251599825,396.603251599825,3.87488720607123E-06,3.87488720607123E-06,-1.59656064207804,-1.59656064207804,1,4.59098787106105E-05,4.59098787106105E-05,2667.33443510472,2667.33443510472,-274516.453869838,-274516.453869838,0.1023331546697,0.1023331546697,100000000000,-2374.97835723941,-2374.97835723941)
PVTTABLE POINT = (35200000,10.16,394.434845902251,394.434845902251,3.91418948249386E-06,3.91418948249386E-06,-1.59222836851337,-1.59222836851337,1,4.55513824496166E-05,4.55513824496166E-05,2668.932551843,2668.932551843,-270887.778820242,-270887.778820242,0.101698457134241,0.101698457134241,100000000000,-2362.13937631085,-2362.13937631085)
PVTTABLE POINT = (35200000,11.52,392.272506457213,392.272506457213,3.95307050277905E-06,3.95307050277905E-06,-1.58764017950643,-1.58764017950643,1,4.5199718970598E-05,4.5199718970598E-05,2670.4115124914,2670.4115124914,-267257.011348872,-267257.011348872,0.10107428193668,0.10107428193668,100000000000,-2349.35451202845,-2349.35451202845)
PVTTABLE POINT = (35200000,12.88,390.116579211073,390.116579211073,3.99150804484667E-06,3.99150804484667E-06,-1.58279921307126,-1.58279921307126,1,4.48547237435296E-05,4.48547237435296E-05,2671.7713229745,2671.7713229745,-263624.313523625,-263624.313523625,0.100460585375505,0.100460585375505,100000000000,-2336.62381650614,-2336.62381650614)
PVTTABLE POINT = (35200000,14.24,387.967405632781,387.967405632781,4.02948041204368E-06,4.02948041204368E-06,-1.57770891444551,-1.57770891444551,1,4.45162369543618E-05,4.45162369543618E-05,2673.01216241432,2673.01216241432,-259989.847286529,-259989.847286529,9.98573204831432E-02,9.98573204831432E-02,100000000000,-2323.94734067753,-2323.94734067753)
PVTTABLE POINT = (35200000,15.6,385.825322301109,385.825322301109,4.0669664811467E-06,4.0669664811467E-06,-1.57237302847484,-1.57237302847484,1,4.4184103429253E-05,4.4184103429253E-05,2674.13438248296,2674.13438248296,-256353.774218563,-256353.774218563,9.92644370807678E-02,9.92644370807678E-02,100000000000,-2311.32513350186,-2311.32513350186)
PVTTABLE POINT = (35200000,16.96,383.690660502938,383.690660502938,4.10394574843097E-06,4.10394574843097E-06,-1.56679559098632,-1.56679559098632,1,4.38581725550514E-05,4.38581725550514E-05,2675.13850617187,2675.13850617187,-252716.255305764,-252716.255305764,9.86818818393465E-02,9.86818818393465E-02,100000000000,-2298.75724119288,-2298.75724119288)
PVTTABLE POINT = (35200000,18.32,381.563745843939,381.563745843939,4.14039837358049E-06,4.14039837358049E-06,-1.56098091919388,-1.56098091919388,1,4.35382981962245E-05,4.35382981962245E-05,2676.02522598401,2676.02522598401,-249077.450707393,-249077.450707393,9.81095983465758E-02,9.81095983465758E-02,100000000000,-2286.24370647307,-2286.24370647307)
PVTTABLE POINT = (35200000,19.68,379.444897872938,379.444897872938,4.17630522122835E-06,4.17630522122835E-06,-1.55493360118517,-1.55493360118517,1,4.32243386084512E-05,4.32243386084512E-05,2676.79540155861,2676.79540155861,-245437.519526957,-245437.519526957,9.75475271793135E-02,9.75475271793135E-02,100000000000,-2273.78456785476,-2273.78456785476)
PVTTABLE POINT = (35200000,21.04,377.334429721167,377.334429721167,4.21164789993326E-06,4.21164789993326E-06,-1.54865848454522,-1.54865848454522,1,4.2916156349108E-05,4.2916156349108E-05,2677.45005674199,2677.45005674199,-241796.619586827,-241796.619586827,9.69956059811315E-02,9.69956059811315E-02,100000000000,-2261.37985895032,-2261.37985895032)
PVTTABLE POINT = (35200000,22.4,375.232647757542,375.232647757542,4.24640879841571E-06,4.24640879841571E-06,-1.54216066417756,-1.54216066417756,1,4.26136181848942E-05,4.26136181848942E-05,2677.99037612171,2677.99037612171,-238154.90720722,-238154.90720722,9.64537695446078E-02,9.64537695446078E-02,100000000000,-2249.029607813,-2249.029607813)
PVTTABLE POINT = (35200000,23.76,373.139851261013,373.139851261013,4.28057111889719E-06,4.28057111889719E-06,-1.53544546938814,-1.53544546938814,1,4.23165949968536E-05,4.23165949968536E-05,2678.41770104455,2678.41770104455,-234512.536990232,-234512.536990232,9.59219498979752E-02,9.59219498979752E-02,100000000000,-2236.73383630995,-2236.73383630995)
PVTTABLE POINT = (35200000,25.12,371.056332110944,371.056332110944,4.31411890740595E-06,4.31411890740595E-06,-1.52851845030202,-1.52851845030202,1,4.20249616830614E-05,4.20249616830614E-05,2678.73352514201,2678.73352514201,-230869.661609646,-230869.661609646,9.54000763957548E-02,9.54000763957548E-02,100000000000,-2224.49255952897,-2224.49255952897)
PVTTABLE POINT = (35200000,26.48,368.982374496373,368.982374496373,4.34703708093474E-06,4.34703708093474E-06,-1.52138536368583,-1.52138536368583,1,4.17385970592539E-05,4.17385970592539E-05,2678.93948939028,2678.93948939028,-227226.431607124,-227226.431607124,9.48880758129981E-02,9.48880758129981E-02,100000000000,-2212.30578522011,-2212.30578522011)
PVTTABLE POINT = (35200000,27.84,366.918254644921,366.918254644921,4.37931145135812E-06,4.37931145135812E-06,-1.51405215825232,-1.51405215825232,1,4.14573837576843E-05,4.14573837576843E-05,2679.03737673392,2679.03737673392,-223582.995195427,-223582.995195427,9.43858724427775E-02,9.43858724427775E-02,100000000000,-2200.17351327336,-2200.17351327336)
PVTTABLE POINT = (35200000,29.2,364.864240571991,364.864240571991,4.41092874603921E-06,4.41092874603921E-06,-1.50652495952515,-1.50652495952515,1,4.11812081244932E-05,4.11812081244932E-05,2679.02910630534,2679.02910630534,-219939.49806923,-219939.49806923,9.38933881965619E-02,9.38933881965619E-02,100000000000,-2188.09573523317,-2188.09573523317)
PVTTABLE POINT = (35200000,30.56,362.820591850805,362.820591850805,4.44187662507937E-06,4.44187662507937E-06,-1.49881005434396,-1.49881005434396,1,4.09099601158865E-05,4.09099601158865E-05,2678.91672727383,2678.91672727383,-216296.083224043,-216296.083224043,9.34105427071287E-02,9.34105427071287E-02,100000000000,-2176.07243385079,-2176.07243385079)
PVTTABLE POINT = (35200000,31.92,360.787559403713,360.787559403713,4.4721436951861E-06,4.4721436951861E-06,-1.49091387508999,-1.49091387508999,1,4.06435331934115E-05,4.06435331934115E-05,2678.70241236014,2678.70241236014,-212652.890783743,-212652.890783743,9.29372534336673E-02,9.29372534336673E-02,100000000000,-2164.10358267471,-2164.10358267471)
PVTTABLE POINT = (35200000,33.28,358.765385315104,358.765385315104,4.50171952015794E-06,4.50171952015794E-06,-1.48284298371311,-1.48284298371311,1,4.03818242186223E-05,4.03818242186223E-05,2678.38845105355,2678.38845105355,-209010.057837114,-209010.057837114,9.24734357687389E-02,9.24734357687389E-02,100000000000,-2152.18914567987,-2152.18914567987)
PVTTABLE POINT = (35200000,34.64,356.75430266612,356.75430266612,4.53059462800632E-06,4.53059462800632E-06,-1.47460405564023,-1.47460405564023,1,4.01247333474225E-05,4.01247333474225E-05,2677.97724256986,2677.97724256986,-205367.718283813,-205367.718283813,9.20190031467616E-02,9.20190031467616E-02,100000000000,-2140.32907693554,-2140.32907693554)
PVTTABLE POINT = (35200000,36,354.754535391302,354.754535391302,4.55876051475574E-06,4.55876051475574E-06,-1.46620386364374,-1.46620386364374,1,3.98721639243667E-05,3.98721639243667E-05,2677.47128858915,2677.47128858915,-201726.002690052,-201726.002690052,9.15738671537041E-02,9.15738671537041E-02,100000000000,-2128.52332031226,-2128.52332031226)
PVTTABLE POINT = (35200000,37.36,352.76629815715,352.76629815715,4.58620964498411E-06,4.58620964498411E-06,-1.45764926174699,-1.45764926174699,1,3.96240223771962E-05,3.96240223771962E-05,2676.87318581277,2676.87318581277,-198085.038154293,-198085.038154293,9.11379376376717E-02,9.11379376376717E-02,100000000000,-2116.77180922737,-2116.77180922737)
PVTTABLE POINT = (35200000,38.72,350.789796262507,350.789796262507,4.61293544918387E-06,4.61293544918387E-06,-1.44894716924116,-1.44894716924116,1,3.93802181118766E-05,3.93802181118766E-05,2676.18561837899,2676.18561837899,-194444.948183158,-194444.948183158,9.07111228200813E-02,9.07111228200813E-02,100000000000,-2105.07446642894,-2105.07446642894)
PVTTABLE POINT = (35200000,40.08,348.825225560565,348.825225560565,4.63893231804224E-06,4.63893231804224E-06,-1.4401045548849,-1.4401045548849,1,3.91406634083927E-05,3.91406634083927E-05,2675.41135017632,2675.41135017632,-190805.852577739,-190805.852577739,9.02933294071288E-02,9.02933294071288E-02,100000000000,-2093.43120381777,-2093.43120381777)
PVTTABLE POINT = (35200000,41.44,346.872772402194,346.872772402194,4.66419559375568E-06,4.66419559375568E-06,-1.43112842135468,-1.43112842135468,1,3.89052733175457E-05,3.89052733175457E-05,2674.55321709317,2674.55321709317,-187167.867330395,-187167.867330395,8.98844627012564E-02,8.98844627012564E-02,100000000000,-2081.84192230654,-2081.84192230654)
PVTTABLE POINT = (35200000,42.8,344.932613600213,344.932613600213,4.68872155850797E-06,4.68872155850797E-06,-1.42202579000992,-1.42202579000992,1,3.86739655589866E-05,3.86739655589866E-05,2673.61411924141,2673.61411924141,-183531.104532126,-183531.104532126,8.94844267123416E-02,8.94844267123416E-02,100000000000,-2070.30651171564,-2070.30651171564)
PVTTABLE POINT = (35200000,44.16,343.004916414132,343.004916414132,4.71250742025485E-06,4.71250742025485E-06,-1.41280368603258,-1.41280368603258,1,3.8446660420702E-05,3.8446660420702E-05,2672.59701319035,2672.59701319035,-179895.672290512,-179895.672290512,8.90931242683311E-02,8.90931242683311E-02,100000000000,-2058.8248507045,-2058.8248507045)
PVTTABLE POINT = (35200000,45.52,341.089838554819,341.089838554819,4.73555129596944E-06,4.73555129596944E-06,-1.40346912399638,-1.40346912399638,1,3.82232806601585E-05,3.82232806601585E-05,2671.50490424627,2671.50490424627,-176261.674658181,-176261.674658181,8.87104571250588E-02,8.87104571250588E-02,100000000000,-2047.39680673765,-2047.39680673765)
PVTTABLE POINT = (35200000,46.88,339.187528208467,339.187528208467,4.75785219251224E-06,4.75785219251224E-06,-1.39402909391604,-1.39402909391604,1,3.80037514072919E-05,3.80037514072919E-05,2670.34083881079,2670.34083881079,-172629.211571745,-172629.211571745,8.83363260749849E-02,8.83363260749849E-02,100000000000,-2036.02223608414,-2036.02223608414)
PVTTABLE POINT = (35200000,48.24,337.298124079191,337.298124079191,4.77940998529798E-06,4.77940998529798E-06,-1.38449054782183,-1.38449054782183,1,3.77880000695148E-05,3.77880000695148E-05,2669.10789684987,2669.10789684987,-168998.378801036,-168998.378801036,8.79706310546174E-02,8.79706310546174E-02,100000000000,-2024.70098384914,-2024.70098384914)
PVTTABLE POINT = (35200000,49.6,335.421755449493,335.421755449493,4.80022539493717E-06,4.80022539493717E-06,-1.37486038689961,-1.37486038689961,1,3.75759562388994E-05,3.75759562388994E-05,2667.809184503,2667.809184503,-165369.267908507,-165369.267908507,8.76132712503739E-02,8.76132712503739E-02,100000000000,-2013.43288403647,-2013.43288403647)
PVTTABLE POINT = (35200000,50.96,333.558542257819,333.558542257819,4.82029996203531E-06,4.82029996203531E-06,-1.36514544923143,-1.36514544923143,1,3.7367551601672E-05,3.7367551601672E-05,2666.44782685999,2666.44782685999,-161741.966218569,-161741.966218569,8.72641452026559E-02,8.72641452026559E-02,100000000000,-2002.21775964047,-2002.21775964047)
PVTTABLE POINT = (35200000,52.32,331.70859519236,331.70859519236,4.83963602033509E-06,4.83963602033509E-06,-1.35535249816631,-1.35535249816631,1,3.71627198501455E-05,3.71627198501455E-05,2665.02696093077,2665.02696093077,-158116.556796615,-158116.556796615,8.69231509079274E-02,8.69231509079274E-02,100000000000,-1991.05542276587,-1991.05542276587)
PVTTABLE POINT = (35200000,53.68,329.87201580023,329.87201580023,4.85823666838859E-06,4.85823666838859E-06,-1.34548821134603,-1.34548821134603,1,3.69613965971934E-05,3.69613965971934E-05,2663.54972883097,2663.54972883097,-154493.118437478,-154493.118437478,8.65901859185891E-02,8.65901859185891E-02,100000000000,-1979.94567477392,-1979.94567477392)
PVTTABLE POINT = (35200000,55.04,328.048896611103,328.048896611103,4.87610573994588E-06,4.87610573994588E-06,-1.33555917040519,-1.33555917040519,1,3.67635192933558E-05,3.67635192933558E-05,2662.01927120396,2662.01927120396,-150871.725662981,-150871.725662981,8.62651474404589E-02,8.62651474404589E-02,100000000000,-1968.88830645348,-1968.88830645348)
PVTTABLE POINT = (35200000,56.4,326.239321274403,326.239321274403,4.89324777324499E-06,4.89324777324499E-06,-1.32557185136028,-1.32557185136028,1,3.65690271466515E-05,3.65690271466515E-05,2660.43872089742,2660.43872089742,-147252.448728275,-147252.448728275,8.59479324276846E-02,8.59479324276846E-02,100000000000,-1957.88309821505,-1957.88309821505)
PVTTABLE POINT = (35200000,57.76,324.44336470908,324.44336470908,4.90966797938505E-06,4.90966797938505E-06,-1.31553261569756,-1.31553261569756,1,3.63778610451531E-05,3.63778610451531E-05,2658.81119691015,2658.81119691015,-143635.353636579,-143635.353636579,8.56384376749245E-02,8.56384376749245E-02,100000000000,-1946.92982030645,-1946.92982030645)
PVTTABLE POINT = (35200000,59.12,322.661093265037,322.661093265037,4.92537220996031E-06,4.92537220996031E-06,-1.30544770216476,-1.30544770216476,1,3.6189963482369E-05,3.6189963482369E-05,2657.13979862262,2657.13979862262,-140020.502161982,-140020.502161982,8.53365599066489E-02,8.53365599066489E-02,100000000000,-1936.02823304827,-1936.02823304827)
PVTTABLE POINT = (35200000,60.48,320.892564895232,320.892564895232,4.94036692412746E-06,4.94036692412746E-06,-1.29532321926776,-1.29532321926776,1,3.60052784854597E-05,3.60052784854597E-05,2655.42760032206,2655.42760032206,-136407.951879874,-136407.951879874,8.50421958634291E-02,8.50421958634291E-02,100000000000,-1925.17808708746,-1925.17808708746)
PVTTABLE POINT = (35200000,61.84,319.137829337513,319.137829337513,4.95465915527224E-06,4.95465915527224E-06,-1.28516513846879,-1.28516513846879,1,3.58237515463042E-05,3.58237515463042E-05,2653.67764603103,2653.67764603103,-132797.756204624,-132797.756204624,8.47552423851007E-02,8.47552423851007E-02,100000000000,-1914.37912366745,-1914.37912366745)
PVTTABLE POINT = (35200000,63.2,317.396928305232,317.396928305232,4.96825647743446E-06,4.96825647743446E-06,-1.27497928807931,-1.27497928807931,1,3.56453295554173E-05,3.56453295554173E-05,2651.89294464581,2651.89294464581,-129189.964434085,-129189.964434085,8.44755964906972E-02,8.44755964906972E-02,100000000000,-1903.63107491311,-1903.63107491311)
PVTTABLE POINT = (35200000,64.56,315.669895685686,315.669895685686,4.98116697164275E-06,4.98116697164275E-06,-1.2647713478371,-1.2647713478371,1,3.54699607387079E-05,3.54699607387079E-05,2650.07646538914,2650.07646538914,-125584.621800491,-125584.621800491,8.42031554550727E-02,8.42031554550727E-02,100000000000,-1892.93366412898,-1892.93366412898)
PVTTABLE POINT = (35200000,65.92,313.956757745495,313.956757745495,4.99339919230178E-06,4.99339919230178E-06,-1.25454684415374,-1.25454684415374,1,3.52975945970565E-05,3.52975945970565E-05,2648.23113357967,2648.23113357967,-121981.769527328,-121981.769527328,8.39378168821451E-02,8.39378168821451E-02,100000000000,-1882.28660610909,-1882.28660610909)
PVTTABLE POINT = (35200000,67.28,312.257533341975,312.257533341975,5.00496213376584E-06,5.00496213376584E-06,-1.24431114601603,-1.24431114601603,1,3.51281818486796E-05,3.51281818486796E-05,2646.35982671864,2646.35982671864,-118381.444891734,-118381.444891734,8.36794787747099E-02,8.36794787747099E-02,100000000000,-1871.68960745691,-1871.68960745691)
PVTTABLE POINT = (35200000,68.64,310.57223413967,310.57223413967,5.01586519722384E-06,5.01586519722384E-06,-1.23406946152231,-1.23406946152231,1,3.496167437424E-05,3.496167437424E-05,2644.46537089251,2644.46537089251,-114783.681292023,-114783.681292023,8.34280396007881E-02,8.34280396007881E-02,100000000000,-1861.14236691393,-1861.14236691393)
PVTTABLE POINT = (35800000,2,409.702236109071,409.702236109071,3.58884504338664E-06,3.58884504338664E-06,-1.59638422074265,-1.59638422074265,1,4.82601159882977E-05,4.82601159882977E-05,2647.14863554151,2647.14863554151,-292741.687351376,-292741.687351376,0.106382439477951,0.106382439477951,100000000000,-2445.7519400133,-2445.7519400133)
PVTTABLE POINT = (35800000,3.36,407.533091170648,407.533091170648,3.62871451315573E-06,3.62871451315573E-06,-1.59349196065976,-1.59349196065976,1,4.78626562271491E-05,4.78626562271491E-05,2649.34486941119,2649.34486941119,-289140.059258189,-289140.059258189,0.105695373595608,0.105695373595608,100000000000,-2432.69449824699,-2432.69449824699)
PVTTABLE POINT = (35800000,4.72,405.368054241894,405.368054241894,3.66829976318903E-06,3.66829976318903E-06,-1.59034324210632,-1.59034324210632,1,4.74729743496398E-05,4.74729743496398E-05,2651.43026484797,2651.43026484797,-285535.519555649,-285535.519555649,0.10501891068434,0.10501891068434,100000000000,-2419.69061724902,-2419.69061724902)
PVTTABLE POINT = (35800000,6.08,403.207473171527,403.207473171527,3.7075781626653E-06,3.7075781626653E-06,-1.58693949095465,-1.58693949095465,1,4.70908804302245E-05,4.70908804302245E-05,2653.40400402068,2653.40400402068,-281928.219557663,-281928.219557663,0.10435302355368,0.10435302355368,100000000000,-2406.74031722472,-2406.74031722472)
PVTTABLE POINT = (35800000,7.44,401.051693660614,401.051693660614,3.74652731831197E-06,3.74652731831197E-06,-1.58328243940198,-1.58328243940198,1,4.67161894960201E-05,4.67161894960201E-05,2655.26542480314,2655.26542480314,-278318.311584768,-278318.311584768,0.103697681685917,0.103697681685917,100000000000,-2393.84362168152,-2393.84362168152)
PVTTABLE POINT = (35800000,8.8,398.901058847177,398.901058847177,3.78512512344141E-06,3.78512512344141E-06,-1.57937412402613,-1.57937412402613,1,4.6348721475208E-05,4.6348721475208E-05,2657.01402281377,2657.01402281377,-274705.948750929,-274705.948750929,0.103052851253861,0.103052851253861,100000000000,-2381.00055660703,-2381.00055660703)
PVTTABLE POINT = (35800000,10.16,396.755908894131,396.755908894131,3.82334980642332E-06,3.82334980642332E-06,-1.57521688283128,-1.57521688283128,1,4.59883011412748E-05,4.59883011412748E-05,2658.64945295629,2658.64945295629,-271091.284747905,-271091.284747905,0.102418495146276,0.102418495146276,100000000000,-2368.21114965842,-2368.21114965842)
PVTTABLE POINT = (35800000,11.52,394.616580581922,394.616580581922,3.8611799783584E-06,3.8611799783584E-06,-1.57081335129006,-1.57081335129006,1,4.56347580531777E-05,4.56347580531777E-05,2660.17153045013,2660.17153045013,-267474.473627854,-267474.473627854,0.101794573000697,0.101794573000697,100000000000,-2355.47542936487,-2355.47542936487)
PVTTABLE POINT = (35800000,12.88,392.483406907222,392.483406907222,3.89859467972131E-06,3.89859467972131E-06,-1.56616645739467,-1.56616645739467,1,4.52879264915359E-05,4.52879264915359E-05,2661.58023134204,2661.58023134204,-263855.669584904,-263855.669584904,0.101181041243351,0.101181041243351,100000000000,-2342.79342434547,-2342.79342434547)
PVTTABLE POINT = (35800000,14.24,390.356716689023,390.356716689023,3.93557342574645E-06,3.93557342574645E-06,-1.56127941573621,-1.56127941573621,1,4.49476453909708E-05,4.49476453909708E-05,2662.87569249367,2662.87569249367,-260235.026736375,-260235.026736375,0.100577853135818,0.100577853135818,100000000000,-2330.16516254446,-2330.16516254446)
PVTTABLE POINT = (35800000,15.6,388.236834183423,388.236834183423,3.97209625033675E-06,3.97209625033675E-06,-1.55615572063787,-1.55615572063787,1,4.46137582687335E-05,4.46137582687335E-05,2664.05821104347,2664.05821104347,-256612.698904374,-256612.698904374,9.99849588281289E-02,9.99849588281289E-02,100000000000,-2317.5906704858,-2317.5906704858)
PVTTABLE POINT = (35800000,16.96,386.124078708383,386.124078708383,4.00814374828453E-06,4.00814374828453E-06,-1.55079913837346,-1.55079913837346,1,4.42861131497778E-05,4.42861131497778E-05,2665.12824334439,2665.12824334439,-252988.839398486,-252988.839398486,9.94023054179181E-02,9.94023054179181E-02,100000000000,-2305.06997254902,-2305.06997254902)
PVTTABLE POINT = (35800000,18.32,384.018764279663,384.018764279663,4.04369711560442E-06,4.04369711560442E-06,-1.54521369850892,-1.54521369850892,1,4.39645624884532E-05,4.39645624884532E-05,2666.0864033823,2666.0864033823,-249363.600800255,-249363.600800255,9.88298370152837E-02,9.88298370152837E-02,100000000000,-2292.6030902682,-2292.6030902682)
PVTTABLE POINT = (35800000,19.68,381.921199259106,381.921199259106,4.07873818779038E-06,4.07873818779038E-06,-1.53940368440989,-1.53940368440989,1,4.36489630870062E-05,4.36489630870062E-05,2666.93346068347,2666.93346068347,-245737.134750173,-245737.134750173,0.098267494812974,0.098267494812974,100000000000,-2280.19004165581,-2280.19004165581)
PVTTABLE POINT = (35800000,21.04,379.83168601638,379.83168601638,4.11324947582297E-06,4.11324947582297E-06,-1.53337362296358,-1.53337362296358,1,4.33391760110967E-05,4.33391760110967E-05,2667.67033772257,2667.67033772257,-242109.591737847,-242109.591737847,9.77152171615337E-02,9.77152171615337E-02,100000000000,-2267.83084055308,-2267.83084055308)
PVTTABLE POINT = (35800000,22.4,377.750520605187,377.750520605187,4.14721419976822E-06,4.14721419976822E-06,-1.527128273568,-1.527128273568,1,4.30350665025446E-05,4.30350665025446E-05,2668.29810684592,2668.29810684592,-238481.120896034,-238481.120896034,9.71729396490297E-02,9.71729396490297E-02,100000000000,-2255.52549600843,-2255.52549600843)
PVTTABLE POINT = (35800000,23.76,375.67799245493,375.67799245493,4.1806163198261E-06,4.1806163198261E-06,-1.52067261644592,-1.52067261644592,1,4.27365038895397E-05,4.27365038895397E-05,2668.81798672753,2668.81798672753,-234851.869799167,-234851.869799167,9.66405951849853E-02,9.66405951849853E-02,100000000000,-2243.27401168535,-2243.27401168535)
PVTTABLE POINT = (35800000,25.12,373.614384078682,373.614384078682,4.21344056470391E-06,4.21344056470391E-06,-1.51401184034455,-1.51401184034455,1,4.24433614945518E-05,4.24433614945518E-05,2669.23133837863,2669.23133837863,-231221.984267018,-231221.984267018,9.61181140881516E-02,9.61181140881516E-02,100000000000,-2231.07638530109,-2231.07638530109)
PVTTABLE POINT = (35800000,26.48,371.559970798281,371.559970798281,4.24567245720878E-06,4.24567245720878E-06,-1.50715132968531,-1.50715132968531,1,4.21555165401914E-05,4.21555165401914E-05,2669.5396607336,2669.5396607336,-227591.60817407,-227591.60817407,9.56054241777481E-02,9.56054241777481E-02,100000000000,-2218.93260809717,-2218.93260809717)
PVTTABLE POINT = (35800000,27.84,369.515020487221,369.515020487221,4.27729833697191E-06,4.27729833697191E-06,-1.50009665123062,-1.50009665123062,1,4.18728500532764E-05,4.18728500532764E-05,2669.74458583803,2669.74458583803,-223960.883265177,-223960.883265177,9.51024508678149E-02,9.51024508678149E-02,100000000000,-2206.84266434283,-2206.84266434283)
PVTTABLE POINT = (35800000,29.2,367.479793331975,367.479793331975,4.30830538023742E-06,4.30830538023742E-06,-1.49285354033663,-1.49285354033663,1,4.15952467673656E-05,4.15952467673656E-05,2669.8478736664,2669.8478736664,-220329.948978007,-220329.948978007,9.46091172643188E-02,9.46091172643188E-02,100000000000,-2194.80653087222,-2194.80653087222)
PVTTABLE POINT = (35800000,30.56,365.45454161226,365.45454161226,4.33868161666762E-06,4.33868161666762E-06,-1.48542788686239,-1.48542788686239,1,4.13225950240239E-05,4.13225950240239E-05,2669.85140659918,2669.85140659918,-216698.942272785,-216698.942272785,9.41253442646731E-02,9.41253442646731E-02,100000000000,-2182.82417665597,-2182.82417665597)
PVTTABLE POINT = (35800000,31.92,363.439509500644,363.439509500644,4.36841594313686E-06,4.36841594313686E-06,-1.47782572080668,-1.47782572080668,1,4.10547866730837E-05,4.10547866730837E-05,2669.75718359034,2669.75718359034,-213067.997469753,-213067.997469753,9.36510506593272E-02,9.36510506593272E-02,100000000000,-2170.8955624077,-2170.8955624077)
PVTTABLE POINT = (35800000,33.28,361.434932881851,361.434932881851,4.39749813450532E-06,4.39749813450532E-06,-1.47005319774391,-1.47005319774391,1,4.07917169721706E-05,4.07917169721706E-05,2669.56731405787,2669.56731405787,-209437.24609475,-209437.24609475,9.31861532351025E-02,9.31861532351025E-02,100000000000,-2159.02064022595,-2159.02064022595)
PVTTABLE POINT = (35800000,34.64,359.44103919195,359.44103919195,4.42591885138328E-06,4.42591885138328E-06,-1.46211658413024,-1.46211658413024,1,4.05332844857545E-05,4.05332844857545E-05,2669.28401153094,2669.28401153094,-205806.816733281,-205806.816733281,9.27305668799482E-02,9.27305668799482E-02,100000000000,-2147.1993532715,-2147.1993532715)
PVTTABLE POINT = (35800000,36,357.458047277591,357.458047277591,4.453669644915E-06,4.453669644915E-06,-1.45402224255022,-1.45402224255022,1,4.02793909839897E-05,4.02793909839897E-05,2668.90958708774,2668.90958708774,-202176.834893361,-202176.834893361,9.22842046888127E-02,9.22842046888127E-02,100000000000,-2135.43163548043,-2135.43163548043)
PVTTABLE POINT = (35800000,37.36,355.4861672753,355.4861672753,4.48074295862914E-06,4.48074295862914E-06,-1.44577661697237,-1.44577661697237,1,4.00299413415958E-05,4.00299413415958E-05,2668.44644261893,2668.44644261893,-198547.422877416,-198547.422877416,9.18469780703207E-02,9.18469780703207E-02,100000000000,-2123.71741131257,-2123.71741131257)
PVTTABLE POINT = (35800000,38.72,353.525600510783,353.525600510783,4.50713212741961E-06,4.50713212741961E-06,-1.43738621808079,-1.43738621808079,1,3.9784843437031E-05,3.9784843437031E-05,2667.89706395143,2667.89706395143,-194918.699663437,-194918.699663437,9.14187968539672E-02,9.14187968539672E-02,100000000000,-2112.05659553524,-2112.05659553524)
PVTTABLE POINT = (35800000,40.08,351.576539418093,351.576539418093,4.53283137373625E-06,4.53283137373625E-06,-1.42885760874674,-1.42885760874674,1,3.95440080521956E-05,3.95440080521956E-05,2667.26401386712,2667.26401386712,-191290.780795567,-191290.780795567,9.09995693975422E-02,9.09995693975422E-02,100000000000,-2100.4490930419,-2100.4490930419)
PVTTABLE POINT = (35800000,41.44,349.63916747842,349.63916747842,4.55783580108006E-06,4.55783580108006E-06,-1.42019738970186,-1.42019738970186,1,3.93073487728983E-05,3.93073487728983E-05,2666.549925051,2666.549925051,-187663.778284226,-187663.778284226,0.09058920269451,0.09058920269451,100000000000,-2088.89479870505,-2088.89479870505)
PVTTABLE POINT = (35800000,42.8,347.713659178205,347.713659178205,4.58214138491012E-06,4.58214138491012E-06,-1.41141218547095,-1.41141218547095,1,3.90747818903054E-05,3.90747818903054E-05,2665.7574930021,2665.7574930021,-184037.800515868,-184037.800515868,9.01876024810766E-02,9.01876024810766E-02,100000000000,-2077.39359726294,-2077.39359726294)
PVTTABLE POINT = (35800000,44.16,345.800179986169,345.800179986169,4.60574496108258E-06,4.60574496108258E-06,-1.40250863061896,-1.40250863061896,1,3.88462263035802E-05,3.88462263035802E-05,2664.88946894001,2664.88946894001,-180412.952172375,-180412.952172375,8.97946733426871E-02,8.97946733426871E-02,100000000000,-2065.94536323903,-2065.94536323903)
PVTTABLE POINT = (35800000,45.52,343.898886348804,343.898886348804,4.62864421195147E-06,4.62864421195147E-06,-1.39349335636283,-1.39349335636283,1,3.86216034239112E-05,3.86216034239112E-05,2663.94865273847,2663.94865273847,-176789.334160084,-176789.334160084,8.94103188197063E-02,8.94103188197063E-02,100000000000,-2054.54996089362,-2054.54996089362)
PVTTABLE POINT = (35800000,46.88,342.009925703804,342.009925703804,4.6508376502712E-06,4.6508376502712E-06,-1.38437297759462,-1.38437297759462,1,3.84008370801104E-05,3.84008370801104E-05,2662.93788591627,2662.93788591627,-173167.043548399,-173167.043548399,8.90344415120405E-02,8.90344415120405E-02,100000000000,-2043.20724420633,-2043.20724420633)
PVTTABLE POINT = (35800000,48.24,340.133436510834,340.133436510834,4.67232460104777E-06,4.67232460104777E-06,-1.37515408035829,-1.37515408035829,1,3.81838534259511E-05,3.81838534259511E-05,2661.86004471412,2661.86004471412,-169546.173517865,-169546.173517865,8.86669431824745E-02,8.86669431824745E-02,100000000000,-2031.9170568887,-2031.9170568887)
PVTTABLE POINT = (35800000,49.6,338.269548299002,338.269548299002,4.69310518149199E-06,4.69310518149199E-06,-1.36584320981787,-1.36584320981787,1,3.79705808494007E-05,3.79705808494007E-05,2660.7180332845,2660.7180332845,-165926.8133176,-165926.8133176,8.83077248585038E-02,8.83077248585038E-02,100000000000,-2020.67923242532,-2020.67923242532)
PVTTABLE POINT = (35800000,50.96,336.418381730343,336.418381730343,4.71318027923289E-06,4.71318027923289E-06,-1.3564468587502,-1.3564468587502,1,3.77609498838874E-05,3.77609498838874E-05,2659.51477701974,2659.51477701974,-162309.04823188,-162309.04823188,8.79566869324504E-02,8.79566869324504E-02,100000000000,-2009.4935941426,-2009.4935941426)
PVTTABLE POINT = (35800000,52.32,334.580048678581,334.580048678581,4.73255152895255E-06,4.73255152895255E-06,-1.34697145659126,-1.34697145659126,1,3.75548931217273E-05,3.75548931217273E-05,2658.25321604164,2658.25321604164,-158692.959555703,-158692.959555703,8.76137292596703E-02,8.76137292596703E-02,100000000000,-1998.35995530364,-1998.35995530364)
PVTTABLE POINT = (35800000,53.68,332.754652322388,332.754652322388,4.75122128760558E-06,4.75122128760558E-06,-1.33742335906001,-1.33742335906001,1,3.73523451298222E-05,3.73523451298222E-05,2656.9362988739,2656.9362988739,-155078.624579086,-155078.624579086,8.72787512546627E-02,8.72787512546627E-02,100000000000,-1987.27811922791,-1987.27811922791)
PVTTABLE POINT = (35800000,55.04,330.942287252364,330.942287252364,4.76919260838707E-06,4.76919260838707E-06,-1.32780883837971,-1.32780883837971,1,3.71532423677229E-05,3.71532423677229E-05,2655.56697631676,2655.56697631676,-151466.11657982,-151466.11657982,8.69516519849075E-02,8.69516519849075E-02,100000000000,-1976.24787943433,-1976.24787943433)
PVTTABLE POINT = (35800000,56.4,329.143039590891,329.143039590891,4.78646921361216E-06,4.78646921361216E-06,-1.3181340741119,-1.3181340741119,1,3.69575231081399E-05,3.69575231081399E-05,2654.14819554098,2654.14819554098,-147855.504824423,-147855.504824423,8.66323302622706E-02,8.66323302622706E-02,100000000000,-1965.26901980622,-1965.26901980622)
PVTTABLE POINT = (35800000,57.76,327.356987124034,327.356987124034,4.80305546666823E-06,4.80305546666823E-06,-1.30840514461434,-1.30840514461434,1,3.67651273599683E-05,3.67651273599683E-05,2652.68289441631,2652.68289441631,-144246.854576951,-144246.854576951,8.63206847318274E-02,8.63206847318274E-02,100000000000,-1954.34131477677,-1954.34131477677)
PVTTABLE POINT = (35800000,59.12,325.584199444627,325.584199444627,4.81895634319821E-06,4.81895634319821E-06,-1.29862801912974,-1.29862801912974,1,3.65759967938795E-05,3.65759967938795E-05,2651.17399608745,2651.17399608745,-140640.227115375,-140640.227115375,8.60166139579705E-02,8.60166139579705E-02,100000000000,-1943.46452953338,-1943.46452953338)
PVTTABLE POINT = (35800000,60.48,323.824738105696,323.824738105696,4.83417740166918E-06,4.83417740166918E-06,-1.28880855050852,-1.28880855050852,1,3.63900746705186E-05,3.63900746705186E-05,2649.62440380855,2649.62440380855,-137035.679755142,-137035.679755142,8.57200165076791E-02,8.57200165076791E-02,100000000000,-1932.63842023958,-1932.63842023958)
PVTTABLE POINT = (35800000,61.84,322.078656783332,322.078656783332,4.8487247534759E-06,4.8487247534759E-06,-1.27895246856494,-1.27895246856494,1,3.62073057713356E-05,3.62073057713356E-05,2648.03699604513,2648.03699604513,-133433.26587959,-133433.26587959,8.54307910308441E-02,8.54307910308441E-02,100000000000,-1921.86273427275,-1921.86273427275)
PVTTABLE POINT = (35800000,63.2,320.346001448193,320.346001448193,4.86260503272289E-06,4.86260503272289E-06,-1.26906537406263,-1.26906537406263,1,3.60276363320634E-05,3.60276363320634E-05,2646.41462185045,2646.41462185045,-129833.034976838,-129833.034976838,8.51488363375549E-02,8.51488363375549E-02,100000000000,-1911.13721047646,-1911.13721047646)
PVTTABLE POINT = (35800000,64.56,318.626810544739,318.626810544739,4.87582536582302E-06,4.87582536582302E-06,-1.25915273332226,-1.25915273332226,1,3.58510139788458E-05,3.58510139788458E-05,2644.76009652143,2644.76009652143,-126235.032682766,-126235.032682766,8.48740514722709E-02,8.48740514722709E-02,100000000000,-1900.46157942574,-1900.46157942574)
PVTTABLE POINT = (35800000,65.92,316.921115177399,316.921115177399,4.88839334104304E-06,4.88839334104304E-06,-1.24921987344101,-1.24921987344101,1,3.56773876670077E-05,3.56773876670077E-05,2643.07619753745,2643.07619753745,-122639.300829727,-122639.300829727,8.46063357848132E-02,8.46063357848132E-02,100000000000,-1889.83556370391,-1889.83556370391)
PVTTABLE POINT = (35800000,67.28,315.228939302827,315.228939302827,4.90031697811958E-06,4.90031697811958E-06,-1.23927197811119,-1.23927197811119,1,3.55067076224495E-05,3.55067076224495E-05,2641.36566078363,2641.36566078363,-119045.877500572,-119045.877500572,8.43455889981284E-02,8.43455889981284E-02,100000000000,-1879.2588781896,-1879.2588781896)
PVTTABLE POINT = (35800000,68.64,313.550299927439,313.550299927439,4.91160469806134E-06,4.91160469806134E-06,-1.22931408402237,-1.22931408402237,1,3.53389252856374E-05,3.53389252856374E-05,2639.6311770585,2639.6311770585,-115454.797087626,-115454.797087626,8.40917112727885E-02,8.40917112727885E-02,100000000000,-1868.7312303525,-1868.7312303525)
PVTTABLE POINT = (36400000,2,411.831229669864,411.831229669864,3.50837269349867E-06,3.50837269349867E-06,-1.57898980246254,-1.57898980246254,1,4.87061719368439E-05,4.87061719368439E-05,2637.08805473877,2637.08805473877,-292834.411212817,-292834.411212817,0.10709100583033,0.10709100583033,100000000000,-2451.39757280899,-2451.39757280899)
PVTTABLE POINT = (36400000,3.36,409.685663051468,409.685663051468,3.54710655142966E-06,3.54710655142966E-06,-1.57621400669159,-1.57621400669159,1,4.83064995693154E-05,4.83064995693154E-05,2639.29107649794,2639.29107649794,-289246.461503034,-289246.461503034,0.10640467230309,0.10640467230309,100000000000,-2438.38972106156,-2438.38972106156)
PVTTABLE POINT = (36400000,4.72,407.544039426764,407.544039426764,3.58557430621837E-06,3.58557430621837E-06,-1.57319148127861,-1.57319148127861,1,4.79146541800322E-05,4.79146541800322E-05,2641.38865441026,2641.38865441026,-285655.587288108,-285655.587288108,0.105728856970023,0.105728856970023,100000000000,-2425.43514026129,-2425.43514026129)
PVTTABLE POINT = (36400000,6.08,405.406693471434,405.406693471434,3.62375466043232E-06,3.62375466043232E-06,-1.56992356308701,-1.56992356308701,1,4.75304451274859E-05,4.75304451274859E-05,2643.38000106403,2643.38000106403,-282061.932523398,-282061.932523398,0.105063532289954,0.105063532289954,100000000000,-2412.53382702616,-2412.53382702616)
PVTTABLE POINT = (36400000,7.44,403.273957848674,403.273957848674,3.66162653019611E-06,3.66162653019611E-06,-1.5664118745667,-1.5664118745667,1,4.71536866453406E-05,4.71536866453406E-05,2645.26447385289,2645.26447385289,-278465.642136916,-278465.642136916,0.10440866749732,0.10440866749732,100000000000,-2399.68578149866,-2399.68578149866)
PVTTABLE POINT = (36400000,8.8,401.1461628219,401.1461628219,3.69916908987713E-06,3.69916908987713E-06,-1.56265832199166,-1.56265832199166,1,4.67841977935816E-05,4.67841977935816E-05,2647.04157684686,2647.04157684686,-274866.861831064,-274866.861831064,0.103764228619218,0.103764228619218,100000000000,-2386.89100657268,-2386.89100657268)
PVTTABLE POINT = (36400000,10.16,399.023635870459,399.023635870459,3.73636181628695E-06,3.73636181628695E-06,-1.55866509278513,-1.55866509278513,1,4.6421802405767E-05,4.6421802405767E-05,2648.71096221442,2648.71096221442,-271265.737882137,-271265.737882137,0.10313017849989,0.10313017849989,100000000000,-2374.1495071312,-2374.1495071312)
PVTTABLE POINT = (36400000,11.52,396.906701309597,396.906701309597,3.77318453219123E-06,3.77318453219123E-06,-1.55443465193815,-1.55443465193815,1,4.60663290324557E-05,4.60663290324557E-05,2650.27243118498,2650.27243118498,-267662.416938201,-267662.416938201,0.102506476832352,0.102506476832352,100000000000,-2361.46128929646,-2361.46128929646)
PVTTABLE POINT = (36400000,12.88,394.795679915914,394.795679915914,3.80961744892337E-06,3.80961744892337E-06,-1.54996973753233,-1.54996973753233,1,4.57176108808996E-05,4.57176108808996E-05,2651.72593454447,2651.72593454447,-264057.045815985,-264057.045815985,0.101893080196908,0.101893080196908,100000000000,-2348.82635969448,-2348.82635969448)
PVTTABLE POINT = (36400000,14.24,392.690888559506,392.690888559506,3.84564120790128E-06,3.84564120790128E-06,-1.54527335538367,-1.54527335538367,1,4.53754857511086E-05,4.53754857511086E-05,2653.07157265924,2653.07157265924,-260449.771297406,-260449.771297406,0.101289942106214,0.101289942106214,100000000000,-2336.24472473589,-2336.24472473589)
PVTTABLE POINT = (36400000,15.6,390.592639843968,390.592639843968,3.88123692085279E-06,3.88123692085279E-06,-1.54034877282979,-1.54034877282979,1,4.50397959684096E-05,4.50397959684096E-05,2654.30959502641,2654.30959502641,-256840.739926398,-256840.739926398,0.100697013056578,0.100697013056578,100000000000,-2323.71638991466,-2323.71638991466)
PVTTABLE POINT = (36400000,16.96,388.50124175543,388.50124175543,3.91638620856236E-06,3.91638620856236E-06,-1.53519951168827,-1.53519951168827,1,4.47103883126378E-05,4.47103883126378E-05,2655.4403993521,2655.4403993521,-253230.097806666,-253230.097806666,0.100114240585135,0.100114240585135,100000000000,-2311.24135912655,-2311.24135912655)
PVTTABLE POINT = (36400000,18.32,386.416997321699,386.416997321699,3.95107123796099E-06,3.95107123796099E-06,-1.52982934041876,-1.52982934041876,1,4.43871139441156E-05,4.43871139441156E-05,2656.46453016126,2656.46453016126,-249617.990401012,-249617.990401012,9.95415693325687E-02,9.95415693325687E-02,100000000000,-2298.81963400891,-2298.81963400891)
PVTTABLE POINT = (36400000,19.68,384.340204282591,384.340204282591,3.98527475739172E-06,3.98527475739172E-06,-1.52424226552683,-1.52424226552683,1,4.40698283265851E-05,4.40698283265851E-05,2657.38267694652,2657.38267694652,-246004.562332875,-246004.562332875,9.89789411109947E-02,9.89789411109947E-02,100000000000,-2286.45121330341,-2286.45121330341)
PVTTABLE POINT = (36400000,21.04,382.27115477244,382.27115477244,4.01898012989471E-06,4.01898012989471E-06,-1.51844252225176,-1.51844252225176,1,4.37583911472788E-05,4.37583911472788E-05,2658.19567186559,2658.19567186559,-242389.957190679,-242389.957190679,0.098426294976656,0.098426294976656,100000000000,-2274.1360922431,-2274.1360922431)
PVTTABLE POINT = (36400000,22.4,380.210135015737,380.210135015737,4.0521713643694E-06,4.0521713643694E-06,-1.51243456458476,-1.51243456458476,1,4.3452666234319E-05,4.3452666234319E-05,2658.90448700001,2658.90448700001,-238774.317335637,-238774.317335637,9.78835673070576E-02,9.78835673070576E-02,100000000000,-2261.87426196535,-2261.87426196535)
PVTTABLE POINT = (36400000,23.76,378.157425036767,378.157425036767,4.0848331444847E-06,4.0848331444847E-06,-1.50622305466813,-1.50622305466813,1,4.31525214716543E-05,4.31525214716543E-05,2659.51023119045,2659.51023119045,-235157.783713547,-235157.783713547,9.73506918821737E-02,9.73506918821737E-02,100000000000,-2249.66570895171,-2249.66570895171)
PVTTABLE POINT = (36400000,25.12,376.113298384056,376.113298384056,4.11695085522392E-06,4.11695085522392E-06,-1.49981285162889,-1.49981285162889,1,4.28578287117469E-05,4.28578287117469E-05,2660.01414646627,2660.01414646627,-231540.495671193,-231540.495671193,9.68275999693668E-02,9.68275999693668E-02,100000000000,-2237.51041449603,-2237.51041449603)
PVTTABLE POINT = (36400000,26.48,374.078021870358,374.078021870358,4.14851060696643E-06,4.14851060696643E-06,-1.49320899990362,-1.49320899990362,1,4.25684636862334E-05,4.25684636862334E-05,2660.41760408951,2660.41760408951,-227922.590777849,-227922.590777849,9.63142204116546E-02,9.63142204116546E-02,100000000000,-2225.40835420183,-2225.40835420183)
PVTTABLE POINT = (36400000,27.84,372.05185532883,372.05185532883,4.17949925702468E-06,4.17949925702468E-06,-1.48641671711343,-1.48641671711343,1,4.22843059147919E-05,4.22843059147919E-05,2660.7221002354,2660.7221002354,-224304.204652424,-224304.204652424,9.58104797189743E-02,9.58104797189743E-02,100000000000,-2213.35949750974,-2213.35949750974)
PVTTABLE POINT = (36400000,29.2,370.035051385968,370.035051385968,4.20990442857202E-06,4.20990442857202E-06,-1.47944138155015,-1.47944138155015,1,4.20052386124494E-05,4.20052386124494E-05,2660.92925133363,2660.92925133363,-220685.470796707,-220685.470796707,9.53163021620937E-02,9.53163021620937E-02,100000000000,-2201.36380725584,-2201.36380725584)
PVTTABLE POINT = (36400000,30.56,368.027855251798,368.027855251798,4.2397145269137E-06,4.2397145269137E-06,-1.47228851933581,-1.47228851933581,1,4.17311485955704E-05,4.17311485955704E-05,2661.0407890961,2661.0407890961,-217066.520435171,-217066.520435171,0.094831609868832,0.094831609868832,100000000000,-2189.42123926161,-2189.42123926161)
PVTTABLE POINT = (36400000,31.92,366.030504527707,366.030504527707,4.26891875307061E-06,4.26891875307061E-06,-1.46496379131881,-1.46496379131881,1,4.14619261867683E-05,4.14619261867683E-05,2661.05855525862,2661.05855525862,-213447.482361737,-213447.482361737,9.43563229222585E-02,9.43563229222585E-02,100000000000,-2177.53174195579,-2177.53174195579)
PVTTABLE POINT = (36400000,33.28,364.043229032244,364.043229032244,4.29750711466242E-06,4.29750711466242E-06,-1.45747297976999,-1.45747297976999,1,4.11974651189845E-05,4.11974651189845E-05,2660.98449606487,2660.98449606487,-209828.482793856,-209828.482793856,9.38903594605456E-02,9.38903594605456E-02,100000000000,-2165.69525602877,-2165.69525602877)
PVTTABLE POINT = (36400000,34.64,362.066250645113,362.066250645113,4.32547043409324E-06,4.32547043409324E-06,-1.44982197494227,-1.44982197494227,1,4.09376624389736E-05,4.09376624389736E-05,2660.82065652228,2660.82065652228,-206209.645234268,-206209.645234268,0.093433635778164,0.093433635778164,100000000000,-2153.91171411936,-2153.91171411936)
PVTTABLE POINT = (36400000,36,360.099783169503,360.099783169503,4.35280035405942E-06,4.35280035405942E-06,-1.44201676155615,-1.44201676155615,1,4.06824184104396E-05,4.06824184104396E-05,2660.56917445997,2660.56917445997,-202591.090340701,-202591.090340701,9.29860664281186E-02,9.29860664281186E-02,100000000000,-2142.18104053452,-2142.18104053452)
PVTTABLE POINT = (36400000,37.36,358.144032212813,358.144032212813,4.37948934041471E-06,4.37948934041471E-06,-1.4340634052728,-1.4340634052728,1,4.04316364170548E-05,4.04316364170548E-05,2660.23227441928,2660.23227441928,-198972.93580377,-198972.93580377,9.25475643249287E-02,9.25475643249287E-02,100000000000,-2130.50315100144,-2130.50315100144)
PVTTABLE POINT = (36400000,38.72,356.199195085743,356.199195085743,4.40553068244288E-06,4.40553068244288E-06,-1.42596803921459,-1.42596803921459,1,4.01852228655957E-05,4.01852228655957E-05,2659.81226140797,2659.81226140797,-195355.296233281,-195355.296233281,9.21180408480697E-02,9.21180408480697E-02,100000000000,-2118.87795245219,-2118.87795245219)
PVTTABLE POINT = (36400000,40.08,354.265460719663,354.265460719663,4.43091849060227E-06,4.43091849060227E-06,-1.41773685059097,-1.41773685059097,1,3.99430870894184E-05,3.99430870894184E-05,2659.31151454864,2659.31151454864,-191738.283053108,-191738.283053108,9.16974059456045E-02,9.16974059456045E-02,100000000000,-2107.30534284047,-2107.30534284047)
PVTTABLE POINT = (36400000,41.44,352.343009602055,352.343009602055,4.45564769181935E-06,4.45564769181935E-06,-1.40937606748517,-1.40937606748517,1,3.9705141252492E-05,3.9705141252492E-05,2658.73248065204,2658.73248065204,-188122.004404758,-188122.004404758,9.12855682377356E-02,9.12855682377356E-02,100000000000,-2095.78521098994,-2095.78521098994)
PVTTABLE POINT = (36400000,42.8,350.432013729796,350.432013729796,4.4797140224212E-06,4.4797140224212E-06,-1.4008919458546,-1.4008919458546,1,3.94713002541968E-05,3.94713002541968E-05,2658.07766774526,2658.07766774526,-184506.565059712,-184506.565059712,9.08824351200292E-02,9.08824351200292E-02,100000000000,-2084.31743647376,-2084.31743647376)
PVTTABLE POINT = (36400000,44.16,348.532636579939,348.532636579939,4.50311401880699E-06,4.50311401880699E-06,-1.3922907567946,-1.3922907567946,1,3.92414816350873E-05,3.92414816350873E-05,2657.34963858398,2657.34963858398,-180892.066340588,-180892.066340588,9.04879128660617E-02,9.04879128660617E-02,100000000000,-2072.90188952446,-2072.90188952446)
PVTTABLE POINT = (36400000,45.52,346.645033097615,346.645033097615,4.52584500596899E-06,4.52584500596899E-06,-1.38357877411202,-1.38357877411202,1,3.90156054838072E-05,3.90156054838072E-05,2656.55100417734,2656.55100417734,-177278.606051107,-177278.606051107,9.01019067292582E-02,9.01019067292582E-02,100000000000,-2061.53843097353,-2061.53843097353)
PVTTABLE POINT = (36400000,46.88,344.769349700596,344.769349700596,4.54790508398173E-06,4.54790508398173E-06,-1.37476226225158,-1.37476226225158,1,3.87935943453321E-05,3.87935943453321E-05,2655.68441735244,2655.68441735244,-173666.278414858,-173666.278414858,8.97243210436944E-02,8.97243210436944E-02,100000000000,-2050.22691221981,-2050.22691221981)
PVTTABLE POINT = (36400000,48.24,342.90572430002,342.90572430002,4.56929311258538E-06,4.56929311258538E-06,-1.36584746461424,-1.36584746461424,1,3.85753731307062E-05,3.85753731307062E-05,2654.75256638479,2654.75256638479,-170055.17402276,-170055.17402276,8.93550593236508E-02,8.93550593236508E-02,100000000000,-2038.96717522563,-2038.96717522563)
PVTTABLE POINT = (36400000,49.6,341.054286336712,341.054286336712,4.59000869399541E-06,4.59000869399541E-06,-1.35684059230289,-1.35684059230289,1,3.83608690284234E-05,3.83608690284234E-05,2653.75816871907,2653.75816871907,-166445.379789141,-166445.379789141,8.89940243617137E-02,8.89940243617137E-02,100000000000,-2027.75905253984,-2027.75905253984)
PVTTABLE POINT = (36400000,50.96,339.215156832503,339.215156832503,4.6100521540756E-06,4.6100521540756E-06,-1.34774781332708,-1.34774781332708,1,3.81500114175935E-05,3.81500114175935E-05,2652.70396480344,2652.70396480344,-162836.978916268,-162836.978916268,8.86411183252264E-02,8.86411183252264E-02,100000000000,-2016.60236734643,-2016.60236734643)
PVTTABLE POINT = (36400000,52.32,337.388448455906,337.388448455906,4.62942452201426E-06,4.62942452201426E-06,-1.33857524229401,-1.33857524229401,1,3.79427317830178E-05,3.79427317830178E-05,2651.59271205885,2651.59271205885,-159230.050867179,-159230.050867179,8.82962428509143E-02,8.82962428509143E-02,100000000000,-2005.49693353781,-2005.49693353781)
PVTTABLE POINT = (36400000,53.68,335.574265601463,335.574265601463,4.64812750864692E-06,4.64812750864692E-06,-1.32932893060965,-1.32932893060965,1,3.77389636322888E-05,3.77389636322888E-05,2650.42717900318,2650.42717900318,-155624.671346623,-155624.671346623,8.79592991375056E-02,8.79592991375056E-02,100000000000,-1994.44255581125,-1994.44255581125)
PVTTABLE POINT = (36400000,55.04,333.772704482064,333.772704482064,4.66616348356875E-06,4.66616348356875E-06,-1.32001485720939,-1.32001485720939,1,3.75386424150121E-05,3.75386424150121E-05,2649.21013954814,2649.21013954814,-152020.912289856,-152020.912289856,8.76301880361913E-02,8.76301880361913E-02,100000000000,-1983.43902978745,-1983.43902978745)
PVTTABLE POINT = (36400000,56.4,331.983853233504,331.983853233504,4.68353545118109E-06,4.68353545118109E-06,-1.31063891983413,-1.31063891983413,1,3.7341705444238E-05,3.7341705444238E-05,2647.94436748529,2647.94436748529,-148418.841859085,-148418.841859085,8.73088101387733E-02,8.73088101387733E-02,100000000000,-1972.48614214983,-1972.48614214983)
PVTTABLE POINT = (36400000,57.76,330.207792030519,330.207792030519,4.70024702581444E-06,4.70024702581444E-06,-1.30120692686361,-1.30120692686361,1,3.71480918201742E-05,3.71480918201742E-05,2646.6326311755,2646.6326311755,-144818.524447262,-144818.524447262,8.69950658633662E-02,8.69950658633662E-02,100000000000,-1961.58367080327,-1961.58367080327)
PVTTABLE POINT = (36400000,59.12,328.444593213556,328.444593213556,4.71630240606922E-06,4.71630240606922E-06,-1.29172458971545,-1.29172458971545,1,3.69577423562434E-05,3.69577423562434E-05,2645.27768845449,2645.27768845449,-141220.020688961,-141220.020688961,8.66888555375278E-02,8.66888555375278E-02,100000000000,-1950.73138505091,-1950.73138505091)
PVTTABLE POINT = (36400000,60.48,326.694321425484,326.694321425484,4.73170634851207E-06,4.73170634851207E-06,-1.28219751581457,-1.28219751581457,1,3.67705995075302E-05,3.67705995075302E-05,2643.88228176523,2643.88228176523,-137623.387478028,-137623.387478028,8.63900794787052E-02,8.63900794787052E-02,100000000000,-1939.92904578769,-1939.92904578769)
PVTTABLE POINT = (36400000,61.84,324.957033757481,324.957033757481,4.74646414086214E-06,4.74646414086214E-06,-1.27263120213458,-1.27263120213458,1,3.65866073016565E-05,3.65866073016565E-05,2642.44913352616,2642.44913352616,-134028.677991692,-134028.677991692,8.60986380719003E-02,8.60986380719003E-02,100000000000,-1929.17640570931,-1929.17640570931)
PVTTABLE POINT = (36400000,63.2,323.232779903318,323.232779903318,4.76058157479735E-06,4.76058157479735E-06,-1.26303102930926,-1.26303102930926,1,3.64057112721086E-05,3.64057112721086E-05,2640.98094174256,2640.98094174256,-130435.941720812,-130435.941720812,8.58144318444663E-02,8.58144318444663E-02,100000000000,-1918.47320953515,-1918.47320953515)
PVTTABLE POINT = (36400000,64.56,321.521602321261,321.521602321261,4.77406491850544E-06,4.77406491850544E-06,-1.2534022563097,-1.2534022563097,1,3.62278583940306E-05,3.62278583940306E-05,2639.48037586662,2639.48037586662,-126845.224505917,-126845.224505917,8.55373615379647E-02,8.55373615379647E-02,100000000000,-1907.81919424408,-1907.81919424408)
PVTTABLE POINT = (36400000,65.92,319.823536402839,319.823536402839,4.78692088909922E-06,4.78692088909922E-06,-1.24375001567968,-1.24375001567968,1,3.6052997022486E-05,3.6052997022486E-05,2637.95007291009,2637.95007291009,-123256.568578719,-123256.568578719,8.52673281770203E-02,8.52673281770203E-02,100000000000,-1897.21408932141,-1897.21408932141)
PVTTABLE POINT = (36400000,67.28,318.138610647713,318.138610647713,4.79915662500933E-06,4.79915662500933E-06,-1.23407930931925,-1.23407930931925,1,3.58810768331844E-05,3.58810768331844E-05,2636.39263381206,2636.39263381206,-119670.012608723,-119670.012608723,8.50042331351311E-02,8.50042331351311E-02,100000000000,-1886.65761701618,-1886.65761701618)
PVTTABLE POINT = (36400000,68.64,316.466846843909,316.466846843909,4.81077965846125E-06,4.81077965846125E-06,-1.2243950048047,-1.2243950048047,1,3.57120487656542E-05,3.57120487656542E-05,2634.81062006271,2634.81062006271,-116085.591754615,-116085.591754615,8.47479781973959E-02,8.47479781973959E-02,100000000000,-1876.14949260717,-1876.14949260717)
PVTTABLE POINT = (37000000,2,413.912949099616,413.912949099616,3.43122971592037E-06,3.43122971592037E-06,-1.56208845076897,-1.56208845076897,1,4.91492890866055E-05,4.91492890866055E-05,2627.36757939101,2627.36757939101,-292902.17570717,-292902.17570717,0.10779177597871,0.10779177597871,100000000000,-2456.92542519304,-2456.92542519304)
PVTTABLE POINT = (37000000,3.36,411.790295172663,411.790295172663,3.46887987994965E-06,3.46887987994965E-06,-1.55942175614976,-1.55942175614976,1,4.87473565415435E-05,4.87473565415435E-05,2629.57608581495,2629.57608581495,-289327.442685015,-289327.442685015,0.107106128967888,0.107106128967888,100000000000,-2443.96548961668,-2443.96548961668)
PVTTABLE POINT = (37000000,4.72,409.671429625423,409.671429625423,3.50628052575693E-06,3.50628052575693E-06,-1.55651749133057,-1.55651749133057,1,4.83532997472873E-05,4.83532997472873E-05,2631.68420189661,2631.68420189661,-285749.77426605,-285749.77426605,0.106430917905449,0.106430917905449,100000000000,-2431.05855060836,-2431.05855060836)
PVTTABLE POINT = (37000000,6.08,407.556674728997,407.556674728997,3.54341158578004E-06,3.54341158578004E-06,-1.55337691315495,-1.55337691315495,1,4.79669274422475E-05,4.79669274422475E-05,2633.6911694031,2633.6911694031,-282169.307511916,-282169.307511916,0.105766114940063,0.105766114940063,100000000000,-2418.20458271669,-2418.20458271669)
PVTTABLE POINT = (37000000,7.44,405.446350863708,405.446350863708,3.58025318502879E-06,3.58025318502879E-06,-1.55000154514088,-1.55000154514088,1,4.75880531652826E-05,4.75880531652826E-05,2635.59636501807,2635.59636501807,-278586.180423929,-278586.180423929,0.105111689095147,0.105111689095147,100000000000,-2405.40356421859,-2405.40356421859)
PVTTABLE POINT = (37000000,8.8,403.340776157419,403.340776157419,3.61678568188736E-06,3.61678568188736E-06,-1.54639317587365,-1.54639317587365,1,4.7216495209268E-05,4.7216495209268E-05,2637.39930205857,2637.39930205857,-275000.531758373,-275000.531758373,0.104467606285129,0.104467606285129,100000000000,-2392.65547639054,-2392.65547639054)
PVTTABLE POINT = (37000000,10.16,401.240266126601,401.240266126601,3.65298970849887E-06,3.65298970849887E-06,-1.54255385657283,-1.54255385657283,1,4.68520765710113E-05,4.68520765710113E-05,2639.0996317865,2639.0996317865,-271412.500839744,-271412.500839744,0.103833829338889,0.103833829338889,100000000000,-2379.96030279006,-2379.96030279006)
PVTTABLE POINT = (37000000,11.52,399.145133321277,399.145133321277,3.6888462105485E-06,3.6888462105485E-06,-1.53848589783812,-1.53848589783812,1,4.64946248975746E-05,4.64946248975746E-05,2640.69714430537,2640.69714430537,-267822.227372488,-267822.227372488,0.103210318030148,0.103210318030148,100000000000,-2367.31802854902,-2367.31802854902)
PVTTABLE POINT = (37000000,12.88,397.05568697493,397.05568697493,3.72433648626402E-06,3.72433648626402E-06,-1.53419186558382,-1.53419186558382,1,4.61439724290855E-05,4.61439724290855E-05,2642.19176903558,2642.19176903558,-264229.851251804,-264229.851251804,0.102597029114506,0.102597029114506,100000000000,-2354.72863968068,-2354.72863968068)
PVTTABLE POINT = (37000000,14.24,394.972232660499,394.972232660499,3.75944222445574E-06,3.75944222445574E-06,-1.5296745761766,-1.5296745761766,1,4.57999559381289E-05,4.57999559381289E-05,2643.58357476402,2643.58357476402,-260635.512374093,-260635.512374093,0.101993916372845,0.101993916372845,100000000000,-2342.19212240177,-2342.19212240177)
PVTTABLE POINT = (37000000,15.6,392.895071953508,392.895071953508,3.79414554142322E-06,3.79414554142322E-06,-1.52493709079624,-1.52493709079624,1,4.54624166658268E-05,4.54624166658268E-05,2644.87276926636,2644.87276926636,-257039.350447624,-257039.350447624,0.101400930660773,0.101400930660773,100000000000,-2329.70846247145,-2329.70846247145)
PVTTABLE POINT = (37000000,16.96,390.824502103385,390.824502103385,3.82842901656194E-06,3.82842901656194E-06,-1.51998270904358,-1.51998270904358,1,4.51312002547311E-05,4.51312002547311E-05,2646.05969850263,2646.05969850263,-253441.504804013,-253441.504804013,0.100818019963784,0.100818019963784,100000000000,-2317.27764454847,-2317.27764454847)
PVTTABLE POINT = (37000000,18.32,388.760815713966,388.760815713966,3.86227572651138E-06,3.86227572651138E-06,-1.51481496182455,-1.51481496182455,1,4.48061566786633E-05,4.48061566786633E-05,2647.14484538985,2647.14484538985,-249842.114211074,-249842.114211074,0.100245129457792,0.100245129457792,100000000000,-2304.89965156824,-2304.89965156824)
PVTTABLE POINT = (37000000,19.68,386.704300434154,386.704300434154,3.89566927769443E-06,3.89566927769443E-06,-1.50943760354355,-1.50943760354355,1,4.44871401696527E-05,4.44871401696527E-05,2648.12882815742,2648.12882815742,-246241.316687635,-246241.316687635,0.099682201574683,0.099682201574683,100000000000,-2292.57446414099,-2292.57446414099)
PVTTABLE POINT = (37000000,21.04,384.655238659642,384.655238659642,3.92859383710829E-06,3.92859383710829E-06,-1.50385460364331,-1.50385460364331,1,4.41740091421329E-05,4.41740091421329E-05,2649.01239829395,2649.01239829395,-242639.249320856,-242639.249320856,9.91291760725407E-02,9.91291760725407E-02,100000000000,-2280.30205997248,-2280.30205997248)
PVTTABLE POINT = (37000000,22.4,382.613907246561,382.613907246561,3.96103416123833E-06,3.96103416123833E-06,-1.49807013753226,-1.49807013753226,1,4.38666261145723E-05,4.38666261145723E-05,2649.79643809631,2649.79643809631,-239036.048086628,-239036.048086628,0.09858599011018,0.09858599011018,100000000000,-2268.08241330848,-2268.08241330848)
PVTTABLE POINT = (37000000,23.76,380.580577237865,380.580577237865,3.99297562297831E-06,3.99297562297831E-06,-1.49208857694371,-1.49208857694371,1,4.35648576287202E-05,4.35648576287202E-05,2650.48195783418,2650.48195783418,-235431.847673549,-235431.847673549,9.80525783256345E-02,9.80525783256345E-02,100000000000,-2255.91549440408,-2255.91549440408)
PVTTABLE POINT = (37000000,25.12,378.555513603177,378.555513603177,4.02440423645323E-06,4.02440423645323E-06,-1.48591447977437,-1.48591447977437,1,4.32685741666636E-05,4.32685741666636E-05,2651.07009254549,2651.07009254549,-231826.781311029,-231826.781311029,9.75288729182429E-02,9.75288729182429E-02,100000000000,-2243.80126901902,-2243.80126901902)
PVTTABLE POINT = (37000000,26.48,376.538974992794,376.538974992794,4.0553066796551E-06,4.0553066796551E-06,-1.47955257945205,-1.47955257945205,1,4.29776500658942E-05,4.29776500658942E-05,2651.5620984803,2651.5620984803,-228220.980601978,-228220.980601978,9.70148037339787E-02,9.70148037339787E-02,100000000000,-2231.73969793982,-2231.73969793982)
PVTTABLE POINT = (37000000,27.84,374.531213506426,374.531213506426,4.08567031481544E-06,4.08567031481544E-06,-1.47300777388487,-1.47300777388487,1,4.26919634325955E-05,4.26919634325955E-05,2651.95934921244,2651.95934921244,-224614.575360565,-224614.575360565,9.65102983536812E-02,9.65102983536812E-02,100000000000,-2219.73073652959,-2219.73073652959)
PVTTABLE POINT = (37000000,29.2,372.532474477233,372.532474477233,4.11548320645343E-06,4.11548320645343E-06,-1.46628511404578,-1.46628511404578,1,4.24113960533625E-05,4.24113960533625E-05,2652.26333144008,2652.26333144008,-221007.693455484,-221007.693455484,9.60152821838423E-02,9.60152821838423E-02,100000000000,-2207.77433430627,-2207.77433430627)
PVTTABLE POINT = (37000000,30.56,370.542996271598,370.542996271598,4.1447341370531E-06,4.1447341370531E-06,-1.45938979224789,-1.45938979224789,1,4.2135833305573E-05,4.2135833305573E-05,2652.47564049779,2652.47564049779,-217400.460659121,-217400.460659121,9.55296785496201E-02,9.55296785496201E-02,100000000000,-2195.87043454983,-2195.87043454983)
PVTTABLE POINT = (37000000,31.92,368.563010105018,368.563010105018,4.17341262033795E-06,4.17341262033795E-06,-1.4523271301664,-1.4523271301664,1,4.186516406663E-05,4.186516406663E-05,2652.59797560415,2652.59797560415,-213793.000503016,-213793.000503016,9.50534087897536E-02,9.50534087897536E-02,100000000000,-2184.01897393885,-2184.01897393885)
PVTTABLE POINT = (37000000,33.28,366.592739874441,366.592739874441,4.20150891212612E-06,4.20150891212612E-06,-1.44510256666403,-1.44510256666403,1,4.15992806222992E-05,4.15992806222992E-05,2652.63213486996,2652.63213486996,-210185.434139942,-210185.434139942,9.45863923530641E-02,9.45863923530641E-02,100000000000,-2172.21988221694,-2172.21988221694)
PVTTABLE POINT = (37000000,34.64,364.632402007241,364.632402007241,4.22901401876398E-06,4.22901401876398E-06,-1.4377216454761,-1.4377216454761,1,4.13380785743619E-05,4.13380785743619E-05,2652.58001009298,2652.58001009298,-206577.880212937,-206577.880212937,9.41285468962347E-02,9.41285468962347E-02,100000000000,-2160.47308188902,-2160.47308188902)
PVTTABLE POINT = (37000000,36,362.682205327025,362.682205327025,4.25591970315024E-06,4.25591970315024E-06,-1.43019000281152,-1.43019000281152,1,4.10814567478064E-05,4.10814567478064E-05,2652.44358136596,2652.44358136596,-202970.45473153,-202970.45473153,9.36797883825786E-02,9.36797883825786E-02,100000000000,-2148.77848794784,-2148.77848794784)
PVTTABLE POINT = (37000000,37.36,360.742350936316,360.742350936316,4.28221848837642E-06,4.28221848837642E-06,-1.42251335492466,-1.42251335492466,1,4.08293170977746E-05,4.08293170977746E-05,2652.22491152509,2652.22491152509,-199363.270955424,-199363.270955424,9.32400311815037E-02,9.32400311815037E-02,100000000000,-2137.13600763032,-2137.13600763032)
PVTTABLE POINT = (37000000,38.72,358.813032116133,358.813032116133,4.30790365902295E-06,4.30790365902295E-06,-1.41469748571213,-1.41469748571213,1,4.05815646164792E-05,4.05815646164792E-05,2651.9261404661,2651.9261404661,-195756.439285812,-195756.439285812,9.28091881684028E-02,9.28091881684028E-02,100000000000,-2125.54554020397,-2125.54554020397)
PVTTABLE POINT = (37000000,40.08,356.894434242388,356.894434242388,4.33296926016264E-06,4.33296926016264E-06,-1.40674823438651,-1.40674823438651,1,4.03381072403016E-05,4.03381072403016E-05,2651.54947935559,2651.54947935559,-192150.067164502,-192150.067164502,9.23871708247051E-02,9.23871708247051E-02,100000000000,-2114.00697678277,-2114.00697678277)
PVTTABLE POINT = (37000000,41.44,354.986734718973,354.986734718973,4.35741009413487E-06,4.35741009413487E-06,-1.3986714832774,-1.3986714832774,1,4.00988557572721E-05,4.00988557572721E-05,2651.09720476469,2651.09720476469,-188544.258980975,-188544.258980975,9.19738893378308E-02,9.19738893378308E-02,100000000000,-2102.52020017241,-2102.52020017241)
PVTTABLE POINT = (37000000,42.8,353.090102927315,353.090102927315,4.38122171516505E-06,4.38122171516505E-06,-1.39047314580769,-1.39047314580769,1,3.98637237151314E-05,3.98637237151314E-05,2650.57165275194,2650.57165275194,-184939.115987449,-184939.115987449,0.091569252700809,0.091569252700809,100000000000,-2091.08508474425,-2091.08508474425)
PVTTABLE POINT = (37000000,44.16,351.204700192146,351.204700192146,4.40440042191369E-06,4.40440042191369E-06,-1.38215915469034,-1.38215915469034,1,3.96326273301579E-05,3.96326273301579E-05,2649.97521292163,2649.97521292163,-181334.736222019,-181334.736222019,9.11731688113229E-02,9.11731688113229E-02,100000000000,-2079.70149633744,-2079.70149633744)
PVTTABLE POINT = (37000000,45.52,349.330679763147,349.330679763147,4.42694324804821E-06,4.42694324804821E-06,-1.37373545038837,-1.37373545038837,1,3.94054853969437E-05,3.94054853969437E-05,2649.31032248317,2649.31032248317,-177731.214439874,-177731.214439874,9.07855445699619E-02,9.07855445699619E-02,100000000000,-2068.36929218859,-2068.36929218859)
PVTTABLE POINT = (37000000,46.88,347.468186812086,347.468186812086,4.44884795093902E-06,4.44884795093902E-06,-1.36520796987755,-1.36520796987755,1,3.91822191992858E-05,3.91822191992858E-05,2648.57946033611,2648.57946033611,-174128.642052581,-174128.642052581,9.04062859774622E-02,9.04062859774622E-02,100000000000,-2057.08832088816,-2057.08832088816)
PVTTABLE POINT = (37000000,48.24,345.61735844501,345.61735844501,4.47011299858765E-06,4.47011299858765E-06,-1.35658263574802,-1.35658263574802,1,3.89627524223529E-05,3.89627524223529E-05,2647.78514120444,2647.78514120444,-170527.10707538,-170527.10707538,9.00352982307416E-02,9.00352982307416E-02,100000000000,-2045.8584223628,-2045.8584223628)
PVTTABLE POINT = (37000000,49.6,343.778323729014,343.778323729014,4.49073755490104E-06,4.49073755490104E-06,-1.34786534567825,-1.34786534567825,1,3.87470110662757E-05,3.87470110662757E-05,2646.92990984253,2646.92990984253,-166926.694082416,-166926.694082416,8.96724858175302E-02,8.96724858175302E-02,100000000000,-2034.67942788267,-2034.67942788267)
PVTTABLE POINT = (37000000,50.96,341.951203733051,341.951203733051,4.51072146343044E-06,4.51072146343044E-06,-1.33906196231056,-1.33906196231056,1,3.85349233612974E-05,3.85349233612974E-05,2646.01633533391,2646.01633533391,-163327.484169785,-163327.484169785,8.93177526094164E-02,8.93177526094164E-02,100000000000,-2023.55116009273,-2023.55116009273)
PVTTABLE POINT = (37000000,52.32,340.136111582222,340.136111582222,4.53006522969708E-06,4.53006522969708E-06,-1.3301783035548,-1.3301783035548,1,3.83264196846108E-05,3.83264196846108E-05,2645.04700550266,2645.04700550266,-159729.554926255,-159729.554926255,8.89710019531429E-02,8.89710019531429E-02,100000000000,-2012.47343306714,-2012.47343306714)
PVTTABLE POINT = (37000000,53.68,338.333152524959,338.333152524959,4.54877000222953E-06,4.54877000222953E-06,-1.32122013334264,-1.32122013334264,1,3.81214324789934E-05,3.81214324789934E-05,2644.02452145569,2644.02452145569,-156132.980411515,-156132.980411515,8.86321367599856E-02,8.86321367599856E-02,100000000000,-2001.44605238544,-2001.44605238544)
PVTTABLE POINT = (37000000,55.04,336.542424012449,336.542424012449,4.56683755243883E-06,4.56683755243883E-06,-1.31219315285186,-1.31219315285186,1,3.79198961733445E-05,3.79198961733445E-05,2642.95149227274,2642.95149227274,-152537.831141732,-152537.831141732,0.088301059593072,0.088301059593072,100000000000,-1990.46881522955,-1990.46881522955)
PVTTABLE POINT = (37000000,56.4,334.764015789676,334.764015789676,4.58427025345858E-06,4.58427025345858E-06,-1.30310299221645,-1.30310299221645,1,3.77217471052128E-05,3.77217471052128E-05,2641.83052985929,2641.83052985929,-148944.174082232,-148944.174082232,8.79776727524984E-02,8.79776727524984E-02,100000000000,-1979.54151050047,-1979.54151050047)
PVTTABLE POINT = (37000000,57.76,332.998009997395,332.998009997395,4.60107105807639E-06,4.60107105807639E-06,-1.2939552027349,-1.2939552027349,1,3.7526923445392E-05,3.7526923445392E-05,2640.66424397617,2640.66424397617,-145352.07264705,-145352.07264705,8.76618783581214E-02,8.76618783581214E-02,100000000000,-1968.66391895327,-1968.66391895327)
PVTTABLE POINT = (37000000,59.12,331.244481284361,331.244481284361,4.61724347588205E-06,4.61724347588205E-06,-1.28475524958597,-1.28475524958597,1,3.73353651246523E-05,3.73353651246523E-05,2639.45523745781,2639.45523745781,-141761.58670513,-141761.58670513,8.73535784299082E-02,8.73535784299082E-02,100000000000,-1957.83581334946,-1957.83581334946)
PVTTABLE POINT = (37000000,60.48,329.503496929114,329.503496929114,4.63279154975603E-06,4.63279154975603E-06,-1.27550850505797,-1.27550850505797,1,3.71470137626611E-05,3.71470137626611E-05,2638.20610162963,2638.20610162963,-138172.772592878,-138172.772592878,8.70526749657421E-02,8.70526749657421E-02,100000000000,-1947.05695862527,-1947.05695862527)
PVTTABLE POINT = (37000000,61.84,327.775116970618,327.775116970618,4.64771983181862E-06,4.64771983181862E-06,-1.26622024229443,-1.26622024229443,1,3.69618125991376E-05,3.69618125991376E-05,2636.91941193359,2636.91941193359,-134585.683132814,-134585.683132814,8.67590700165921E-02,8.67590700165921E-02,100000000000,-1936.32711207476,-1936.32711207476)
PVTTABLE POINT = (37000000,63.2,326.059394347063,326.059394347063,4.66203335895712E-06,4.66203335895712E-06,-1.2568956295566,-1.2568956295566,1,3.67797064272741E-05,3.67797064272741E-05,2635.59772376906,2635.59772376906,-131000.367658029,-131000.367658029,8.64726657589676E-02,8.64726657589676E-02,100000000000,-1925.64602354656,-1925.64602354656)
PVTTABLE POINT = (37000000,64.56,324.356375042112,324.356375042112,4.67573762804441E-06,4.67573762804441E-06,-1.247539725,-1.247539725,1,3.66006415294472E-05,3.66006415294472E-05,2634.24356855513,2634.24356855513,-127416.872042139,-127416.872042139,0.086193364564589,0.086193364564589,100000000000,-1915.01343565294,-1915.01343565294)
PVTTABLE POINT = (37000000,65.92,322.666098237909,322.666098237909,4.68883857095723E-06,4.68883857095723E-06,-1.23815747196007,-1.23815747196007,1,3.64245656152312E-05,3.64245656152312E-05,2632.8594500185,2632.8594500185,-123835.23873446,-123835.23873446,8.59210690672199E-02,8.59210690672199E-02,100000000000,-1904.42908399,-1904.42908399)
PVTTABLE POINT = (37000000,67.28,320.988596474154,320.988596474154,4.70134252949833E-06,4.70134252949833E-06,-1.22875369473973,-1.22875369473973,1,3.62514277617193E-05,3.62514277617193E-05,2631.44784071012,2631.44784071012,-120255.506800052,-120255.506800052,8.56556822266153E-02,8.56556822266153E-02,100000000000,-1893.89269736795,-1893.89269736795)
PVTTABLE POINT = (37000000,68.64,319.323895812572,319.323895812572,4.71325623032055E-06,4.71325623032055E-06,-1.21933309488902,-1.21933309488902,1,3.60811783561445E-05,3.60811783561445E-05,2630.01117875232,2630.01117875232,-116677.711964363,-116677.711964363,8.53971073895546E-02,8.53971073895546E-02,100000000000,-1883.40399805019,-1883.40399805019)
PVTTABLE POINT = (37600000,2,415.949330908266,415.949330908266,3.35721515910821E-06,3.35721515910821E-06,-1.54565765758584,-1.54565765758584,1,4.95896277883388E-05,4.95896277883388E-05,2617.96948134129,2617.96948134129,-292946.114235152,-292946.114235152,0.108485035563676,0.108485035563676,100000000000,-2462.3404773531,-2462.3404773531)
PVTTABLE POINT = (37600000,3.36,413.848954240041,413.848954240041,3.39383040345337E-06,3.39383040345337E-06,-1.54309331884593,-1.54309331884593,1,4.91853905561013E-05,4.91853905561013E-05,2620.18233454646,2620.18233454646,-289384.160205934,-289384.160205934,0.107800032326133,0.107800032326133,100000000000,-2449.42687111457,-2449.42687111457)
PVTTABLE POINT = (37600000,4.72,411.752220869161,411.752220869161,3.43021134145384E-06,3.43021134145384E-06,-1.54030004398619,-1.54030004398619,1,4.87890774640645E-05,4.87890774640645E-05,2622.29953829827,2622.29953829827,-285819.261648146,-285819.261648146,0.107125385194137,0.107125385194137,100000000000,-2436.5660011991,-2436.5660011991)
PVTTABLE POINT = (37600000,6.08,409.659441371486,409.659441371486,3.46633904165645E-06,3.46633904165645E-06,-1.53727901768943,-1.53727901768943,1,4.84004967174701E-05,4.84004967174701E-05,2624.32036227303,2624.32036227303,-282251.549155832,-282251.549155832,0.106461066041251,0.106461066041251,100000000000,-2423.75782147767,-2423.75782147767)
PVTTABLE POINT = (37600000,7.44,407.570924541997,407.570924541997,3.50219474676797E-06,3.50219474676797E-06,-1.53403167403178,-1.53403167403178,1,4.80194612499754E-05,4.80194612499754E-05,2626.24420207126,2626.24420207126,-278681.154230851,-278681.154230851,0.105807043711371,0.105807043711371,100000000000,-2411.00228973718,-2411.00228973718)
PVTTABLE POINT = (37600000,8.8,405.486977056533,405.486977056533,3.53775991098346E-06,3.53775991098346E-06,-1.53055969500914,-1.53055969500914,1,4.76457886793606E-05,4.76457886793606E-05,2628.0705807936,2628.0705807936,-275108.209110498,-275108.209110498,0.105163284034151,0.105163284034151,100000000000,-2398.29936699179,-2398.29936699179)
PVTTABLE POINT = (37600000,10.16,403.407903136053,403.407903136053,3.57301623695238E-06,3.57301623695238E-06,-1.52686500831416,-1.52686500831416,1,4.72793012598039E-05,4.72793012598039E-05,2629.79915024962,2629.79915024962,-271532.846593251,-271532.846593251,0.104529749847368,0.104529749847368,100000000000,-2385.64901680433,-2385.64901680433)
PVTTABLE POINT = (37600000,11.52,401.334004214419,401.334004214419,3.60794571221936E-06,3.60794571221936E-06,-1.52294978436803,-1.52294978436803,1,4.69198258307811E-05,4.69198258307811E-05,2631.42969179137,2631.42969179137,-267955.199863106,-267955.199863106,0.103906401026012,0.103906401026012,100000000000,-2373.05120461889,-2373.05120461889)
PVTTABLE POINT = (37600000,12.88,399.265578610724,399.265578610724,3.64253064497887E-06,3.64253064497887E-06,-1.51881643261563,-1.51881643261563,1,4.65671937626575E-05,4.65671937626575E-05,2632.96211676577,2632.96211676577,-264375.402313055,-264375.402313055,0.103293194517814,0.103293194517814,100000000000,-2360.50589710629,-2360.50589710629)
PVTTABLE POINT = (37600000,14.24,397.202921207147,397.202921207147,3.67675369898546E-06,3.67675369898546E-06,-1.51446759709713,-1.51446759709713,1,4.62212408990571E-05,4.62212408990571E-05,2634.39646658177,2634.39646658177,-260793.587368202,-260793.587368202,0.102690084384954,0.102690084384954,100000000000,-2348.01306152393,-2348.01306152393)
PVTTABLE POINT = (37600000,15.6,395.14632313332,395.14632313332,3.71059792746607E-06,3.71059792746607E-06,-1.50990615131336,-1.50990615131336,1,4.58818074961034E-05,4.58818074961034E-05,2635.73291239086,2635.73291239086,-257209.888309053,-257209.888309053,0.10209702185162,0.10209702185162,100000000000,-2335.57266509119,-2335.57266509119)
PVTTABLE POINT = (37600000,16.96,393.09607145814,393.09607145814,3.74404680588558E-06,3.74404680588558E-06,-1.50513519240618,-1.50513519240618,1,4.55487381586413E-05,4.55487381586413E-05,2636.97175438137,2636.97175438137,-253624.438095498,-253624.438095498,0.101513955357128,0.101513955357128,100000000000,-2323.18467438208,-2323.18467438208)
PVTTABLE POINT = (37600000,18.32,391.052448889949,391.052448889949,3.77708426342398E-06,3.77708426342398E-06,-1.50015803467962,-1.50015803467962,1,4.52218817735633E-05,4.52218817735633E-05,2638.11342068971,2638.11342068971,-250037.369192023,-250037.369192023,0.100940830614248,0.100940830614248,100000000000,-2310.84905473615,-2310.84905473615)
PVTTABLE POINT = (37600000,19.68,389.01573348596,389.01573348596,3.8096947130308E-06,3.8096947130308E-06,-1.49497820249084,-1.49497820249084,1,4.49010914403691E-05,4.49010914403691E-05,2639.15846593341,2639.15846593341,-246448.813394656,-246448.813394656,0.100377590672419,0.100377590672419,100000000000,-2298.56576968916,-2298.56576968916)
PVTTABLE POINT = (37600000,21.04,386.986198371758,386.986198371758,3.84186307993112E-06,3.84186307993112E-06,-1.48959942254393,-1.48959942254393,1,4.45862243991091E-05,4.45862243991091E-05,2640.10756937351,2640.10756937351,-242858.901660153,-242858.901660153,9.98241759855038E-02,9.98241759855038E-02,100000000000,-2286.33478042454,-2286.33478042454)
PVTTABLE POINT = (37600000,22.4,384.964111471669,384.964111471669,3.87357482846744E-06,3.87357482846744E-06,-1.48402561562266,-1.48402561562266,1,4.42771419558622E-05,4.42771419558622E-05,2640.96153271566,2640.96153271566,-239267.76393795,-239267.76393795,9.92805244837272E-02,9.92805244837272E-02,100000000000,-2274.15604524682,-2274.15604524682)
PVTTABLE POINT = (37600000,23.76,382.949735250733,382.949735250733,3.90481598717136E-06,3.90481598717136E-06,-1.47826088780149,-1.47826088780149,1,4.39737094059158E-05,4.39737094059158E-05,2641.72127756146,2641.72127756146,-235675.52900532,-235675.52900532,9.87465716494659E-02,9.87465716494659E-02,100000000000,-2262.02951907809,-2262.02951907809)
PVTTABLE POINT = (37600000,25.12,380.943326468954,380.943326468954,3.93557317197108E-06,3.93557317197108E-06,-1.47230952117675,-1.47230952117675,1,4.36757959548211E-05,4.36757959548211E-05,2642.38784252355,2642.38784252355,-232082.32430625,-232082.32430625,9.82222505965314E-02,9.82222505965314E-02,100000000000,-2249.95515297835,-2249.95515297835)
PVTTABLE POINT = (37600000,26.48,378.94513594847,378.94513594847,3.9658336074518E-06,3.9658336074518E-06,-1.46617596416221,-1.46617596416221,1,4.33832746375054E-05,4.33832746375054E-05,2642.96238001969,2642.96238001969,-228488.275794441,-228488.275794441,9.77074921526078E-02,9.77074921526078E-02,100000000000,-2237.93289369063,-2237.93289369063)
PVTTABLE POINT = (37600000,27.84,376.955408354178,376.955408354178,3.99558514609856E-06,3.99558514609856E-06,-1.45986482139546,-1.45986482139546,1,4.30960222356299E-05,4.30960222356299E-05,2643.44615276285,2643.44615276285,-224893.507780894,-224893.507780894,0.097202224944505,0.097202224944505,100000000000,-2225.96268321165,-2225.96268321165)
PVTTABLE POINT = (37600000,29.2,374.97438198833,374.97438198833,4.02481628546378E-06,4.02481628546378E-06,-1.45338084330294,-1.45338084330294,1,4.28139191933858E-05,4.28139191933858E-05,2643.84052996581,2643.84052996581,-221298.142786453,-221298.142786453,9.67063754858938E-02,9.67063754858938E-02,100000000000,-2214.04445838858,-2214.04445838858)
PVTTABLE POINT = (37600000,30.56,373.002288599529,373.002288599529,4.05351618321457E-06,4.05351618321457E-06,-1.44672891537271,-1.44672891537271,1,4.25368495319301E-05,4.25368495319301E-05,2644.1469832802,2644.1469832802,-217702.301399699,-217702.301399699,9.62198682671984E-02,9.62198682671984E-02,100000000000,-2202.17815054256,-2202.17815054256)
PVTTABLE POINT = (37600000,31.92,371.039353206473,371.039353206473,4.08167467002761E-06,4.08167467002761E-06,-1.43991404718511,-1.43991404718511,1,4.22647007626581E-05,4.22647007626581E-05,2644.36708249104,2644.36708249104,-214106.102140539,-214106.102140539,9.57426258473294E-02,9.57426258473294E-02,100000000000,-2190.36368511928,-2190.36368511928)
PVTTABLE POINT = (37600000,33.28,369.085793936766,369.085793936766,4.10928226031278E-06,4.10928226031278E-06,-1.43294136125153,-1.43294136125153,1,4.19973637995191E-05,4.19973637995191E-05,2644.50249098902,2644.50249098902,-210509.661329791,-210509.661329791,9.52745689469486E-02,9.52745689469486E-02,100000000000,-2178.60098136699,-2178.60098136699)
PVTTABLE POINT = (37600000,34.64,367.141821881001,367.141821881001,4.13633016075924E-06,4.13633016075924E-06,-1.42581608171197,-1.42581608171197,1,4.17347328705792E-05,4.17347328705792E-05,2644.55496104328,2644.55496104328,-206913.092965079,-206913.092965079,9.48156165429677E-02,9.48156165429677E-02,100000000000,-2166.88995204211,-2166.88995204211)
PVTTABLE POINT = (37600000,36,365.207640962285,365.207640962285,4.16281027671014E-06,4.16281027671014E-06,-1.41854352294145,-1.41854352294145,1,4.14767054290329E-05,4.14767054290329E-05,2644.52632889859,2644.52632889859,-203316.508603276,-203316.508603276,9.43656859639936E-02,9.43656859639936E-02,100000000000,-2155.23050314267,-2155.23050314267)
PVTTABLE POINT = (37600000,37.36,363.283447821296,363.283447821296,4.18871521638486E-06,4.18871521638486E-06,-1.41112907811489,-1.41112907811489,1,4.12231820638675E-05,4.12231820638675E-05,2644.41850972069,2644.41850972069,-199720.017249711,-199720.017249711,9.39246929864405E-02,9.39246929864405E-02,100000000000,-2143.62253366935,-2143.62253366935)
PVTTABLE POINT = (37600000,38.72,361.369431716889,361.369431716889,4.21403829297879E-06,4.21403829297879E-06,-1.40357820777883,-1.40357820777883,1,4.09740664103779E-05,4.09740664103779E-05,2644.23349241438,2644.23349241438,-196123.725254355,-196123.725254355,0.093492551931043,0.093492551931043,100000000000,-2132.06593541416,-2132.06593541416)
PVTTABLE POINT = (37600000,40.08,359.465774442211,359.465774442211,4.23877352468224E-06,4.23877352468224E-06,-1.39589642847721,-1.39589642847721,1,4.07292650607282E-05,4.07292650607282E-05,2643.97333433866,2643.97333433866,-192527.736215114,-192527.736215114,0.093069175759515,0.093069175759515,100000000000,-2120.56059277653,-2120.56059277653)
PVTTABLE POINT = (37600000,41.44,357.572650256229,357.572650256229,4.26291563267051E-06,4.26291563267051E-06,-1.38808930147673,-1.38808930147673,1,4.04886874747493E-05,4.04886874747493E-05,2643.64015594324,2643.64015594324,-188932.150888371,-188932.150888371,9.26544761711055E-02,9.26544761711055E-02,100000000000,-2109.10638260641,-2109.10638260641)
PVTTABLE POINT = (37600000,42.8,355.690225830491,355.690225830491,4.28646003712695E-06,4.28646003712695E-06,-1.38016242163519,-1.38016242163519,1,4.02522458911584E-05,4.02522458911584E-05,2643.23613535045,2643.23613535045,-185337.067106866,-185337.067106866,9.22483636988193E-02,9.22483636988193E-02,100000000000,-2097.70317407405,-2097.70317407405)
PVTTABLE POINT = (37600000,44.16,353.818660210914,353.818660210914,4.30940285136981E-06,4.30940285136981E-06,-1.37212140645438,-1.37212140645438,1,4.00198552393763E-05,4.00198552393763E-05,2642.76350290625,2642.76350290625,-181742.579704963,-181742.579704963,9.18507478050766E-02,9.18507478050766E-02,100000000000,-2086.35082856591,-2086.35082856591)
PVTTABLE POINT = (37600000,45.52,351.958104794306,351.958104794306,4.33174087416202E-06,4.33174087416202E-06,-1.36397188535642,-1.36397188535642,1,3.97914330521137E-05,3.97914330521137E-05,2642.22453572322,2642.22453572322,-178148.780451334,-178148.780451334,9.14615369766006E-02,9.14615369766006E-02,100000000000,-2075.04919960613,-2075.04919960613)
PVTTABLE POINT = (37600000,46.88,350.108703319297,350.108703319297,4.35347158029021E-06,4.35347158029021E-06,-1.35571948921992,-1.35571948921992,1,3.95668993788889E-05,3.95668993788889E-05,2641.6215522379,2641.6215522379,-174555.757989063,-174555.757989063,9.10806388183258E-02,9.10806388183258E-02,100000000000,-2063.79813280288,-2063.79813280288)
PVTTABLE POINT = (37600000,48.24,348.270591871316,348.270591871316,4.37459310950578E-06,4.37459310950578E-06,-1.3473698402097,-1.3473698402097,1,3.93461767006277E-05,3.93461767006277E-05,2640.95690680379,2640.95690680379,-170963.597783125,-170963.597783125,9.07079601461401E-02,9.07079601461401E-02,100000000000,-2052.5974658189,-2052.5974658189)
PVTTABLE POINT = (37600000,49.6,346.44389890117,346.44389890117,4.39510425392623E-06,4.39510425392623E-06,-1.33892854193082,-1.33892854193082,1,3.91291898454925E-05,3.91291898454925E-05,2640.23298434059,2640.23298434059,-167372.382075191,-167372.382075191,9.03434070782769E-02,9.03434070782769E-02,100000000000,-2041.44702836531,-2041.44702836531)
PVTTABLE POINT = (37600000,50.96,344.628745256787,344.628745256787,4.41500444399969E-06,4.41500444399969E-06,-1.33040116993476,-1.33040116993476,1,3.89158659060694E-05,3.89158659060694E-05,2639.45219505887,2639.45219505887,-163782.189845647,-163782.189845647,8.99868851251827E-02,8.99868851251827E-02,100000000000,-2030.34664221794,-2030.34664221794)
PVTTABLE POINT = (37600000,52.32,342.825244227606,342.825244227606,4.434293733139E-06,4.434293733139E-06,-1.32179326260258,-1.32179326260258,1,3.87061341580422E-05,3.87061341580422E-05,2638.61696927835,2638.61696927835,-160193.096782738,-160193.096782738,8.96382992777075E-02,8.96382992777075E-02,100000000000,-2019.29612125527,-2019.29612125527)
PVTTABLE POINT = (37600000,53.68,341.03350160111,341.03350160111,4.45297278113456E-06,4.45297278113456E-06,-1.31311031242688,-1.31311031242688,1,3.84999259804617E-05,3.84999259804617E-05,2637.72975235685,2637.72975235685,-156605.17525868,-156605.17525868,8.92975540934618E-02,8.92975540934618E-02,100000000000,-2008.29527151682,-2008.29527151682)
PVTTABLE POINT = (37600000,55.04,339.253615730924,339.253615730924,4.471042836457E-06,4.471042836457E-06,-1.30435775771105,-1.30435775771105,1,3.82971747777156E-05,3.82971747777156E-05,2636.79299974539,2636.79299974539,-153018.494312586,-153018.494312586,8.89645537812031E-02,8.89645537812031E-02,100000000000,-1997.34389128132,-1997.34389128132)
PVTTABLE POINT = (37600000,56.4,337.485677615912,337.485677615912,4.4885057175617E-06,4.4885057175617E-06,-1.29554097470179,-1.29554097470179,1,3.80978159032887E-05,3.80978159032887E-05,2635.8091721837,2635.8091721837,-149433.119640026,-149433.119640026,8.86392022831248E-02,8.86392022831248E-02,100000000000,-1986.44177116323,-1986.44177116323)
PVTTABLE POINT = (37600000,57.76,335.729770989671,335.729770989671,4.50536379330722E-06,4.50536379330722E-06,-1.28666527016735,-1.28666527016735,1,3.79017865853961E-05,3.79017865853961E-05,2634.78073104918,2634.78073104918,-145849.113589008,-145849.113589008,8.83214033549281E-02,8.83214033549281E-02,100000000000,-1975.5886942269,-1975.5886942269)
PVTTABLE POINT = (37600000,59.12,333.985972419814,333.985972419814,4.52161996259929E-06,4.52161996259929E-06,-1.27773587443127,-1.27773587443127,1,3.77090258545586E-05,3.77090258545586E-05,2633.71013387062,2633.71013387062,-142266.535162188,-142266.535162188,8.80110606435718E-02,8.80110606435718E-02,100000000000,-1964.78443611705,-1964.78443611705)
PVTTABLE POINT = (37600000,60.48,332.254351416407,332.254351416407,4.53727763337071E-06,4.53727763337071E-06,-1.26875793486864,-1.26875793486864,1,3.75194744731801E-05,3.75194744731801E-05,2632.59983001694,2632.59983001694,-138685.440025053,-138685.440025053,8.77080777626024E-02,8.77080777626024E-02,100000000000,-1954.0287652046,-1954.0287652046)
PVTTABLE POINT = (37600000,61.84,330.53497054894,330.53497054894,4.55234070100511E-06,4.55234070100511E-06,-1.25973650986904,-1.25973650986904,1,3.73330748671786E-05,3.73330748671786E-05,2631.45225656955,2631.45225656955,-135105.880519845,-135105.880519845,8.74123583649811E-02,8.74123583649811E-02,100000000000,-1943.32144274664,-1943.32144274664)
PVTTABLE POINT = (37600000,63.2,328.827885571183,328.827885571183,4.56681352631049E-06,4.56681352631049E-06,-1.25067656326778,-1.25067656326778,1,3.71497710597075E-05,3.71497710597075E-05,2630.26983438569,2630.26983438569,-131527.905684976,-131527.905684976,8.71238062133329E-02,8.71238062133329E-02,100000000000,-1932.6622230596,-1932.6622230596)
PVTTABLE POINT = (37600000,64.56,327.133145553306,327.133145553306,4.58070091314497E-06,4.58070091314497E-06,-1.24158295924456,-1.24158295924456,1,3.69695086070005E-05,3.69695086070005E-05,2629.05496435886,2629.05496435886,-127951.56127965,-127951.56127965,8.68423252475542E-02,8.68423252475542E-02,100000000000,-1922.05085370428,-1922.05085370428)
PVTTABLE POINT = (37600000,65.92,325.450793020613,325.450793020613,4.5940080857934E-06,4.5940080857934E-06,-1.23246045768657,-1.23246045768657,1,3.67922345363592E-05,3.67922345363592E-05,2627.81002388084,2627.81002388084,-124376.889813452,-124376.889813452,8.65678196497273E-02,8.65678196497273E-02,100000000000,-1911.48707568196,-1911.48707568196)
PVTTABLE POINT = (37600000,67.28,323.780864098276,323.780864098276,4.60674066618999E-06,4.60674066618999E-06,-1.22331371001049,-1.22331371001049,1,3.66178972862963E-05,3.66178972862963E-05,2626.53736350894,2626.53736350894,-120803.930580593,-120803.930580593,8.63001939063003E-02,8.63001939063003E-02,100000000000,-1900.97062364013,-1900.97062364013)
PVTTABLE POINT = (37600000,68.64,322.123388661433,322.123388661433,4.61890465107688E-06,4.61890465107688E-06,-1.21414725543642,-1.21414725543642,1,3.64464466488383E-05,3.64464466488383E-05,2625.23930384058,2625.23930384058,-117232.719698558,-117232.719698558,8.60393528674998E-02,8.60393528674998E-02,100000000000,-1890.50122608721,-1890.50122608721)
PVTTABLE POINT = (38200000,2,417.942195839726,417.942195839726,3.2861438225361E-06,3.2861438225361E-06,-1.52967628259645,-1.52967628259645,1,5.00273375758797E-05,5.00273375758797E-05,2608.87725424792,2608.87725424792,-292967.287380681,-292967.287380681,0.109171053327081,0.109171053327081,100000000000,-2467.64739978952,-2467.64739978952)
PVTTABLE POINT = (38200000,3.36,415.863489375964,415.863489375964,3.32177000403013E-06,3.32177000403013E-06,-1.52720810879592,-1.52720810879592,1,4.96207540300693E-05,4.96207540300693E-05,2611.09346016002,2611.09346016002,-289417.697003439,-289417.697003439,0.108486653953436,0.108486653953436,100000000000,-2454.77861709772,-2454.77861709772)
PVTTABLE POINT = (38200000,4.72,413.788289877685,413.788289877685,3.35717585743084E-06,3.35717585743084E-06,-1.5245191474733,-1.5245191474733,1,4.92221425798533E-05,4.92221425798533E-05,2613.218470464,2613.218470464,-285865.154512808,-285865.154512808,0.107812533127718,0.107812533127718,100000000000,-2441.96232345227,-2441.96232345227)
PVTTABLE POINT = (38200000,6.08,411.716896881243,411.716896881243,3.39234350232947E-06,3.39234350232947E-06,-1.52161051804284,-1.52161051804284,1,4.883131097616E-05,4.883131097616E-05,2615.25158147025,2615.25158147025,-282309.784426571,-282309.784426571,0.107148662478678,0.107148662478678,100000000000,-2429.19845332479,-2429.19845332479)
PVTTABLE POINT = (38200000,7.44,409.649608241641,409.649608241641,3.42725521627424E-06,3.42725521627424E-06,-1.5184835734911,-1.5184835734911,1,4.84480716289071E-05,4.84480716289071E-05,2617.19220721836,2617.19220721836,-278751.71213966,-278751.71213966,0.106495010697601,0.106495010697601,100000000000,-2416.48694527603,-2416.48694527603)
PVTTABLE POINT = (38200000,8.8,407.586719815724,407.586719815724,3.46189346898417E-06,3.46189346898417E-06,-1.51513989901876,-1.51513989901876,1,4.80722415646039E-05,4.80722415646039E-05,2619.03988092403,2619.03988092403,-275191.063763015,-275191.063763015,0.105851543552857,0.105851543552857,100000000000,-2403.82774130383,-2403.82774130383)
PVTTABLE POINT = (38200000,10.16,405.528525147675,405.528525147675,3.496240956247E-06,3.496240956247E-06,-1.51158131000085,-1.51158131000085,1,4.77036423807232E-05,4.77036423807232E-05,2620.79425609286,2620.79425609286,-271627.965960714,-271627.965960714,0.105218223911169,0.105218223911169,100000000000,-2391.22078620071,-2391.22078620071)
PVTTABLE POINT = (38200000,11.52,403.475315157752,403.475315157752,3.53028063335648E-06,3.53028063335648E-06,-1.50780984926931,-1.50780984926931,1,4.73421001968979E-05,4.73421001968979E-05,2622.45510729384,2622.45510729384,-268062.545785811,-268062.545785811,0.104595011765373,0.104595011765373,100000000000,-2378.66602692227,-2378.66602692227)
PVTTABLE POINT = (38200000,12.88,401.42737783517,401.42737783517,3.56399574794574E-06,3.56399574794574E-06,-1.50382778372542,-1.50382778372542,1,4.69874456030008E-05,4.69874456030008E-05,2624.02233058707,2624.02233058707,-264494.930515364,-264494.930515364,0.103981864268429,0.103981864268429,100000000000,-2366.16341196779,-2366.16341196779)
PVTTABLE POINT = (38200000,14.24,399.38499793605,399.38499793605,3.59736987207564E-06,3.59736987207564E-06,-1.49963760029383,-1.49963760029383,1,4.66395136041832E-05,4.66395136041832E-05,2625.49594360227,2625.49594360227,-260925.247485107,-260925.247485107,0.103378735773409,0.103378735773409,100000000000,-2353.71289077436,-2353.71289077436)
PVTTABLE POINT = (38200000,15.6,397.348456687298,397.348456687298,3.63038693344134E-06,3.63038693344134E-06,-1.4952420012333,-1.4952420012333,1,4.62981435629573E-05,4.62981435629573E-05,2626.87608526655,2626.87608526655,-257353.623924268,-257353.623924268,0.102785577879171,0.102785577879171,100000000000,-2341.31441312566,-2341.31441312566)
PVTTABLE POINT = (38200000,16.96,395.318031497299,395.318031497299,3.66303124556402E-06,3.66303124556402E-06,-1.49064389882327,-1.49064389882327,1,4.59631791384214E-05,4.59631791384214E-05,2628.16301518192,2628.16301518192,-253780.186790985,-253780.186790985,0.102202339481424,0.102202339481424,100000000000,-2328.96792857688,-2328.96792857688)
PVTTABLE POINT = (38200000,18.32,393.293995674243,393.293995674243,3.69528753684105E-06,3.69528753684105E-06,-1.48584640944889,-1.48584640944889,1,4.56344682227336E-05,4.56344682227336E-05,2629.35711265497,2629.35711265497,-250205.062608804,-250205.062608804,0.10162896682886,0.10162896682886,100000000000,-2316.67338589666,-2316.67338589666)
PVTTABLE POINT = (38200000,19.68,391.276618152889,391.276618152889,3.72714097833399E-06,3.72714097833399E-06,-1.48085284711021,-1.48085284711021,1,4.53118628749571E-05,4.53118628749571E-05,2630.45887538325,2630.45887538325,-246628.377304746,-246628.377304746,0.101065403584031,0.101065403584031,100000000000,-2304.43073252748,-2304.43073252748)
PVTTABLE POINT = (38200000,21.04,389.266163230538,389.266163230538,3.75857721018158E-06,3.75857721018158E-06,-1.47566671638502,-1.47566671638502,1,4.49952192524042E-05,4.49952192524042E-05,2631.46891780459,2631.46891780459,-243050.256049368,-243050.256049368,0.100511590888649,0.100511590888649,100000000000,-2292.23991406529,-2292.23991406529)
PVTTABLE POINT = (38200000,22.4,387.262890312922,387.262890312922,3.78958236653295E-06,3.78958236653295E-06,-1.4702917048771,-1.4702917048771,1,4.46843975396205E-05,4.46843975396205E-05,2632.38796911776,2632.38796911776,-239470.823099319,-239470.823099319,9.99674674329544E-02,9.99674674329544E-02,100000000000,-2280.10087375963,-2280.10087375963)
PVTTABLE POINT = (38200000,23.76,385.2670536707,385.2670536707,3.82014309890534E-06,3.82014309890534E-06,-1.46473167518485,-1.46473167518485,1,4.43792618751575E-05,4.43792618751575E-05,2633.21687098444,2633.21687098444,-235890.201642778,-235890.201642778,9.94329695288359E-02,9.94329695288359E-02,100000000000,-2268.01355203499,-2268.01355203499)
PVTTABLE POINT = (38200000,25.12,383.278902207178,383.278902207178,3.85024659788021E-06,3.85024659788021E-06,-1.45899065642756,-1.45899065642756,1,4.40796802762894E-05,4.40796802762894E-05,2633.95657492434,2633.95657492434,-232308.513648252,-232308.513648252,9.89080311863512E-02,9.89080311863512E-02,100000000000,-2255.97788603428,-2255.97788603428)
PVTTABLE POINT = (38200000,26.48,381.298679237837,381.298679237837,3.87988061306192E-06,3.87988061306192E-06,-1.45307283536853,-1.45307283536853,1,4.37855245618414E-05,4.37855245618414E-05,2634.60813941688,2634.60813941688,-228725.879717102,-228725.879717102,9.83925841933219E-02,9.83925841933219E-02,100000000000,-2243.9938091853,-2243.9938091853)
PVTTABLE POINT = (38200000,27.84,379.326622282175,379.326622282175,3.90903347123371E-06,3.90903347123371E-06,-1.44698254717631,-1.44698254717631,1,4.34966702732961E-05,4.34966702732961E-05,2635.17272672439,2635.17272672439,-225142.418940212,-225142.418940212,9.78865581976713E-02,9.78865581976713E-02,100000000000,-2232.06125079069,-2232.06125079069)
PVTTABLE POINT = (38200000,29.2,377.362962868347,377.362962868347,3.93769409265668E-06,3.93769409265668E-06,-1.44072426586673,-1.44072426586673,1,4.32129965943584E-05,4.32129965943584E-05,2635.65159945315,2635.65159945315,-221558.248759149,-221558.248759149,9.73898807921783E-02,9.73898807921783E-02,100000000000,-2220.18013564213,-2220.18013564213)
PVTTABLE POINT = (38200000,30.56,375.407926350988,375.407926350988,3.96585200546863E-06,3.96585200546863E-06,-1.43430259446941,-1.43430259446941,1,4.29343862691561E-05,4.29343862691561E-05,2636.04611686967,2636.04611686967,-217973.484832175,-217973.484832175,0.096902477601333,0.096902477601333,100000000000,-2208.35038365913,-2208.35038365913)
PVTTABLE POINT = (38200000,31.92,373.461731742575,373.461731742575,3.9934973581511E-06,3.9934973581511E-06,-1.42772225496356,-1.42772225496356,1,4.26607255192625E-05,4.26607255192625E-05,2636.35773099112,2636.35773099112,-214388.24090543,-214388.24090543,9.64242723699838E-02,9.64242723699838E-02,100000000000,-2196.57190955285,-2196.57190955285)
PVTTABLE POINT = (38200000,33.28,371.524591558608,371.524591558608,4.0206209300442E-06,4.0206209300442E-06,-1.42098807802797,-1.42098807802797,1,4.23919039597254E-05,4.23919039597254E-05,2636.58798246926,2636.58798246926,-210802.628689553,-210802.628689553,9.59551870534743E-02,9.59551870534743E-02,100000000000,-2184.84462251532,-2184.84462251532)
PVTTABLE POINT = (38200000,34.64,369.596711676827,369.596711676827,4.04721413990003E-06,4.04721413990003E-06,-1.41410499265057,-1.41410499265057,1,4.21278145142914E-05,4.21278145142914E-05,2636.73849628827,2636.73849628827,-207216.757742059,-207216.757742059,9.54951419089797E-02,9.54951419089797E-02,100000000000,-2173.1684259341,-2173.1684259341)
PVTTABLE POINT = (38200000,36,367.678291210639,367.678291210639,4.07326905247668E-06,4.07326905247668E-06,-1.40707801564254,-1.40707801564254,1,4.18683533300124E-05,4.18683533300124E-05,2636.81097729755,2636.81097729755,-203630.73535566,-203630.73535566,9.50440555877631E-02,9.50440555877631E-02,100000000000,-2161.54321713268,-2161.54321713268)
PVTTABLE POINT = (38200000,37.36,365.769522396836,365.769522396836,4.09877838318552E-06,4.09877838318552E-06,-1.39991224110145,-1.39991224110145,1,4.16134196914203E-05,4.16134196914203E-05,2636.80720560074,2636.80720560074,-200044.666452769,-200044.666452769,9.46018452280781E-02,9.46018452280781E-02,100000000000,-2149.9688871364,-2149.9688871364)
PVTTABLE POINT = (38200000,38.72,363.87059049766,363.87059049766,4.12373550081492E-06,4.12373550081492E-06,-1.3926128298673,-1.3926128298673,1,4.1362915934456E-05,4.1362915934456E-05,2636.72903182275,2636.72903182275,-196458.653486362,-196458.653486362,9.41684265484602E-02,9.41684265484602E-02,100000000000,-2138.44532046395,-2138.44532046395)
PVTTABLE POINT = (38200000,40.08,361.981673717183,361.981673717183,4.1481344283636E-06,4.1481344283636E-06,-1.38518499901383,-1.38518499901383,1,4.11167473603336E-05,4.11167473603336E-05,2636.5783722766,2636.5783722766,-192872.796347345,-192872.796347345,9.37437139411585E-02,9.37437139411585E-02,100000000000,-2126.97239494426,-2126.97239494426)
PVTTABLE POINT = (38200000,41.44,360.102943131935,360.102943131935,4.17196984202603E-06,4.17196984202603E-06,-1.3776340114166,-1.3776340114166,1,4.08748221495164E-05,4.08748221495164E-05,2636.3572040517,2636.3572040517,-189287.192278548,-189287.192278548,9.33276205654663E-02,9.33276205654663E-02,100000000000,-2115.54998155843,-2115.54998155843)
PVTTABLE POINT = (38200000,42.8,358.234562635645,358.234562635645,4.19523706838136E-06,4.19523706838136E-06,-1.36996516543718,-1.36996516543718,1,4.06370512759813E-05,4.06370512759813E-05,2636.06756004539,2636.06756004539,-185701.935795446,-185701.935795446,9.29200584407283E-02,9.29200584407283E-02,100000000000,-2104.17794430643,-2104.17794430643)
PVTTABLE POINT = (38200000,44.16,356.376688897907,356.376688897907,4.21793207984531E-06,4.21793207984531E-06,-1.36218378476141,-1.36218378476141,1,4.04033484219342E-05,4.04033484219342E-05,2635.71152395872,2635.71152395872,-182117.118613659,-182117.118613659,9.25209385388036E-02,9.25209385388036E-02,100000000000,-2092.85614009805,-2092.85614009805)
PVTTABLE POINT = (38200000,45.52,354.529471336544,354.529471336544,4.24005148845226E-06,4.24005148845226E-06,-1.35429520842728,-1.35429520842728,1,4.01736298931426E-05,4.01736298931426E-05,2635.29122527731,2635.29122527731,-178532.829583271,-178532.829583271,9.21301708757839E-02,9.21301708757839E-02,100000000000,-2081.58441866762,-2081.58441866762)
PVTTABLE POINT = (38200000,46.88,352.693052103387,352.693052103387,4.26159253804108E-06,4.26159253804108E-06,-1.34630478107611,-1.34630478107611,1,3.99478145350349E-05,3.99478145350349E-05,2634.80883425756,2634.80883425756,-174949.154629973,-174949.154629973,9.17476646027681E-02,9.17476646027681E-02,100000000000,-2070.36262251196,-2070.36262251196)
PVTTABLE POINT = (38200000,48.24,350.867566083139,350.867566083139,4.28255309492451E-06,4.28255309492451E-06,-1.33821784345792,-1.33821784345792,1,3.97258236497164E-05,3.97258236497164E-05,2634.26655693741,2634.26655693741,-171366.176703012,-171366.176703012,9.13733280955139E-02,9.13733280955139E-02,100000000000,-2059.19058685082,-2059.19058685082)
PVTTABLE POINT = (38200000,49.6,349.053140904969,349.053140904969,4.30293163712711E-06,4.30293163712711E-06,-1.33003972321983,-1.33003972321983,1,3.9507580914038E-05,3.9507580914038E-05,2633.66663019048,2633.66663019048,-167783.975729901,-167783.975729901,9.10070690427914E-02,9.10070690427914E-02,100000000000,-2048.06813960917,-2048.06813960917)
PVTTABLE POINT = (38200000,50.96,347.249896966416,347.249896966416,4.32272724228068E-06,4.32272724228068E-06,-1.32177572600342,-1.32177572600342,1,3.92930122988484E-05,3.92930122988484E-05,2633.01131684111,2633.01131684111,-164202.628577807,-164202.628577807,9.06487945332746E-02,9.06487945332746E-02,100000000000,-2036.9951014205,-2036.9951014205)
PVTTABLE POINT = (38200000,52.32,345.457947469186,345.457947469186,4.34193957427055E-06,4.34193957427055E-06,-1.31343112687448,-1.31343112687448,1,3.908204598955E-05,3.908204598955E-05,2632.30290085708,2632.30290085708,-160622.209021536,-160622.209021536,9.02984111408237E-02,9.02984111408237E-02,100000000000,-2025.97128565038,-2025.97128565038)
PVTTABLE POINT = (38200000,53.68,343.677398466368,343.677398466368,4.36056886872778E-06,4.36056886872778E-06,-1.30501116210601,-1.30501116210601,1,3.88746123080701E-05,3.88746123080701E-05,2631.54368263556,2631.54368263556,-157042.787718002,-157042.787718002,8.99558250080135E-02,8.99558250080135E-02,100000000000,-2014.9964984394,-2014.9964984394)
PVTTABLE POINT = (38200000,55.04,341.908348920562,341.908348920562,4.37861591746534E-06,4.37861591746534E-06,-1.29652102133222,-1.29652102133222,1,3.8670643636349E-05,3.8670643636349E-05,2630.73597439686,2630.73597439686,-153464.432187019,-153464.432187019,8.96209419277772E-02,8.96209419277772E-02,100000000000,-2004.07053876451,-2004.07053876451)
PVTTABLE POINT = (38200000,56.4,340.150890772432,340.150890772432,4.39608205195695E-06,4.39608205195695E-06,-1.28796584008923,-1.28796584008923,1,3.84700743414378E-05,3.84700743414378E-05,2629.88209569921,2629.88209569921,-149887.206798295,-149887.206798295,8.92936674230464E-02,8.92936674230464E-02,100000000000,-1993.19319851797,-1993.19319851797)
PVTTABLE POINT = (38200000,57.76,338.405109019122,338.405109019122,4.41296912595811E-06,4.41296912595811E-06,-1.27935069275478,-1.27935069275478,1,3.82728407022889E-05,3.82728407022889E-05,2628.98436908675,2628.98436908675,-146311.17276442,-146311.17276442,8.89739068242758E-02,8.89739068242758E-02,100000000000,-1982.36426260281,-1982.36426260281)
PVTTABLE POINT = (38200000,59.12,336.671081802003,336.671081802003,4.42927949736856E-06,4.42927949736856E-06,-1.27068058589738,-1.27068058589738,1,3.80788808383109E-05,3.80788808383109E-05,2628.04511588158,2628.04511588158,-142736.388139687,-142736.388139687,8.86615653447553E-02,8.86615653447553E-02,100000000000,-1971.58350904396,-1971.58350904396)
PVTTABLE POINT = (38200000,60.48,334.94888050318,334.94888050318,4.44501600943461E-06,4.44501600943461E-06,-1.26196045204211,-1.26196045204211,1,3.78881346397531E-05,3.78881346397531E-05,2627.06665212966,2627.06665212966,-139162.907824531,-139162.907824531,8.83565481536149E-02,8.83565481536149E-02,100000000000,-1960.85070911394,-1960.85070911394)
PVTTABLE POINT = (38200000,61.84,333.238569850189,333.238569850189,4.46018197138864E-06,4.46018197138864E-06,-1.25319514385842,-1.25319514385842,1,3.77005436999729E-05,3.77005436999729E-05,2626.05128470875,2626.05128470875,-135590.783575363,-135590.783575363,8.80587604464497E-02,8.80587604464497E-02,100000000000,-1950.16562747214,-1950.16562747214)
PVTTABLE POINT = (38200000,63.2,331.540208028317,331.540208028317,4.47478113862063E-06,4.47478113862063E-06,-1.24438942877249,-1.24438942877249,1,3.75160512496315E-05,3.75160512496315E-05,2625.00130760595,2625.00130760595,-132020.064019597,-132020.064019597,0.08776810751349,0.08776810751349,100000000000,-1939.52802231676,-1939.52802231676)
PVTTABLE POINT = (38200000,64.56,329.853846799951,329.853846799951,4.48881769247464E-06,4.48881769247464E-06,-1.23554798400477,-1.23554798400477,1,3.73346020928531E-05,3.73346020928531E-05,2623.91899837054,2623.91899837054,-128450.794675608,-128450.794675608,0.08748449480526,0.08748449480526,100000000000,-1928.93764554835,-1928.93764554835)
PVTTABLE POINT = (38200000,65.92,328.179531630396,328.179531630396,4.5022962197599E-06,4.5022962197599E-06,-1.226675392031,-1.226675392031,1,3.71561425453769E-05,3.71561425453769E-05,2622.80661474732,2622.80661474732,-124883.017977404,-124883.017977404,8.72078279956765E-02,8.72078279956765E-02,100000000000,-1918.39424294389,-1918.39424294389)
PVTTABLE POINT = (38200000,67.28,326.517301819572,326.517301819572,4.5152216920631E-06,4.5152216920631E-06,-1.21777613646325,-1.21777613646325,1,3.69806203747194E-05,3.69806203747194E-05,2621.66639149384,2621.66639149384,-121316.773303736,-121316.773303736,8.69380130425469E-02,8.69380130425469E-02,100000000000,-1907.89755434059,-1907.89755434059)
PVTTABLE POINT = (38200000,68.64,324.867190639038,324.867190639038,4.52759944494451E-06,4.52759944494451E-06,-1.20885459834541,-1.20885459834541,1,3.68079847423585E-05,3.68079847423585E-05,2620.50053738446,2620.50053738446,-117752.097011427,-117752.097011427,8.66749562454369E-02,8.66749562454369E-02,100000000000,-1897.44731382828,-1897.44731382828)
PVTTABLE POINT = (38800000,2,419.893257863261,419.893257863261,3.21784475566488E-06,3.21784475566488E-06,-1.51412445355479,-1.51412445355479,1,5.04625580313849E-05,5.04625580313849E-05,2600.07551096314,2600.07551096314,-292966.688900426,-292966.688900426,0.109850082469844,0.109850082469844,100000000000,-2472.85057832386,-2472.85057832386)
PVTTABLE POINT = (38800000,3.36,417.835641241165,417.835641241165,3.25252502239998E-06,3.25252502239998E-06,-1.51174675218088,-1.51174675218088,1,5.00535892608497E-05,5.00535892608497E-05,2602.29420082082,2602.29420082082,-289429.067678112,-289429.067678112,0.109166249648378,0.109166249648378,100000000000,-2460.02518895608,-2460.02518895608)
PVTTABLE POINT = (38800000,4.72,415.781403300643,415.781403300643,3.28699782851172E-06,3.28699782851172E-06,-1.50915596258619,-1.50915596258619,1,4.96526400652687E-05,4.96526400652687E-05,2604.4258848917,2604.4258848917,-285888.488118459,-285888.488118459,0.108492619993917,0.108492619993917,100000000000,-2447.25205328417,-2447.25205328417)
PVTTABLE POINT = (38800000,6.08,413.730833145608,413.730833145608,3.32124626733507E-06,3.32124626733507E-06,-1.50635314497885,-1.50635314497885,1,4.92595178128675E-05,4.92595178128675E-05,2606.46988485725,2606.46988485725,-282345.069023001,-282345.069023001,0.107829164916593,0.107829164916593,100000000000,-2434.53108755642,-2434.53108755642)
PVTTABLE POINT = (38800000,7.44,411.684218289023,411.684218289023,3.35525357586187E-06,3.35525357586187E-06,-1.5033395786281,-1.5033395786281,1,4.88740344639496E-05,4.88740344639496E-05,2608.42563264387,2608.42563264387,-278798.930040988,-278798.930040988,0.107175852978037,0.107175852978037,100000000000,-2421.86221227069,-2421.86221227069)
PVTTABLE POINT = (38800000,8.8,409.641844355761,409.641844355761,3.38900316615616E-06,3.38900316615616E-06,-1.50011676060632,-1.50011676060632,1,4.84960065301782E-05,4.84960065301782E-05,2610.29267175185,2610.29267175185,-275250.191518512,-275250.191518512,0.106532649905044,0.106532649905044,100000000000,-2409.2453515558,-2409.2453515558)
PVTTABLE POINT = (38800000,10.16,407.603994787599,407.603994787599,3.42247865649286E-06,3.42247865649286E-06,-1.49668640390998,-1.49668640390998,1,4.81252550308187E-05,4.81252550308187E-05,2612.07065828139,2612.07065828139,-271698.974346038,-271698.974346038,0.105899518609722,0.105899518609722,100000000000,-2396.68043256218,-2396.68043256218)
PVTTABLE POINT = (38800000,11.52,405.570950551192,405.570950551192,3.45566390209078E-06,3.45566390209078E-06,-1.49305043496293,-1.49305043496293,1,4.7761605445987E-05,4.7761605445987E-05,2613.7593616492,2613.7593616492,-268145.39980474,-268145.39980474,0.105276419215932,0.105276419215932,100000000000,-2384.16738486288,-2384.16738486288)
PVTTABLE POINT = (38800000,12.88,403.542989849853,403.542989849853,3.48854302531191E-06,3.48854302531191E-06,-1.48921099050905,-1.48921099050905,1,4.74048876669591E-05,4.74048876669591E-05,2615.35866499084,2615.35866499084,-264589.589412084,-264589.589412084,0.104663309091766,0.104663309091766,100000000000,-2371.70613986623,-2371.70613986623)
PVTTABLE POINT = (38800000,14.24,401.520387839974,401.520387839974,3.52110044520147E-06,3.52110044520147E-06,-1.48517041390439,-1.48517041390439,1,4.70549359436086E-05,4.70549359436086E-05,2616.86856524573,2616.86856524573,-261031.66476708,-261031.66476708,0.104060142887823,0.104060142887823,100000000000,-2359.29663024131,-2359.29663024131)
PVTTABLE POINT = (38800000,15.6,399.503416352888,399.503416352888,3.55332090624584E-06,3.55332090624584E-06,-1.48093125082247,-1.48093125082247,1,4.67115888290501E-05,4.67115888290501E-05,2618.28917292328,2618.28917292328,-257471.747395626,-257471.747395626,0.103466872581009,0.103466872581009,100000000000,-2346.93878935722,-2346.93878935722)
PVTTABLE POINT = (38800000,16.96,397.492343622959,397.492343622959,3.58518950622969E-06,3.58518950622969E-06,-1.47649624438978,-1.47649624438978,1,4.63746891215745E-05,4.63746891215745E-05,2619.62071155071,2619.62071155071,-253909.958596394,-253909.958596394,0.102883447523553,0.102883447523553,100000000000,-2334.63255073747,-2334.63255073747)
PVTTABLE POINT = (38800000,18.32,395.487434022671,395.487434022671,3.61669172307862E-06,3.61669172307862E-06,-1.47186832977141,-1.47186832977141,1,4.60440838039748E-05,4.60440838039748E-05,2620.86351680446,2620.86351680446,-250346.419287681,-250346.419287681,0.102309814496966,0.102309814496966,100000000000,-2322.37784753042,-2322.37784753042)
PVTTABLE POINT = (38800000,19.68,393.488947805435,393.488947805435,3.64781344057882E-06,3.64781344057882E-06,-1.46705062822984,-1.46705062822984,1,4.57196239803711E-05,4.57196239803711E-05,2622.01803532919,2622.01803532919,-246781.249855658,-246781.249855658,0.101745917770601,0.101745917770601,100000000000,-2310.17461199681,-2310.17461199681)
PVTTABLE POINT = (38800000,21.04,391.49714085682,391.49714085682,3.67854097287226E-06,3.67854097287226E-06,-1.46204644068296,-1.46204644068296,1,4.54011648106493E-05,4.54011648106493E-05,2623.08482324991,2623.08482324991,-243214.570004421,-243214.570004421,0.101191699164521,0.101191699164521,100000000000,-2298.02277501536,-2298.02277501536)
PVTTABLE POINT = (38800000,22.4,389.512264454874,389.512264454874,3.70886108763255E-06,3.70886108763255E-06,-1.45685924078975,-1.45685924078975,1,4.50885654426426E-05,4.50885654426426E-05,2624.06454438441,2624.06454438441,-239646.498608291,-239646.498608291,0.100647098116339,0.100647098116339,100000000000,-2285.9222656073,-2285.9222656073)
PVTTABLE POINT = (38800000,23.76,387.534565040151,387.534565040151,3.73876102783484E-06,3.73876102783484E-06,-1.45149266759454,-1.45149266759454,1,4.47816889421879E-05,4.47816889421879E-05,2624.95796816491,2624.95796816491,-236077.153566724,-236077.153566724,0.100112051751703,0.100112051751703,100000000000,-2273.87301048074,-2273.87301048074)
PVTTABLE POINT = (38800000,25.12,385.564283996018,385.564283996018,3.7682285320412E-06,3.7682285320412E-06,-1.44595051776313,-1.44595051776313,1,4.44804022212002E-05,4.44804022212002E-05,2625.76596727932,2625.76596727932,-232506.651662252,-232506.651662252,9.95864949581005E-02,9.95864949581005E-02,100000000000,-2261.87493359558,-2261.87493359558)
PVTTABLE POINT = (38800000,26.48,383.601657439787,383.601657439787,3.79725185313189E-06,3.79725185313189E-06,-1.44023673744573,-1.44023673744573,1,4.41845759639141E-05,4.41845759639141E-05,2626.48951504384,2626.48951504384,-228935.108421813,-228935.108421813,9.90703604616734E-02,9.90703604616734E-02,100000000000,-2249.92795574962,-2249.92795574962)
PVTTABLE POINT = (38800000,27.84,381.646916025139,381.646916025139,3.82581977542217E-06,3.82581977542217E-06,-1.43435541380338,-1.43435541380338,1,4.38940845514463E-05,4.38940845514463E-05,2627.12968252016,2627.12968252016,-225362.637981827,-225362.637981827,9.85635789066969E-02,9.85635789066969E-02,100000000000,-2238.03199418655,-2238.03199418655)
PVTTABLE POINT = (38800000,29.2,379.700284756283,379.700284756283,3.85392163011389E-06,3.85392163011389E-06,-1.42831076623612,-1.42831076623612,1,4.36088059848418E-05,4.36088059848418E-05,2627.68763539162,2627.68763539162,-221789.352957359,-221789.352957359,9.80660789374285E-02,9.80660789374285E-02,100000000000,-2226.18696222637,-2226.18696222637)
PVTTABLE POINT = (38800000,30.56,377.761982814229,377.761982814229,3.88154730904085E-06,3.88154730904085E-06,-1.42210713735187,-1.42210713735187,1,4.33286218067658E-05,4.33286218067658E-05,2628.1646306139,2628.1646306139,-218215.364315688,-218215.364315688,0.097577787282008,0.097577787282008,100000000000,-2214.39276891855,-2214.39276891855)
PVTTABLE POINT = (38800000,31.92,375.832223395487,375.832223395487,3.90868727667689E-06,3.90868727667689E-06,-1.41574898371596,-1.41574898371596,1,4.30534170220115E-05,4.30534170220115E-05,2628.56201285667,2628.56201285667,-214640.781254576,-214640.781254576,0.097098628838109,0.097098628838109,100000000000,-2202.64931871844,-2202.64931871844)
PVTTABLE POINT = (38800000,33.28,373.911213563482,373.911213563482,3.93533258038554E-06,3.93533258038554E-06,-1.40924086642194,-1.40924086642194,1,4.27830800169936E-05,4.27830800169936E-05,2628.88121075368,2628.88121075368,-211065.711085498,-211065.711085498,9.66285267600504E-02,9.66285267600504E-02,100000000000,-2190.95651118711,-2190.95651118711)
PVTTABLE POINT = (38800000,34.64,371.999154112888,371.999154112888,3.96147485890011E-06,3.96147485890011E-06,-1.40258744152391,-1.40258744152391,1,4.25175024783997E-05,4.25175024783997E-05,2629.12373297917,2629.12373297917,-207490.259122111,-207490.259122111,9.61674025470807E-02,9.61674025470807E-02,100000000000,-2179.31424071482,-2179.31424071482)
PVTTABLE POINT = (38800000,36,370.096239447047,370.096239447047,3.98710634903285E-06,3.98710634903285E-06,-1.39579345037122,-1.39579345037122,1,4.22565793111735E-05,4.22565793111735E-05,2629.29116416957,2629.29116416957,-203914.528574148,-203914.528574148,9.57151761325656E-02,9.57151761325656E-02,100000000000,-2167.72239626829,-2167.72239626829)
PVTTABLE POINT = (38800000,37.36,368.202657468571,368.202657468571,4.01221989062113E-06,4.01221989062113E-06,-1.38886370988541,-1.38886370988541,1,4.20002085560001E-05,4.20002085560001E-05,2629.3851607092,2629.3851607092,-200338.620446964,-200338.620446964,0.095271765973811,0.095271765973811,100000000000,-2156.18086116166,-2156.18086116166)
PVTTABLE POINT = (38800000,38.72,366.31858948319,366.31858948319,4.03680892972823E-06,4.03680892972823E-06,-1.38180310281898,-1.38180310281898,1,4.17482913064676E-05,4.17482913064676E-05,2629.40744639961,2629.40744639961,-196762.63344689,-196762.63344689,9.48370891422713E-02,9.48370891422713E-02,100000000000,-2144.68951285113,-2144.68951285113)
PVTTABLE POINT = (38800000,40.08,364.444210116838,364.444210116838,4.06086752012495E-06,4.06086752012495E-06,-1.37461656803444,-1.37461656803444,1,4.15007316260712E-05,4.15007316260712E-05,2629.35980803194,2629.35980803194,-193186.663892548,-193186.663892548,9.44110614139007E-02,9.44110614139007E-02,100000000000,-2133.24822275323,-2133.24822275323)
PVTTABLE POINT = (38800000,41.44,362.579687245919,362.579687245919,4.08439032308675E-06,4.08439032308675E-06,-1.3673090908412,-1.3673090908412,1,4.12574364652275E-05,4.12574364652275E-05,2629.24409088182,2629.24409088182,-189610.80563224,-189610.80563224,9.39935973594139E-02,9.39935973594139E-02,100000000000,-2121.85685608625,-2121.85685608625)
PVTTABLE POINT = (38800000,42.8,360.725181940664,360.725181940664,4.10737260554906E-06,4.10737260554906E-06,-1.35988569342618,-1.35988569342618,1,4.10183155784608E-05,4.10183155784608E-05,2629.06219414625,2629.06219414625,-186035.149967506,-186035.149967506,9.35846104342401E-02,9.35846104342401E-02,100000000000,-2110.51527173473,-2110.51527173473)
PVTTABLE POINT = (38800000,44.16,358.880848421411,358.880848421411,4.12981023667096E-06,4.12981023667096E-06,-1.35235142541265,-1.35235142541265,1,4.0783281441919E-05,4.0783281441919E-05,2628.81606634147,2628.81606634147,-182459.785582921,-182459.785582921,9.31840130679571E-02,9.31840130679571E-02,100000000000,-2099.22332213659,-2099.22332213659)
PVTTABLE POINT = (38800000,45.52,357.046834027623,357.046834027623,4.15169968286392E-06,4.15169968286392E-06,-1.34471135458009,-1.34471135458009,1,4.0552249171371E-05,4.0552249171371E-05,2628.50770068069,2628.50770068069,-178884.798482158,-178884.798482158,9.27917167530121E-02,9.27917167530121E-02,100000000000,-2087.98085319227,-2087.98085319227)
PVTTABLE POINT = (38800000,46.88,355.223279199397,355.223279199397,4.17303800134881E-06,4.17303800134881E-06,-1.33697055777574,-1.33697055777574,1,4.03251364408319E-05,4.03251364408319E-05,2628.13913044981,2628.13913044981,-175310.271930345,-175310.271930345,9.24076321325369E-02,9.24076321325369E-02,100000000000,-2076.78770419567,-2076.78770419567)
PVTTABLE POINT = (38800000,48.24,353.410317471191,353.410317471191,4.19382283230972E-06,4.19382283230972E-06,-1.32913411204668,-1.32913411204668,1,4.01018634019568E-05,4.01018634019568E-05,2627.71242439887,2627.71242439887,-171736.286402706,-171736.286402706,9.20316690870868E-02,9.20316690870868E-02,100000000000,-2065.64370778602,-2065.64370778602)
PVTTABLE POINT = (38800000,49.6,351.608075477445,351.608075477445,4.21405238971787E-06,4.21405238971787E-06,-1.32120708601903,-1.32120708601903,1,3.98823526043341E-05,3.98823526043341E-05,2627.22968216605,2627.22968216605,-168162.919539447,-168162.919539447,9.16637368201333E-02,9.16637368201333E-02,100000000000,-2054.54868992016,-2054.54868992016)
PVTTABLE POINT = (38800000,50.96,349.816672969738,349.816672969738,4.23372545090347E-06,4.23372545090347E-06,-1.31319453154848,-1.31319453154848,1,3.96665289168049E-05,3.96665289168049E-05,2626.69302975061,2626.69302975061,-164590.246106828,-164590.246106828,9.13037439421567E-02,9.13037439421567E-02,100000000000,-2043.50246986464,-2043.50246986464)
PVTTABLE POINT = (38800000,52.32,348.036222845114,348.036222845114,4.25284134495626E-06,4.25284134495626E-06,-1.30510147566439,-1.30510147566439,1,3.94543194499247E-05,3.94543194499247E-05,2626.10461504981,2626.10461504981,-161018.337964359,-161018.337964359,9.09515985531968E-02,9.09515985531968E-02,100000000000,-2032.50486020674,-2032.50486020674)
PVTTABLE POINT = (38800000,53.68,346.266831185145,346.266831185145,4.27139994003877E-06,4.27139994003877E-06,-1.29693291282695,-1.29693291282695,1,3.92456534796776E-05,3.92456534796776E-05,2625.46660347445,2625.46660347445,-157447.264038009,-157447.264038009,9.06072083237237E-02,9.06072083237237E-02,100000000000,-2021.55566688373,-2021.55566688373)
PVTTABLE POINT = (38800000,55.04,344.508597305302,344.508597305302,4.28940162969818E-06,4.28940162969818E-06,-1.28869379751467,-1.28869379751467,1,3.90404623725428E-05,3.90404623725428E-05,2624.78117365632,2624.78117365632,-153877.090299314,-153877.090299314,9.02704805737062E-02,9.02704805737062E-02,100000000000,-2010.65468922952,-2010.65468922952)
PVTTABLE POINT = (38800000,56.4,342.761613814179,342.761613814179,4.30684731826408E-06,4.30684731826408E-06,-1.28038903715722,-1.28038903715722,1,3.88386795120052E-05,3.88386795120052E-05,2624.05051325995,2624.05051325995,-150307.879750267,-150307.879750267,8.99413223497654E-02,8.99413223497654E-02,100000000000,-1999.80172003795,-1999.80172003795)
PVTTABLE POINT = (38800000,57.76,341.025966682081,341.025966682081,4.32373840542044E-06,4.32373840542044E-06,-1.27202348542609,-1.27202348542609,1,3.86402402265948E-05,3.86402402265948E-05,2623.27681491018,2623.27681491018,-146739.692413801,-146739.692413801,8.96196405003064E-02,8.96196405003064E-02,100000000000,-1988.99654564171,-1988.99654564171)
PVTTABLE POINT = (38800000,59.12,339.301735318491,339.301735318491,4.34007677004004E-06,4.34007677004004E-06,-1.26360193589315,-1.26360193589315,1,3.8445081719528E-05,3.8445081719528E-05,2622.4622722456,2622.4622722456,-143172.585329758,-143172.585329758,8.93053417485382E-02,8.93053417485382E-02,100000000000,-1978.23894600614,-1978.23894600614)
PVTTABLE POINT = (38800000,60.48,337.588992657903,337.588992657903,4.35586475336948E-06,4.35586475336948E-06,-1.25512911606523,-1.25512911606523,1,3.82531430000185E-05,3.82531430000185E-05,2621.60907610732,2621.60907610732,-139606.612556104,-139606.612556104,0.088998332763293,0.088998332763293,100000000000,-1967.52869483699,-1967.52869483699)
PVTTABLE POINT = (38800000,61.84,335.88780525351,335.88780525351,4.37110514165177E-06,4.37110514165177E-06,-1.24660968180029,-1.24660968180029,1,3.80643648163132E-05,3.80643648163132E-05,2620.71941087099,2620.71941087099,-136041.825175252,-136041.825175252,8.86985202275744E-02,8.86985202275744E-02,100000000000,-1956.8655597011,-1956.8655597011)
PVTTABLE POINT = (38800000,63.2,334.198233378231,334.198233378231,4.38580114827217E-06,4.38580114827217E-06,-1.23804821210882,-1.23804821210882,1,3.78786895905043E-05,3.78786895905043E-05,2619.79545092923,2619.79545092923,-132478.271305266,-132478.271305266,8.84058109047666E-02,8.84058109047666E-02,100000000000,-1946.2493021593,-1946.2493021593)
PVTTABLE POINT = (38800000,64.56,332.520331132533,332.520331132533,4.39995639551115E-06,4.39995639551115E-06,-1.22944920434201,-1.22944920434201,1,3.7696061355156E-05,3.7696061355156E-05,2618.83935733042,2618.83935733042,-128915.996115733,-128915.996115733,8.81201117024513E-02,8.81201117024513E-02,100000000000,-1935.67967791045,-1935.67967791045)
PVTTABLE POINT = (38800000,65.92,330.854146558545,330.854146558545,4.41357489598578E-06,4.41357489598578E-06,-1.22081706976635,-1.22081706976635,1,3.7516425691781E-05,3.7516425691781E-05,2617.85327457883,2617.85327457883,-125355.041848114,-125355.041848114,8.78413297337835E-02,8.78413297337835E-02,100000000000,-1925.15643694582,-1925.15643694582)
PVTTABLE POINT = (38800000,67.28,329.199721759921,329.199721759921,4.4266610338585E-06,4.4266610338585E-06,-1.21215612952244,-1.21215612952244,1,3.73397296711892E-05,3.73397296711892E-05,2616.83932759987,2616.83932759987,-121795.447840322,-121795.447840322,8.75693723763921E-02,8.75693723763921E-02,100000000000,-1914.67932371278,-1914.67932371278)
PVTTABLE POINT = (38800000,68.64,327.557093026945,327.557093026945,4.43921954588905E-06,4.43921954588905E-06,-1.20347061096416,-1.20347061096416,1,3.7165921795728E-05,3.7165921795728E-05,2615.79961887365,2615.79961887365,-118237.250555321,-118237.250555321,8.73041473287741E-02,8.73041473287741E-02,100000000000,-1904.24807728709,-1904.24807728709)
PVTTABLE POINT = (39400000,2,421.804132315422,421.804132315422,3.15215992368518E-06,3.15215992368518E-06,-1.49898347463021,-1.49898347463021,1,5.08954195698295E-05,5.08954195698295E-05,2591.54989087941,2591.54989087941,-292945.251118623,-292945.251118623,0.110522361874388,0.110522361874388,100000000000,-2477.95413665254,-2477.95413665254)
PVTTABLE POINT = (39400000,3.36,419.767050296884,419.767050296884,3.18593490727122E-06,3.18593490727122E-06,-1.49669100229615,-1.49669100229615,1,5.04840292205461E-05,5.04840292205461E-05,2593.77030530744,2593.77030530744,-289419.224012581,-289419.224012581,0.109839060677819,0.109839060677819,100000000000,-2465.1707809313,-2465.1707809313)
PVTTABLE POINT = (39400000,4.72,417.733226090709,417.733226090709,3.21951429543156E-06,3.21951429543156E-06,-1.4941927246358,-1.4941927246358,1,5.00807054150483E-05,5.00807054150483E-05,2595.9076605101,2595.9076605101,-285890.233543242,-285890.233543242,0.109165889343696,0.109165889343696,100000000000,-2452.43945454802,-2452.43945454802)
PVTTABLE POINT = (39400000,6.08,415.702938931187,415.702938931187,3.25288208488713E-06,3.25288208488713E-06,-1.49148964799902,-1.49148964799902,1,4.96852552039518E-05,4.96852552039518E-05,2597.96130230176,2597.96130230176,-282358.393127636,-282358.393127636,0.108502819086189,0.108502819086189,100000000000,-2439.76005661129,-2439.76005661129)
PVTTABLE POINT = (39400000,7.44,413.676466543972,413.676466543972,3.28602240335953E-06,3.28602240335953E-06,-1.48858298446329,-1.48858298446329,1,4.92974901654516E-05,4.92974901654516E-05,2599.93067989265,2599.93067989265,-278823.817002334,-278823.817002334,0.107849818356834,0.107849818356834,100000000000,-2427.13249062842,-2427.13249062842)
PVTTABLE POINT = (39400000,8.8,411.654084867032,411.654084867032,3.31891953846659E-06,3.31891953846659E-06,-1.48547415066321,-1.48547415066321,1,4.89172263661022E-05,4.89172263661022E-05,2601.81534710997,2601.81534710997,-275286.62008196,-275286.62008196,0.107206852857303,0.107206852857303,100000000000,-2414.55666391733,-2414.55666391733)
PVTTABLE POINT = (39400000,10.16,409.636067773566,409.636067773566,3.35155796637463E-06,3.35155796637463E-06,-1.48216476605293,-1.48216476605293,1,4.85442843187291E-05,4.85442843187291E-05,2603.61496334292,2603.61496334292,-271746.917816247,-271746.917816247,0.106573885558451,0.106573885558451,100000000000,-2402.03248702743,-2402.03248702743)
PVTTABLE POINT = (39400000,11.52,407.622686797669,407.622686797669,3.38392238009206E-06,3.38392238009206E-06,-1.4786566506047,-1.4786566506047,1,4.8178488937516E-05,4.8178488937516E-05,2605.32929420577,2605.32929420577,-268204.82604598,-268204.82604598,0.105950876725424,0.105950876725424,100000000000,-2389.55987317046,-2389.55987317046)
PVTTABLE POINT = (39400000,12.88,405.614210863512,405.614210863512,3.41599771728954E-06,3.41599771728954E-06,-1.47495182194957,-1.47495182194957,1,4.78196694903181E-05,4.78196694903181E-05,2606.9582119146,2606.9582119146,-264660.460858249,-264660.460858249,0.105337783948634,0.105337783948634,100000000000,-2377.13873766247,-2377.13873766247)
PVTTABLE POINT = (39400000,14.24,403.610906018777,403.610906018777,3.44776918753458E-06,3.44776918753458E-06,-1.47105249196974,-1.47105249196974,1,4.74676595482597E-05,4.74676595482597E-05,2608.50169537514,2608.50169537514,-261113.938441374,-261113.938441374,0.104734562180335,0.104734562180335,100000000000,-2364.76899737786,-2364.76899737786)
PVTTABLE POINT = (39400000,15.6,401.613035173104,401.613035173104,3.47922229883058E-06,3.47922229883058E-06,-1.46696106285445,-1.46696106285445,1,4.71222969326887E-05,4.71222969326887E-05,2609.95982998012,2609.95982998012,-257565.374939912,-257565.374939912,0.104141163776557,0.104141163776557,100000000000,-2352.45057021668,-2352.45057021668)
PVTTABLE POINT = (39400000,16.96,399.620857842248,399.620857842248,3.51034288335362E-06,3.51034288335362E-06,-1.46268012263477,-1.46268012263477,1,4.67834236595656E-05,4.67834236595656E-05,2611.33280711662,2611.33280711662,-254014.886310138,-254014.886310138,0.103557538544118,0.103557538544118,100000000000,-2340.18337458597,-2340.18337458597)
PVTTABLE POINT = (39400000,18.32,397.634629898654,397.634629898654,3.54111712228504E-06,3.54111712228504E-06,-1.45821244021499,-1.45821244021499,1,4.64508858813749E-05,4.64508858813749E-05,2612.62092338513,2612.62092338513,-250462.588176389,-250462.588176389,0.102983633792419,0.102983633792419,100000000000,-2327.96732889628,-2327.96732889628)
PVTTABLE POINT = (39400000,19.68,395.654603329128,395.654603329128,3.57153156964219E-06,3.57153156964219E-06,-1.45356095992129,-1.45356095992129,1,4.61245338266584E-05,4.61245338266584E-05,2613.82457953377,2613.82457953377,-246908.595688673,-246908.595688673,0.102419394389732,0.102419394389732,100000000000,-2315.80235107417,-2315.80235107417)
PVTTABLE POINT = (39400000,21.04,393.681026000231,393.681026000231,3.60157317501561E-06,3.60157317501561E-06,-1.44872879559084,-1.44872879559084,1,4.58042217372743E-05,4.58042217372743E-05,2614.94427911251,2614.94427911251,-243353.023381899,-243353.023381899,0.101864762823675,0.101864762823675,100000000000,-2303.68835809164,-2303.68835809164)
PVTTABLE POINT = (39400000,22.4,391.714141432007,391.714141432007,3.63122930512714E-06,3.63122930512714E-06,-1.44371922422666,-1.44371922422666,1,4.54898078034967E-05,4.54898078034967E-05,2615.98062685376,2615.98062685376,-239795.985037153,-239795.985037153,0.101319679265558,0.101319679265558,100000000000,-2291.62526551317,-2291.62526551317)
PVTTABLE POINT = (39400000,23.76,389.75418858063,389.75418858063,3.66048776413003E-06,3.66048776413003E-06,-1.43853567924595,-1.43853567924595,1,4.5181154097079E-05,4.5181154097079E-05,2616.93432678716,2616.93432678716,-236237.593545331,-236237.593545331,0.100784081638285,0.100784081638285,100000000000,-2279.61298706133,-2279.61298706133)
PVTTABLE POINT = (39400000,25.12,387.801401630482,387.801401630482,3.68933681257953E-06,3.68933681257953E-06,-1.43318174335153,-1.43318174335153,1,4.48781265024069E-05,4.48781265024069E-05,2617.80618009772,2617.80618009772,-232677.960773527,-232677.960773527,0.100257905687504,0.100257905687504,100000000000,-2267.65143420136,-2267.65143420136)
PVTTABLE POINT = (39400000,26.48,385.856009796174,385.856009796174,3.71776518501014E-06,3.71776518501014E-06,-1.42766114105759,-1.42766114105759,1,4.45805946458808E-05,4.45805946458808E-05,2618.59708273772,2618.59708273772,-229117.197434496,-229117.197434496,9.97410850556883E-02,9.97410850556883E-02,100000000000,-2255.74051574568,-2255.74051574568)
PVTTABLE POINT = (39400000,27.84,383.91823713494,383.91823713494,3.74576210606396E-06,3.74576210606396E-06,-1.42197773090265,-1.42197773090265,1,4.4288431823664E-05,4.4288431823664E-05,2619.3080228041,2619.3080228041,-225555.41295953,-225555.41295953,9.92335513588329E-02,9.92335513588329E-02,100000000000,-2243.88013747857,-2243.88013747857)
PVTTABLE POINT = (39400000,29.2,381.988302369822,381.988302369822,3.77331730512237E-06,3.77331730512237E-06,-1.41613549738381,-1.41613549738381,1,4.40015149279473E-05,4.40015149279473E-05,2619.94007769403,2619.94007769403,-221992.715375053,-221992.715375053,9.87352342654688E-02,9.87352342654688E-02,100000000000,-2232.07020180169,-2232.07020180169)
PVTTABLE POINT = (39400000,30.56,380.066418723991,380.066418723991,3.80042102940266E-06,3.80042102940266E-06,-1.41013854264729,-1.41013854264729,1,4.37197243718773E-05,4.37197243718773E-05,2620.49441105251,2620.49441105251,-218429.211183217,-218429.211183217,9.82460615776878E-02,9.82460615776878E-02,100000000000,-2220.31060740082,-2220.31060740082)
PVTTABLE POINT = (39400000,31.92,378.152793766512,378.152793766512,3.82706405548932E-06,3.82706405548932E-06,-1.40399107797117,-1.40399107797117,1,4.34429440133047E-05,4.34429440133047E-05,2620.97226952658,2620.97226952658,-214865.005246807,-214865.005246807,9.77659593138883E-02,9.77659593138883E-02,100000000000,-2208.60124893406,-2208.60124893406)
PVTTABLE POINT = (39400000,33.28,376.24762926982,376.24762926982,3.85323769927866E-06,3.85323769927866E-06,-1.39769741507649,-1.39769741507649,1,4.31710610775076E-05,4.31710610775076E-05,2621.37497934161,2621.37497934161,-211300.200678646,-211300.200678646,9.72948517929546E-02,9.72948517929546E-02,100000000000,-2196.94201674188,-2196.94201674188)
PVTTABLE POINT = (39400000,34.64,374.351121079099,374.351121079099,3.8789338243243E-06,3.8789338243243E-06,-1.39126195730336,-1.39126195730336,1,4.29039660790496E-05,4.29039660790496E-05,2621.70394271587,2621.70394271587,-207734.898735809,-207734.898735809,9.68326617195937E-02,9.68326617195937E-02,100000000000,-2185.332796579,-2185.332796579)
PVTTABLE POINT = (39400000,36,372.463458993743,372.463458993743,3.90414484857945E-06,3.90414484857945E-06,-1.38468919068841,-1.38468919068841,1,4.26415527429308E-05,4.26415527429308E-05,2621.96063412979,2621.96063412979,-204169.198718781,-204169.198718781,9.63793102705651E-02,9.63793102705651E-02,100000000000,-2173.77346936845,-2173.77346936845)
PVTTABLE POINT = (39400000,37.36,370.584826660993,370.584826660993,3.92886374954064E-06,3.92886374954064E-06,-1.37798367497996,-1.37798367497996,1,4.23837179251919E-05,4.23837179251919E-05,2622.14659646719,2622.14659646719,-200603.197875798,-200603.197875798,9.59347171815418E-02,9.59347171815418E-02,100000000000,-2162.26391097763,-2162.26391097763)
PVTTABLE POINT = (39400000,38.72,368.715401481812,368.715401481812,3.95308406780568E-06,3.95308406780568E-06,-1.37115003462634,-1.37115003462634,1,4.21303615331309E-05,4.21303615331309E-05,2622.26343704567,2622.26343704567,-197036.991312501,-197036.991312501,9.54988008343612E-02,9.54988008343612E-02,100000000000,-2150.80399201631,-2150.80399201631)
PVTTABLE POINT = (39400000,40.08,366.855354529022,366.855354529022,3.97679990906631E-06,3.97679990906631E-06,-1.3641929497726,-1.3641929497726,1,4.18813864452878E-05,4.18813864452878E-05,2622.31282355368,2622.31282355368,-193470.671907063,-193470.671907063,9.50714783444279E-02,9.50714783444279E-02,100000000000,-2139.39357765662,-2139.39357765662)
PVTTABLE POINT = (39400000,41.44,365.004850477656,365.004850477656,4.00000594456418E-06,4.00000594456418E-06,-1.35711714729927,-1.35711714729927,1,4.16366984313535E-05,4.16366984313535E-05,2622.29647991177,2622.29647991177,-189904.330230889,-189904.330230889,9.46526656480423E-02,9.46526656480423E-02,100000000000,-2128.03252747466,-2128.03252747466)
PVTTABLE POINT = (39400000,42.8,363.164047547451,363.164047547451,4.02269741004519E-06,4.02269741004519E-06,-1.34992739193624,-1.34992739193624,1,4.13962060721545E-05,4.13962060721545E-05,2622.21618207547,2622.21618207547,-186338.054474993,-186338.054474993,9.42422775894456E-02,9.42422775894456E-02,100000000000,-2116.72069531351,-2116.72069531351)
PVTTABLE POINT = (39400000,44.16,361.333097457352,361.333097457352,4.0448701032546E-06,4.0448701032546E-06,-1.34262847748305,-1.34262847748305,1,4.11598206798616E-05,4.11598206798616E-05,2622.07375379713,2622.07375379713,-182771.930382102,-182771.930382102,9.38402280073726E-02,9.38402280073726E-02,100000000000,-2105.45792916728,-2105.45792916728)
PVTTABLE POINT = (39400000,45.52,359.512145391882,359.512145391882,4.06652038002102E-06,4.06652038002102E-06,-1.33522521816572,-1.33522521816572,1,4.09274562185657E-05,4.09274562185657E-05,2621.87106236346,2621.87106236346,-179206.041184555,-179206.041184555,9.34464298209277E-02,9.34464298209277E-02,100000000000,-2094.24407108591,-2094.24407108591)
PVTTABLE POINT = (39400000,46.88,357.701329979136,357.701329979136,4.08764514898332E-06,4.08764514898332E-06,-1.32772244015828,-1.32772244015828,1,4.0699029225359E-05,4.0699029225359E-05,2621.61001432551,2621.61001432551,-175640.467547997,-175640.467547997,9.30607951145952E-02,9.30607951145952E-02,100000000000,-2083.07895710006,-2083.07895710006)
PVTTABLE POINT = (39400000,48.24,355.900783280198,355.900783280198,4.10824186501941E-06,4.10824186501941E-06,-1.32012497329572,-1.32012497329572,1,4.04744587320564E-05,4.04744587320564E-05,2621.29255123704,2621.29255123704,-172075.287520877,-172075.287520877,0.092683235222222,0.092683235222222,100000000000,-2071.96241716578,-2071.96241716578)
PVTTABLE POINT = (39400000,49.6,354.110630789675,354.110630789675,4.12830852144064E-06,4.12830852144064E-06,-1.31243764300279,-1.31243764300279,1,4.02536661876812E-05,4.02536661876812E-05,2620.92064541668,2620.92064541668,-168510.576489738,-168510.576489738,9.23136608098084E-02,9.23136608098084E-02,100000000000,-2060.89427512824,-2060.89427512824)
PVTTABLE POINT = (39400000,50.96,352.330991447044,352.330991447044,4.14784364101906E-06,4.14784364101906E-06,-1.30466526246164,-1.30466526246164,1,4.00365753818379E-05,4.00365753818379E-05,2620.49629574881,2620.49629574881,-164946.407140227,-164946.407140227,9.19519819569573E-02,9.19519819569573E-02,100000000000,-2049.87434870398,-2049.87434870398)
PVTTABLE POINT = (39400000,52.32,350.561977658489,350.561977658489,4.16684626591863E-06,4.16684626591863E-06,-1.29681262503873,-1.29681262503873,1,3.98231123690834E-05,3.98231123690834E-05,2620.02152353702,2620.02152353702,-161382.849423798,-161382.849423798,9.15981082368492E-02,9.15981082368492E-02,100000000000,-2038.90244948105,-2038.90244948105)
PVTTABLE POINT = (39400000,53.68,348.803695328839,348.803695328839,4.18531594660372E-06,4.18531594660372E-06,-1.28888449698963,-1.28888449698963,1,3.96132053944051E-05,3.96132053944051E-05,2619.49836842365,2619.49836842365,-157819.970530005,-157819.970530005,9.12519487946091E-02,9.12519487946091E-02,100000000000,-2027.97838293624,-2027.97838293624)
PVTTABLE POINT = (39400000,55.04,347.056243903238,347.056243903238,4.20325272980066E-06,4.20325272980066E-06,-1.28088561045831,-1.28088561045831,1,3.94067848199017E-05,3.94067848199017E-05,2618.92888438763,2618.92888438763,-154257.834864288,-154257.834864288,9.09134124239488E-02,9.09134124239488E-02,100000000000,-2017.10194846879,-2017.10194846879)
PVTTABLE POINT = (39400000,56.4,345.319716418117,345.319716418117,4.22065714558963E-06,4.22065714558963E-06,-1.27282065678518,-1.27282065678518,1,3.92037830527606E-05,3.92037830527606E-05,2618.31513583224,2618.31513583224,-150696.504031152,-150696.504031152,9.05824076419777E-02,9.05824076419777E-02,100000000000,-2006.27293944974,-2006.27293944974)
PVTTABLE POINT = (39400000,57.76,343.59419956106,343.59419956106,4.23753019370511E-06,4.23753019370511E-06,-1.26469428013607,-1.26469428013607,1,3.90041344746129E-05,3.90041344746129E-05,2617.65919377347,2617.65919377347,-147136.036822589,-147136.036822589,9.02588427620813E-02,9.02588427620813E-02,100000000000,-1995.49114328617,-1995.49114328617)
PVTTABLE POINT = (39400000,59.12,341.879773739107,341.879773739107,4.25387332912357E-06,4.25387332912357E-06,-1.25651107146255,-1.25651107146255,1,3.88077753723428E-05,3.88077753723428E-05,2616.96313213857,2616.96313213857,-143576.489211619,-143576.489211619,8.99426259647804E-02,8.99426259647804E-02,100000000000,-1984.7563414996,-1984.7563414996)
PVTTABLE POINT = (39400000,60.48,340.176513155038,340.176513155038,4.26968844701708E-06,4.26968844701708E-06,-1.2482755628014,-1.2482755628014,1,3.8614643870418E-05,3.8614643870418E-05,2616.22902418357,2616.22902418357,-140017.914350775,-140017.914350775,8.96336653664889E-02,8.96336653664889E-02,100000000000,-1974.06830981754,-1974.06830981754)
PVTTABLE POINT = (39400000,61.84,338.48448589118,338.48448589118,4.28497786715095E-06,4.28497786715095E-06,-1.23999222191971,-1.23999222191971,1,3.84246798648009E-05,3.84246798648009E-05,2615.45893903759,2615.45893903759,-136460.362575387,-136460.362575387,8.93318690861026E-02,8.93318690861026E-02,100000000000,-1963.42681827764,-1963.42681827764)
PVTTABLE POINT = (39400000,63.2,336.803754000256,336.803754000256,4.29974431780247E-06,4.29974431780247E-06,-1.23166544730952,-1.23166544730952,1,3.82378249584929E-05,3.82378249584929E-05,2614.65493838064,2614.65493838064,-132903.881411464,-132903.881411464,8.90371453093548E-02,8.90371453093548E-02,100000000000,-1952.83163134334,-1952.83163134334)
PVTTABLE POINT = (39400000,64.56,335.134373602803,335.134373602803,4.31399091927653E-06,4.31399091927653E-06,-1.22329956353464,-1.22329956353464,1,3.80540223987555E-05,3.80540223987555E-05,2613.8190732609,2613.8190732609,-129348.515588008,-129348.515588008,8.87494023508879E-02,8.87494023508879E-02,100000000000,-1942.28250803043,-1942.28250803043)
PVTTABLE POINT = (39400000,65.92,333.476394990682,333.476394990682,4.32772116709187E-06,4.32772116709187E-06,-1.21489881693001,-1.21489881693001,1,3.78732170160452E-05,3.78732170160452E-05,2612.95338105636,2612.95338105636,-125794.307053556,-125794.307053556,8.84685487139967E-02,8.84685487139967E-02,100000000000,-1931.77920204343,-1931.77920204343)
PVTTABLE POINT = (39400000,67.28,331.829862736188,331.829862736188,4.34093891490983E-06,4.34093891490983E-06,-1.2064673716528,-1.2064673716528,1,3.76953551646918E-05,3.76953551646918E-05,2612.05988258485,2612.05988258485,-122241.294996751,-122241.294996751,8.81944931480084E-02,8.81944931480084E-02,100000000000,-1921.32146192127,-1921.32146192127)
PVTTABLE POINT = (39400000,68.64,330.194815806306,330.194815806306,4.35364835727483E-06,4.35364835727483E-06,-1.19800930608246,-1.19800930608246,1,3.75203846653425E-05,3.75203846653425E-05,2611.14057936559,2611.14057936559,-118689.515870746,-118689.515870746,8.79271447032722E-02,8.79271447032722E-02,100000000000,-1910.90903119113,-1910.90903119113)
PVTTABLE POINT = (40000000,2,423.67634328613,423.67634328613,3.08894301904987E-06,3.08894301904987E-06,-1.4842357421409,-1.4842357421409,1,5.13260441513182E-05,5.13260441513182E-05,2583.28697616775,2583.28697616775,-292903.849795755,-292903.849795755,0.111188117207619,0.111188117207619,100000000000,-2482.9619567269,-2482.9619567269)
PVTTABLE POINT = (40000000,3.36,421.659264301703,421.659264301703,3.12185101174298E-06,3.12185101174298E-06,-1.48202366100261,-1.48202366100261,1,5.09121982777245E-05,5.09121982777245E-05,2585.50845143115,2585.50845143115,-289389.059952666,-289389.059952666,0.110505314900246,0.110505314900246,100000000000,-2470.21934090454,-2470.21934090454)
PVTTABLE POINT = (40000000,4.72,419.645329103169,419.645329103169,3.15457436801114E-06,3.15457436801114E-06,-1.47961267096777,-1.47961267096777,1,5.05064653781854E-05,5.05064653781854E-05,2587.65058953659,2587.65058953659,-285871.302775488,-285871.302775488,0.109832571134103,0.109832571134103,100000000000,-2457.52854021611,-2457.52854021611)
PVTTABLE POINT = (40000000,6.08,417.634807577687,417.634807577687,3.18709792382235E-06,3.18709792382235E-06,-1.47700372925889,-1.47700372925889,1,5.01086522449253E-05,5.01086522449253E-05,2589.71275922707,2589.71275922707,-282350.686602943,-282350.686602943,0.10916985694699,0.10916985694699,100000000000,-2444.88943763058,-2444.88943763058)
PVTTABLE POINT = (40000000,7.44,415.627968178945,415.627968178945,3.21940663491328E-06,3.21940663491328E-06,-1.47419798655355,-1.47419798655355,1,4.97185701355636E-05,4.97185701355636E-05,2591.69442636143,2591.69442636143,-278827.320566367,-278827.320566367,0.108517140696973,0.108517140696973,100000000000,-2432.3019206547,-2432.3019206547)
PVTTABLE POINT = (40000000,8.8,413.625077664752,413.625077664752,3.25148560341168E-06,3.25148560341168E-06,-1.47119678589078,-1.47119678589078,1,4.9336034735231E-05,4.9336034735231E-05,2593.59515503688,2593.59515503688,-275301.314456839,-275301.314456839,0.107874388074272,0.107874388074272,100000000000,-2419.76588077281,-2419.76588077281)
PVTTABLE POINT = (40000000,10.16,411.626400836463,411.626400836463,3.28332010424379E-06,3.28332010424379E-06,-1.4680016610586,-1.4680016610586,1,4.89608661159776E-05,4.89608661159776E-05,2595.41460845926,2595.41460845926,-271772.778590956,-271772.778590956,0.107241562119198,0.107241562119198,100000000000,-2407.28121289538,-2407.28121289538)
PVTTABLE POINT = (40000000,11.52,409.632200280949,409.632200280949,3.31489561122305E-06,3.31489561122305E-06,-1.46461433446572,-1.46461433446572,1,4.85928886935123E-05,4.85928886935123E-05,2597.15254955592,2597.15254955592,-268241.823675597,-268241.823675597,0.106618623245974,0.106618623245974,100000000000,-2394.84781481716,-2394.84781481716)
PVTTABLE POINT = (40000000,12.88,407.642736115808,407.642736115808,3.34619782271789E-06,3.34619782271789E-06,-1.46103671450296,-1.46103671450296,1,4.82319311813191E-05,4.82319311813191E-05,2598.80884132729,2598.80884132729,-264708.560672039,-264708.560672039,0.106005529272207,0.106005529272207,100000000000,-2382.46558668598,-2382.46558668598)
PVTTABLE POINT = (40000000,14.24,405.658265738512,405.658265738512,3.37721268679733E-06,3.37721268679733E-06,-1.45727089240273,-1.45727089240273,1,4.78778265422059E-05,4.78778265422059E-05,2600.38344693461,2600.38344693461,-261173.100659759,-261173.100659759,0.105402235453799,0.105402235453799,100000000000,-2370.13443048309,-2370.13443048309)
PVTTABLE POINT = (40000000,15.6,403.679043580154,403.679043580154,3.40792642575608E-06,3.40792642575608E-06,-1.45331913860747,-1.45331913860747,1,4.75304119373494E-05,4.75304119373494E-05,2601.87642952268,2601.87642952268,-257635.554700316,-257635.554700316,0.104808694525055,0.104808694525055,100000000000,-2357.85424951599,-2357.85424951599)
PVTTABLE POINT = (40000000,16.96,401.705320864466,401.705320864466,3.43832555992326E-06,3.43832555992326E-06,-1.44918389866063,-1.44918389866063,1,4.71895286729082E-05,4.71895286729082E-05,2603.28795177789,2603.28795177789,-254096.033701636,-254096.033701636,0.104224856743706,0.104224856743706,100000000000,-2345.62494792461,-2345.62494792461)
PVTTABLE POINT = (40000000,18.32,399.737345372734,399.737345372734,3.46839693066276E-06,3.46839693066276E-06,-1.44486778863615,-1.44486778863615,1,4.68550221442843E-05,4.68550221442843E-05,2604.61827522303,2604.61827522303,-250554.648283087,-250554.648283087,0.103650669940599,0.103650669940599,100000000000,-2333.4464302017,-2333.4464302017)
PVTTABLE POINT = (40000000,19.68,397.775361215242,397.775361215242,3.49812772247733E-06,3.49812772247733E-06,-1.44037359012498,-1.44037359012498,1,4.65267417781215E-05,4.65267417781215E-05,2605.86775925187,2605.86775925187,-247011.508641693,-247011.508641693,0.103086079573744,0.103086079573744,100000000000,-2321.31860072839,-2321.31860072839)
PVTTABLE POINT = (40000000,21.04,395.819608609815,395.819608609815,3.52750548413381E-06,3.52750548413381E-06,-1.43570424479916,-1.43570424479916,1,4.62045409721377E-05,4.62045409721377E-05,2607.0368599079,2607.0368599079,-243466.724419823,-243466.724419823,0.102531028786442,0.102531028786442,100000000000,-2309.24136332539,-2309.24136332539)
PVTTABLE POINT = (40000000,22.4,393.870323668033,393.870323668033,3.55651814873145E-06,3.55651814873145E-06,-1.43086284857634,-1.43086284857634,1,4.58882770328939E-05,4.58882770328939E-05,2608.12612841276,2608.12612841276,-239920.404574731,-239920.404574731,0.101985458469192,0.101985458469192,100000000000,-2297.21462082091,-2297.21462082091)
PVTTABLE POINT = (40000000,23.76,391.927738189641,391.927738189641,3.58515405264229E-06,3.58515405264229E-06,-1.4258526454095,-1.4258526454095,1,4.55778111116107E-05,4.55778111116107E-05,2609.13620945133,2609.13620945133,-236372.657250242,-236372.657250242,0.101449307325062,0.101449307325062,100000000000,-2285.23827463577,-2285.23827463577)
PVTTABLE POINT = (40000000,25.12,389.99207946564,389.99207946564,3.6134019532579E-06,3.6134019532579E-06,-1.42067702072826,-1.42067702072826,1,4.52730081381516E-05,4.52730081381516E-05,2610.06783922152,2610.06783922152,-232823.589650948,-232823.589650948,0.100922511938244,0.100922511938244,100000000000,-2273.31222438631,-2273.31222438631)
PVTTABLE POINT = (40000000,26.48,388.063570090527,388.063570090527,3.6412510454841E-06,3.6412510454841E-06,-1.41533949455987,-1.41533949455987,1,4.49737367532937E-05,4.49737367532937E-05,2610.92184325817,2610.92184325817,-229273.307919206,-229273.307919206,0.100405006845467,0.100405006845467,100000000000,-2261.43636750581,-2261.43636750581)
PVTTABLE POINT = (40000000,27.84,386.142427784079,386.142427784079,3.66869097693245E-06,3.66869097693245E-06,-1.40984371435936,-1.40984371435936,1,4.46798692394171E-05,4.46798692394171E-05,2611.69913404123,2611.69913404123,-225721.917015236,-225721.917015236,9.98967246099759E-02,9.98967246099759E-02,100000000000,-2249.61059888477,-2249.61059888477)
PVTTABLE POINT = (40000000,29.2,384.228865223083,384.228865223083,3.69571186176399E-06,3.69571186176399E-06,-1.40419344757935,-1.40419344757935,1,4.43912814497455E-05,4.43912814497455E-05,2612.40070839971,2612.40070839971,-222169.520600626,-222169.520600626,9.93975958977908E-02,9.93975958977908E-02,100000000000,-2237.83481053058,-2237.83481053058)
PVTTABLE POINT = (40000000,30.56,382.32308988332,382.32308988332,3.72230429314902E-06,3.72230429314902E-06,-1.39839257401097,-1.39839257401097,1,4.41078527362761E-05,4.41078527362761E-05,2613.02764472356,2613.02764472356,-218616.220925486,-218616.220925486,0.098907549555932,0.098907549555932,100000000000,-2226.10889124687,-2226.10889124687)
PVTTABLE POINT = (40000000,31.92,380.425303892104,380.425303892104,3.74845935431386E-06,3.74845935431386E-06,-1.39244507792823,-1.39244507792823,1,4.382946587654E-05,4.382946587654E-05,2613.58109999661,2613.58109999661,-215062.118719528,-215062.118719528,9.84265126923466E-02,9.84265126923466E-02,100000000000,-2214.43272633293,-2214.43272633293)
PVTTABLE POINT = (40000000,33.28,378.535703891629,378.535703891629,3.7741686281535E-06,3.7741686281535E-06,-1.38635504006826,-1.38635504006826,1,4.35560069993376E-05,4.35560069993376E-05,2614.06230666424,2614.06230666424,-211507.313087287,-211507.313087287,9.79544107572481E-02,9.79544107572481E-02,100000000000,-2202.80619730339,-2202.80619730339)
PVTTABLE POINT = (40000000,34.64,376.654480913298,376.654480913298,3.79942420539656E-06,3.79942420539656E-06,-1.38012662948053,-1.38012662948053,1,4.32873655095938E-05,4.32873655095938E-05,2614.47256935031,2614.47256935031,-207951.901407712,-207951.901407712,9.74911676256018E-02,9.74911676256018E-02,100000000000,-2191.22918162824,-2191.22918162824)
PVTTABLE POINT = (40000000,36,374.781820263231,374.781820263231,3.82421869131687E-06,3.82421869131687E-06,-1.37376409527787,-1.37376409527787,1,4.3023434012481E-05,4.3023434012481E-05,2614.81326143801,2614.81326143801,-204395.979238311,-204395.979238311,9.70367056804993E-02,9.70367056804993E-02,100000000000,-2179.70155249348,-2179.70155249348)
PVTTABLE POINT = (40000000,37.36,372.917901419015,372.917901419015,3.84854521099345E-06,3.84854521099345E-06,-1.36727175832201,-1.36727175832201,1,4.27641082369577E-05,4.27641082369577E-05,2615.08582153012,2615.08582153012,-200839.640224036,-200839.640224036,9.65909458971681E-02,9.65909458971681E-02,100000000000,-2168.22317858222,-2168.22317858222)
PVTTABLE POINT = (40000000,38.72,371.062897937809,371.062897937809,3.87239741312771E-06,3.87239741312771E-06,-1.36065400287591,-1.36065400287591,1,4.25092869588687E-05,4.25092869588687E-05,2615.29174980398,2615.29174980398,-197282.976011048,-197282.976011048,9.61538079273775E-02,9.61538079273775E-02,100000000000,-2156.79392387626,-2156.79392387626)
PVTTABLE POINT = (40000000,40.08,369.216977375792,369.216977375792,3.89576947243429E-06,3.89576947243429E-06,-1.35391526825467,-1.35391526825467,1,4.22588719237539E-05,4.22588719237539E-05,2615.4326042771,2615.4326042771,-193726.076165509,-193726.076165509,9.57252101840133E-02,9.57252101840133E-02,100000000000,-2145.41364747808,-2145.41364747808)
PVTTABLE POINT = (40000000,41.44,367.380301218956,367.380301218956,3.91865609062827E-06,3.91865609062827E-06,-1.34706004050589,-1.34706004050589,1,4.20127677695111E-05,4.20127677695111E-05,2615.50999699899,2615.50999699899,-190169.0280975,-190169.0280975,9.53050699255993E-02,9.53050699255993E-02,100000000000,-2134.08220345307,-2134.08220345307)
PVTTABLE POINT = (40000000,42.8,365.553024825176,365.553024825176,3.94105249603814E-06,3.94105249603814E-06,-1.34009284414924,-1.34009284414924,1,4.17708819490524E-05,4.17708819490524E-05,2615.525590185,2615.525590185,-186611.91699016,-186611.91699016,9.48933033405605E-02,9.48933033405605E-02,100000000000,-2122.79944069164,-2122.79944069164)
PVTTABLE POINT = (40000000,44.16,363.735297377456,363.735297377456,3.96295444188002E-06,3.96295444188002E-06,-1.33301823400428,-1.33301823400428,1,4.15331246530962E-05,4.15331246530962E-05,2615.48109230779,2615.48109230779,-183054.825734118,-183054.825734118,0.094489825631029,0.094489825631029,100000000000,-2111.56520279102,-2111.56520279102)
PVTTABLE POINT = (40000000,45.52,361.927261848216,361.927261848216,3.98435820323407E-06,3.98435820323407E-06,-1.3258407871337,-1.3258407871337,1,4.12994087332269E-05,4.12994087332269E-05,2615.37825416166,2615.37825416166,-179497.834867251,-179497.834867251,9.40945510960087E-02,9.40945510960087E-02,100000000000,-2100.37932795644,-2100.37932795644)
PVTTABLE POINT = (40000000,46.88,360.129054974437,360.129054974437,4.00526057276929E-06,4.00526057276929E-06,-1.31856509492829,-1.31856509492829,1,4.10696496253564E-05,4.10696496253564E-05,2615.2188649149,2615.2188649149,-175941.022519818,-175941.022519818,9.37073932137203E-02,9.37073932137203E-02,100000000000,-2089.24164892106,-2089.24164892106)
PVTTABLE POINT = (40000000,48.24,358.340807243468,358.340807243468,4.02565885526774E-06,4.02565885526774E-06,-1.31119575535798,-1.31119575535798,1,4.08437652737108E-05,4.08437652737108E-05,2615.00474816449,2615.00474816449,-172384.464364945,-172384.464364945,9.33282647229663E-02,9.33282647229663E-02,100000000000,-2078.15199288449,-2078.15199288449)
PVTTABLE POINT = (40000000,49.6,356.56264288924,356.56264288924,4.04555086100309E-06,4.04555086100309E-06,-1.30373736541185,-1.30373736541185,1,4.06216760554662E-05,4.06216760554662E-05,2614.73775800756,2614.73775800756,-168828.233574489,-168828.233574489,9.29570777033597E-02,9.29570777033597E-02,100000000000,-2067.11018146916,-2067.11018146916)
PVTTABLE POINT = (40000000,50.96,354.794679898626,354.794679898626,4.06493489803248E-06,4.06493489803248E-06,-1.29619451374825,-1.29619451374825,1,4.04033047061453E-05,4.04033047061453E-05,2614.41977514289,2614.41977514289,-165272.400780203,-165272.400780203,0.09259374365427,0.09259374365427,100000000000,-2056.11603069403,-2056.11603069403)
PVTTABLE POINT = (40000000,52.32,353.037030027632,353.037030027632,4.08380976346347E-06,4.08380976346347E-06,-1.28857177357447,-1.28857177357447,1,4.01885762458877E-05,4.01885762458877E-05,2614.05270301549,2614.05270301549,-161717.034040186,-161717.034040186,9.22381735723608E-02,9.22381735723608E-02,100000000000,-2045.16935096521,-2045.16935096521)
PVTTABLE POINT = (40000000,53.68,351.289798827123,351.289798827123,4.10217473376073E-06,4.10217473376073E-06,-1.2808736957733,-1.2808736957733,1,3.99774179066939E-05,3.99774179066939E-05,2613.63846401639,2613.63846401639,-158162.198810545,-158162.198810545,0.091890278027589,0.091890278027589,100000000000,-2034.26994708262,-2034.26994708262)
PVTTABLE POINT = (40000000,55.04,349.553085677703,349.553085677703,4.12002955415933E-06,4.12002955415933E-06,-1.27310480229227,-1.27310480229227,1,3.97697590607411E-05,3.97697590607411E-05,2613.17899574919,2613.17899574919,-154607.95792217,-154607.95792217,9.15499672375543E-02,9.15499672375543E-02,100000000000,-2023.41761826221,-2023.41761826221)
PVTTABLE POINT = (40000000,56.4,347.826983833411,347.826983833411,4.13737442725276E-06,4.13737442725276E-06,-1.26526957980936,-1.26526957980936,1,3.95655311498588E-05,3.95655311498588E-05,2612.67624737412,2612.67624737412,-151054.371562544,-151054.371562544,9.12171511400968E-02,9.12171511400968E-02,100000000000,-2012.61215817304,-2012.61215817304)
PVTTABLE POINT = (40000000,57.76,346.111580473827,346.111580473827,4.15421000082534E-06,4.15421000082534E-06,-1.25737247368693,-1.25737247368693,1,3.9364667616247E-05,3.9364667616247E-05,2612.13217603941,2612.13217603941,-147501.497262456,-147501.497262456,9.08917394640466E-02,9.08917394640466E-02,100000000000,-2001.85335498838,-2001.85335498838)
PVTTABLE POINT = (40000000,59.12,344.406956764209,344.406956764209,4.17053735499906E-06,4.17053735499906E-06,-1.24941788222407,-1.24941788222407,1,3.91671038345135E-05,3.91671038345135E-05,2611.5487434092,2611.5487434092,-143949.389887521,-143949.389887521,9.05736417980417E-02,9.05736417980417E-02,100000000000,-1991.1409914503,-1991.1409914503)
PVTTABLE POINT = (40000000,60.48,342.713187923233,342.713187923233,4.18635798876521E-06,4.18635798876521E-06,-1.24141015121549,-1.24141015121549,1,3.89727770450956E-05,3.89727770450956E-05,2610.9279122962,2610.9279122962,-140398.10163433,-140398.10163433,9.02627676573368E-02,9.02627676573368E-02,100000000000,-1980.47484494687,-1980.47484494687)
PVTTABLE POINT = (40000000,61.84,341.03034329792,341.03034329792,4.20167380597085E-06,4.20167380597085E-06,-1.23335356882333,-1.23335356882333,1,3.87816262891303E-05,3.87816262891303E-05,2610.2716434064,2610.2716434064,-136847.682031121,-136847.682031121,8.99590265485382E-02,8.99590265485382E-02,100000000000,-1969.85468760125,-1969.85468760125)
PVTTABLE POINT = (40000000,63.2,339.358486445323,339.358486445323,4.2164871008295E-06,4.2164871008295E-06,-1.22525236076663,-1.22525236076663,1,3.8593592344825E-05,3.8593592344825E-05,2609.58189220262,2609.58189220262,-133298.177942789,-133298.177942789,8.96623280322039E-02,8.96623280322039E-02,100000000000,-1959.28028637195,-1959.28028637195)
PVTTABLE POINT = (40000000,64.56,337.697675220544,337.697675220544,4.23080054302449E-06,4.23080054302449E-06,-1.21711068583148,-1.21711068583148,1,3.84086176653751E-05,3.84086176653751E-05,2608.8606058924,2608.8606058924,-129749.633580076,-129749.633580076,0.089372581783261,0.089372581783261,100000000000,-1948.75140316349,-1948.75140316349)
PVTTABLE POINT = (40000000,65.92,336.047961870629,336.047961870629,4.24461716247191E-06,4.24461716247191E-06,-1.20893263170307,-1.20893263170307,1,3.82266463184707E-05,3.82266463184707E-05,2608.10972054518,2608.10972054518,-126202.090512782,-126202.090512782,8.90896976491974E-02,8.90896976491974E-02,100000000000,-1938.26779494659,-1938.26779494659)
PVTTABLE POINT = (40000000,67.28,334.409393133919,334.409393133919,4.25794033380844E-06,4.25794033380844E-06,-1.20072221111973,-1.20072221111973,1,3.80476239274231E-05,3.80476239274231E-05,2607.33115834286,2607.33115834286,-122655.587686785,-122655.587686785,8.88135857059955E-02,8.88135857059955E-02,100000000000,-1927.8292138874,-1927.8292138874)
PVTTABLE POINT = (40000000,68.64,332.782010344408,332.782010344408,4.27077376066735E-06,4.27077376066735E-06,-1.19248335834727,-1.19248335834727,1,3.78714976139391E-05,3.78714976139391E-05,2606.52682496695,2606.52682496695,-119110.161444734,-119110.161444734,8.85441563117801E-02,8.85441563117801E-02,100000000000,-1917.43540748465,-1917.43540748465)
PVTTABLE POINT = (40600000,2,425.511330330838,425.511330330838,3.02805840073782E-06,3.02805840073782E-06,-1.46986466707035,-1.46986466707035,1,5.17545459287611E-05,5.17545459287611E-05,2575.27421595666,2575.27421595666,-292843.308530785,-292843.308530785,0.111847561918207,0.111847561918207,100000000000,-2487.87769720402,-2487.87769720402)
PVTTABLE POINT = (40600000,3.36,423.513745125749,423.513745125749,3.06013551863169E-06,3.06013551863169E-06,-1.46772850620661,-1.46772850620661,1,5.13382128540823E-05,5.13382128540823E-05,2577.496172071,2577.496172071,-289339.416111484,-289339.416111484,0.111165227781248,0.111165227781248,100000000000,-2475.17458921669,-2475.17458921669)
PVTTABLE POINT = (40600000,4.72,421.519196005189,421.519196005189,3.09203813816705E-06,3.09203813816705E-06,-1.46539997371365,-1.46539997371365,1,5.09300386226664E-05,5.09300386226664E-05,2579.6423055928,2579.6423055928,-285832.553317022,-285832.553317022,0.110492882761158,0.110492882761158,100000000000,-2462.52309155792,-2462.52309155792)
PVTTABLE POINT = (40600000,6.08,419.527943994901,419.527943994901,3.12375187599936E-06,3.12375187599936E-06,-1.46287998188309,-1.46287998188309,1,5.05298298222693E-05,5.05298298222693E-05,2581.7120070297,2581.7120070297,-282322.823690865,-282322.823690865,0.109830497736322,0.109830497736322,100000000000,-2449.92307198147,-2449.92307198147)
PVTTABLE POINT = (40600000,7.44,417.540248755962,417.540248755962,3.15526245855835E-06,3.15526245855835E-06,-1.46016962514699,-1.46016962514699,1,5.01373974460684E-05,5.01373974460684E-05,2583.7047582361,2583.7047582361,-278810.331543402,-278810.331543402,0.109178040985438,0.109178040985438,100000000000,-2437.37440290888,-2437.37440290888)
PVTTABLE POINT = (40600000,8.8,415.556368337725,415.556368337725,3.18655574661566E-06,3.18655574661566E-06,-1.45727017905192,-1.45727017905192,1,4.97525568559769E-05,4.97525568559769E-05,2585.62013344546,2585.62013344546,-275295.181826989,-275295.181826989,0.108535478198538,0.108535478198538,100000000000,-2424.87696089484,-2424.87696089484)
PVTTABLE POINT = (40600000,10.16,413.576558932463,413.576558932463,3.2176177596615E-06,3.2176177596615E-06,-1.45418309875771,-1.45418309875771,1,4.93751277433965E-05,4.93751277433965E-05,2587.45780007183,2587.45780007183,-271777.480009739,-271777.480009739,0.107902772493853,0.107902772493853,100000000000,-2412.4306261012,-2412.4306261012)
PVTTABLE POINT = (40600000,11.52,411.601074632387,411.601074632387,3.24843469999736E-06,3.24843469999736E-06,-1.45091001706335,-1.45091001706335,1,4.90049340874439E-05,4.90049340874439E-05,2589.21751927568,2589.21751927568,-268257.331948381,-268257.331948381,0.107279884440353,0.107279884440353,100000000000,-2400.03528178006,-2400.03528178006)
PVTTABLE POINT = (40600000,12.88,409.630167189665,409.630167189665,3.27899297645272E-06,3.27899297645272E-06,-1.44745274196524,-1.44745274196524,1,4.86418041106961E-05,4.86418041106961E-05,2590.89914629089,2590.89914629089,-264734.843760524,-264734.843760524,0.106666772085759,0.106666772085759,100000000000,-2387.69081376727,-2387.69081376727)
PVTTABLE POINT = (40600000,14.24,407.664085780073,407.664085780073,3.30927922763499E-06,3.30927922763499E-06,-1.44381325375535,-1.44381325375535,1,4.82855702325042E-05,4.82855702325042E-05,2592.50263051038,2592.50263051038,-261210.121696625,-261210.121696625,0.106063390989825,0.106063390989825,100000000000,-2375.39710998683,-2375.39710998683)
PVTTABLE POINT = (40600000,15.6,405.703076770904,405.703076770904,3.33928034462418E-06,3.33928034462418E-06,-1.43999370166894,-1.43999370166894,1,4.79360690199338E-05,4.79360690199338E-05,2594.02801532952,2594.02801532952,-257683.272012012,-257683.272012012,0.105469694262647,0.105469694262647,100000000000,-2363.15405996719,-2363.15405996719)
PVTTABLE POINT = (40600000,16.96,403.747383493734,403.747383493734,3.3689834930258E-06,3.3689834930258E-06,-1.43599640009433,-1.43599640009433,1,4.75931411363986E-05,4.75931411363986E-05,2595.47543774731,2595.47543774731,-254154.400839289,-254154.400839289,0.104885632607755,0.104885632607755,100000000000,-2350.96155437024,-2350.96155437024)
PVTTABLE POINT = (40600000,18.32,401.79724602263,401.79724602263,3.39837613429931E-06,3.39837613429931E-06,-1.43182382435882,-1.43182382435882,1,4.72566312880609E-05,4.72566312880609E-05,2596.84512772695,2596.84512772695,-250623.614061437,-250623.614061437,0.104311154369734,0.104311154369734,100000000000,-2338.81948453373,-2338.81948453373)
PVTTABLE POINT = (40600000,19.68,399.852900958372,399.852900958372,3.42744604628276E-06,3.42744604628276E-06,-1.4274786061075,-1.4274786061075,1,4.69263881680793E-05,4.69263881680793E-05,2598.13740731816,2598.13740731816,-247091.017185957,-247091.017185957,0.10374620558608,0.10374620558608,100000000000,-2326.72774202783,-2326.72774202783)
PVTTABLE POINT = (40600000,21.04,397.914581219225,397.914581219225,3.45618134283856E-06,3.45618134283856E-06,-1.42296352829334,-1.42296352829334,1,4.66022643987917E-05,4.66022643987917E-05,2599.35268954537,2599.35268954537,-243556.715220358,-243556.715220358,0.103190730043041,0.103190730043041,100000000000,-2314.68621822667,-2314.68621822667)
PVTTABLE POINT = (40600000,22.4,395.982515838775,395.982515838775,3.48457049255009E-06,3.48457049255009E-06,-1.41828151979921,-1.41828151979921,1,4.62841164719284E-05,4.62841164719284E-05,2600.49147706647,2600.49147706647,-240020.812549324,-240020.812549324,0.102644669335133,0.102644669335133,100000000000,-2302.69480389532,-2302.69480389532)
PVTTABLE POINT = (40600000,23.76,394.056929771321,394.056929771321,3.51260233640414E-06,3.51260233640414E-06,-1.41343564971379,-1.41343564971379,1,4.59718046869566E-05,4.59718046869566E-05,2601.55436060854,2601.55436060854,-236483.412813845,-236483.412813845,0.102107962928048,0.102107962928048,100000000000,-2290.75338879299,-2290.75338879299)
PVTTABLE POINT = (40600000,25.12,392.138043705268,392.138043705268,3.54026610439942E-06,3.54026610439942E-06,-1.40842912128534,-1.40842912128534,1,4.56651930876632E-05,4.56651930876632E-05,2602.54201718752,2602.54201718752,-232944.618792633,-232944.618792633,0.101580548224667,0.101580548224667,100000000000,-2278.86186129288,-2278.86186129288)
PVTTABLE POINT = (40600000,26.48,390.226073884956,390.226073884956,3.56755143102768E-06,3.56755143102768E-06,-1.4032652655784,-1.4032652655784,1,4.53641493970893E-05,4.53641493970893E-05,2603.45520812027,2603.45520812027,-229404.532286096,-229404.532286096,0.10106236063388,0.10106236063388,100000000000,-2267.02010801936,-2267.02010801936)
PVTTABLE POINT = (40600000,27.84,388.321231941295,388.321231941295,3.59444836957991E-06,3.59444836957991E-06,-1.39794753485993,-1.39794753485993,1,4.50685449509337E-05,4.50685449509337E-05,2604.29477683812,2604.29477683812,-225863.254003156,-225863.254003156,0.100553333641917,0.100553333641917,100000000000,-2255.22801350267,-2255.22801350267)
PVTTABLE POINT = (40600000,29.2,386.423724731566,386.423724731566,3.62094740523662E-06,3.62094740523662E-06,-1.39247949574231,-1.39247949574231,1,4.47782546295491E-05,4.47782546295491E-05,2605.06164651207,2605.06164651207,-222320.883451163,-222320.883451163,0.100053398885923,0.100053398885923,100000000000,-2243.48545985183,-2243.48545985183)
PVTTABLE POINT = (40600000,30.56,384.5337541887,384.5337541887,3.64703946690787E-06,3.64703946690787E-06,-1.38686482211162,-1.38686482211162,1,4.44931567886559E-05,4.44931567886559E-05,2605.75681750052,2605.75681750052,-218777.518829172,-218777.518829172,9.95624862294648E-02,9.95624862294648E-02,100000000000,-2231.79232644586,-2231.79232644586)
PVTTABLE POINT = (40600000,31.92,382.651517180299,382.651517180299,3.67271593779557E-06,3.67271593779557E-06,-1.38110728787001,-1.38110728787001,1,4.42131331889039E-05,4.42131331889039E-05,2606.38136463128,2606.38136463128,-215233.256924793,-215233.256924793,9.90805238397234E-02,9.90805238397234E-02,100000000000,-2220.14848964371,-2220.14848964371)
PVTTABLE POINT = (40600000,33.28,380.777205377641,380.777205377641,3.69796866465701E-06,3.69796866465701E-06,-1.37521075952187,-1.37521075952187,1,4.39380689244157E-05,4.39380689244157E-05,2606.93643433005,2606.93643433005,-211688.193014848,-211688.193014848,9.86074382660784E-02,9.86074382660784E-02,100000000000,-2208.55382251309,-2208.55382251309)
PVTTABLE POINT = (40600000,34.64,378.911005134854,378.911005134854,3.72278996575595E-06,3.72278996575595E-06,-1.36917918863323,-1.36917918863323,1,4.36678523504445E-05,4.36678523504445E-05,2607.42324160837,2607.42324160837,-208142.420770034,-208142.420770034,9.81431545198359E-02,9.81431545198359E-02,100000000000,-2197.00819457827,-2197.00819457827)
PVTTABLE POINT = (40600000,36,377.053097378421,377.053097378421,3.74717263749407E-06,3.74717263749407E-06,-1.36301660419434,-1.36301660419434,1,4.34023750102829E-05,4.34023750102829E-05,2607.84306692421,2607.84306692421,-204596.032163769,-204596.032163769,9.76875961548448E-02,9.76875961548448E-02,100000000000,-2185.51147158712,-2185.51147158712)
PVTTABLE POINT = (40600000,37.36,375.20365750711,375.20365750711,3.77110995972215E-06,3.77110995972215E-06,-1.35672710491491,-1.35672710491491,1,4.31415315615599E-05,4.31415315615599E-05,2608.19725292906,2608.19725292906,-201049.117385378,-201049.117385378,9.72406853487538E-02,9.72406853487538E-02,100000000000,-2174.06351529722,-2174.06351529722)
PVTTABLE POINT = (40600000,38.72,373.362855302422,373.362855302422,3.79459569973734E-06,3.79459569973734E-06,-1.35031485148145,-1.35031485148145,1,4.28852197020617E-05,4.28852197020617E-05,2608.4872011153,2608.4872011153,-197501.764757784,-197501.764757784,0.09680234298468,0.09680234298468,100000000000,-2162.66418328102,-2162.66418328102)
PVTTABLE POINT = (40600000,40.08,371.530854849573,371.530854849573,3.81762411497873E-06,3.81762411497873E-06,-1.34378405880539,-1.34378405880539,1,4.26333400952129E-05,4.26333400952129E-05,2608.71436837809,2608.71436837809,-193954.060659814,-193954.060659814,9.63724887330637E-02,9.63724887330637E-02,100000000000,-2151.31332875021,-2151.31332875021)
PVTTABLE POINT = (40600000,41.44,369.707814469011,369.707814469011,3.84018995443975E-06,3.84018995443975E-06,-1.33713898829008,-1.33713898829008,1,4.23857962953533E-05,4.23857962953533E-05,2608.88026350605,2608.88026350605,-190406.089453227,-190406.089453227,9.59510411334957E-02,9.59510411334957E-02,100000000000,-2140.01080039873,-2140.01080039873)
PVTTABLE POINT = (40600000,42.8,367.893886658421,367.893886658421,3.86228845882183E-06,3.86228845882183E-06,-1.33038394014417,-1.33038394014417,1,4.21424946729418E-05,4.21424946729418E-05,2608.98644361464,2608.98644361464,-186857.933414562,-186857.933414562,9.55379176763155E-02,9.55379176763155E-02,100000000000,-2128.75644226459,-2128.75644226459)
PVTTABLE POINT = (40600000,44.16,366.089218045135,366.089218045135,3.88391535945892E-06,3.88391535945892E-06,-1.32352324576736,-1.32352324576736,1,4.19033443398189E-05,4.19033443398189E-05,2609.03451053673,2609.03451053673,-183309.67267186,-183309.67267186,9.51330348837888E-02,9.51330348837888E-02,100000000000,-2117.55009361003,-2117.55009361003)
PVTTABLE POINT = (40600000,45.52,364.293949348837,364.293949348837,3.90506687604784E-06,3.90506687604784E-06,-1.31656126023401,-1.31656126023401,1,4.1668257074655E-05,4.1668257074655E-05,2609.02610718391,2609.02610718391,-179761.385146325,-179761.385146325,9.47363083906836E-02,9.47363083906836E-02,100000000000,-2106.3915888197,-2106.3915888197)
PVTTABLE POINT = (40600000,46.88,362.508215354411,362.508215354411,3.92573971322411E-06,3.92573971322411E-06,-1.3095023548984,-1.3095023548984,1,4.14371472487075E-05,4.14371472487075E-05,2608.96291389233,2608.96291389233,-176213.146498936,-176213.146498936,9.43476530240721E-02,9.43476530240721E-02,100000000000,-2095.2807573166,-2095.2807573166)
PVTTABLE POINT = (40600000,48.24,360.732144894746,360.732144894746,3.94593105602706E-06,3.94593105602706E-06,-1.30235091014429,-1.30235091014429,1,4.12099317520069E-05,4.12099317520069E-05,2608.84664476636,2608.84664476636,-172665.030082038,-172665.030082038,9.39669828822035E-02,9.39669828822035E-02,100000000000,-2084.21742349527,-2084.21742349527)
PVTTABLE POINT = (40600000,49.6,358.965860843291,358.965860843291,3.9656385643021E-06,3.9656385643021E-06,-1.29511130830004,-1.29511130830004,1,4.09865299200875E-05,4.09865299200875E-05,2608.67904403288,2608.67904403288,-169117.1068959,-169117.1068959,9.35942114122944E-02,9.35942114122944E-02,100000000000,-2073.20140667189,-2073.20140667189)
PVTTABLE POINT = (40600000,50.96,357.209480116131,357.209480116131,3.9848603660915E-06,3.9848603660915E-06,-1.28778792673881,-1.28778792673881,1,4.07668634613708E-05,4.07668634613708E-05,2608.46188241856,2608.46188241856,-165569.445550215,-165569.445550215,9.32292514870976E-02,9.32292514870976E-02,100000000000,-2062.23252105055,-2062.23252105055)
PVTTABLE POINT = (40600000,52.32,355.463113683299,355.463113683299,4.00359505006767E-06,4.00359505006767E-06,-1.2803851311821,-1.2803851311821,1,4.05508563853094E-05,4.05508563853094E-05,2608.1969535621,2608.1969535621,-162022.112230498,-162022.112230498,9.28720154801248E-02,9.28720154801248E-02,100000000000,-2051.31057570552,-2051.31057570552)
PVTTABLE POINT = (40600000,53.68,353.72686658905,353.72686658905,4.0218416570661E-06,4.0218416570661E-06,-1.27290726922302,-1.27290726922302,1,4.03384349313879E-05,4.03384349313879E-05,2607.88607047252,2607.88607047252,-158475.170669351,-158475.170669351,9.25224153394002E-02,9.25224153394002E-02,100000000000,-2040.43537457865,-2040.43537457865)
PVTTABLE POINT = (40600000,55.04,352.000837980794,352.000837980794,4.03959967077647E-06,4.03959967077647E-06,-1.26535866408412,-1.26535866408412,1,4.01295274990763E-05,4.01295274990763E-05,2607.53106204426,2607.53106204426,-154928.682122487,-154928.682122487,0.092180362659637,0.092180362659637,100000000000,-2029.60671649139,-2029.60671649139)
PVTTABLE POINT = (40600000,56.4,350.285121146341,350.285121146341,4.05686900765277E-06,4.05686900765277E-06,-1.25774360862297,-1.25774360862297,1,3.9924064578821E-05,3.9924064578821E-05,2607.13376963895,2607.13376963895,-151382.705349465,-151382.705349465,9.18457687527369E-02,9.18457687527369E-02,100000000000,-2018.82439517095,-2018.82439517095)
PVTTABLE POINT = (40600000,57.76,348.579803559127,348.579803559127,4.073650006104E-06,4.073650006104E-06,-1.25006635959695,-1.25006635959695,1,3.97219786841566E-05,3.97219786841566E-05,2606.69604374316,2606.69604374316,-147837.296599007,-147837.296599007,9.15185447165233E-02,9.15185447165233E-02,100000000000,-2008.08819928974,-2008.08819928974)
PVTTABLE POINT = (40600000,59.12,346.88496693106,346.88496693106,4.08994341502806E-06,4.08994341502806E-06,-1.24233113219705,-1.24233113219705,1,3.95232042850117E-05,3.95232042850117E-05,2606.21974071065,2606.21974071065,-144292.509598826,-144292.509598826,9.11986015016248E-02,9.11986015016248E-02,100000000000,-1997.39791251759,-1997.39791251759)
PVTTABLE POINT = (40600000,60.48,345.200687272609,345.200687272609,4.1057503817516E-06,4.1057503817516E-06,-1.23454209485889,-1.23454209485889,1,3.93276777422766E-05,3.93276777422766E-05,2605.70671959681,2605.70671959681,-140748.395549799,-140748.395549799,9.08858499764372E-02,9.08858499764372E-02,100000000000,-1986.75331358601,-1986.75331358601)
PVTTABLE POINT = (40600000,61.84,343.52703495976,343.52703495976,4.12107243943894E-06,4.12107243943894E-06,-1.22670336435746,-1.22670336435746,1,3.91353372436955E-05,3.91353372436955E-05,2605.15883909251,2605.15883909251,-137205.003124395,-137205.003124395,9.05802009901002E-02,9.05802009901002E-02,100000000000,-1976.15417636385,-1976.15417636385)
PVTTABLE POINT = (40600000,63.2,341.864074807448,341.864074807448,4.13591149403228E-06,4.13591149403228E-06,-1.21881900119063,-1.21881900119063,1,3.89461227411379E-05,3.89461227411379E-05,2604.57795456344,2604.57795456344,-133662.378469198,-133662.378469198,9.02815654334321E-02,9.02815654334321E-02,100000000000,-1965.60026994355,-1965.60026994355)
PVTTABLE POINT = (40600000,64.56,340.211866149066,340.211866149066,4.15026981078523E-06,4.15026981078523E-06,-1.21089300525482,-1.21089300525482,1,3.87599758892971E-05,3.87599758892971E-05,2603.9659152006,2603.9659152006,-130120.565211373,-130120.565211373,0.089989854297775,0.089989854297775,100000000000,-1955.09135873752,-1955.09135873752)
PVTTABLE POINT = (40600000,65.92,338.570462921657,338.570462921657,4.16415000045009E-06,4.16415000045009E-06,-1.20292931181486,-1.20292931181486,1,3.85768399858595E-05,3.85768399858595E-05,2603.32456128666,2603.32456128666,-126579.604468942,-126579.604468942,8.97049787317112E-02,8.97049787317112E-02,100000000000,-1944.62720258367,-1944.62720258367)
PVTTABLE POINT = (40600000,67.28,336.939913756386,336.939913756386,4.17755500517852E-06,4.17755500517852E-06,-1.19493178776866,-1.19493178776866,1,3.83966599131792E-05,3.83966599131792E-05,2602.65572158216,2602.65572158216,-123039.534864686,-123039.534864686,8.94268500956178E-02,8.94268500956178E-02,100000000000,-1934.2075568596,-1934.2075568596)
PVTTABLE POINT = (40600000,68.64,335.320262073894,335.320262073894,4.19048808419316E-06,4.19048808419316E-06,-1.18690422820593,-1.18690422820593,1,3.82193820814889E-05,3.82193820814889E-05,2601.9612108351,2601.9612108351,-119500.39254353,-119500.39254353,8.91553800140345E-02,8.91553800140345E-02,100000000000,-1923.83217260469,-1923.83217260469)
PVTTABLE POINT = (41200000,2,427.310454580614,427.310454580614,2.96938014567283E-06,2.96938014567283E-06,-1.45585460380121,-1.45585460380121,1,5.2181031837591E-05,5.2181031837591E-05,2567.49985760965,2567.49985760965,-292764.402748914,-292764.402748914,0.112500898140123,0.112500898140123,100000000000,-2492.70481018192,-2492.70481018192)
PVTTABLE POINT = (41200000,3.36,425.331874954796,425.331874954796,3.00066047907367E-06,3.00066047907367E-06,-1.45379022491392,-1.45379022491392,1,5.17621820226891E-05,5.17621820226891E-05,2569.72178803518,2569.72178803518,-289271.083849623,-289271.083849623,0.111819003313298,0.111819003313298,100000000000,-2480.0400357385,-2480.0400357385)
PVTTABLE POINT = (41200000,4.72,423.356229567879,423.356229567879,3.03177570708354E-06,3.03177570708354E-06,-1.45153967743632,-1.45153967743632,1,5.13515363414439E-05,5.13515363414439E-05,2571.87121834572,2571.87121834572,-285774.79235346,-285774.79235346,0.111147029995241,0.111147029995241,100000000000,-2467.4266755354,-2467.4266755354)
PVTTABLE POINT = (41200000,6.08,421.383771036297,421.383771036297,3.06271217349943E-06,3.06271217349943E-06,-1.44910383246155,-1.44910383246155,1,5.09489012262844E-05,5.09489012262844E-05,2573.94755969395,2573.94755969395,-282275.627270686,-282275.627270686,0.110484948919577,0.110484948919577,100000000000,-2454.86458296683,-2454.86458296683)
PVTTABLE POINT = (41200000,7.44,419.414750674967,419.414750674967,3.09345632297655E-06,3.09345632297655E-06,-1.44648373277484,-1.44648373277484,1,5.05540874571983E-05,5.05540874571983E-05,2575.95030927001,2575.95030927001,-278773.68835401,-278773.68835401,0.109832728297564,0.109832728297564,100000000000,-2442.3536162166,-2442.3536162166)
PVTTABLE POINT = (41200000,8.8,417.449418264386,417.449418264386,3.12399472373505E-06,3.12399472373505E-06,-1.44368059188783,-1.44368059188783,1,5.01669101261229E-05,5.01669101261229E-05,2577.87905125131,2577.87905125131,-275269.075980907,-275269.075980907,0.10919033382826,0.10919033382826,100000000000,-2429.89363774707,-2429.89363774707)
PVTTABLE POINT = (41200000,10.16,415.488021819355,415.488021819355,3.15431409009638E-06,3.15431409009638E-06,-1.44069579263632,-1.44069579263632,1,4.97871885989088E-05,4.97871885989088E-05,2579.73345754062,2579.73345754062,-271761.891034788,-271761.891034788,0.108557728714347,0.108557728714347,100000000000,-2417.48451379642,-2417.48451379642)
PVTTABLE POINT = (41200000,11.52,413.530807359892,413.530807359892,3.18440130476563E-06,3.18440130476563E-06,-1.43753088534408,-1.43753088534408,1,4.94147464748907E-05,4.94147464748907E-05,2581.51328828815,2581.51328828815,-268252.234785314,-268252.234785314,0.10793487368342,0.10793487368342,100000000000,-2405.12611388477,-2405.12611388477)
PVTTABLE POINT = (41200000,12.88,411.57801868494,411.57801868494,3.21424344077702E-06,3.21424344077702E-06,-1.43418758555724,-1.43418758555724,1,4.90494115441074E-05,4.90494115441074E-05,2583.21839219477,2583.21839219477,-264740.208768151,-264740.208768151,0.10732172701458,0.10732172701458,100000000000,-2392.81831033029,-2392.81831033029)
PVTTABLE POINT = (41200000,14.24,409.629897149454,409.629897149454,3.24382778302078E-06,3.24382778302078E-06,-1.4306677713562,-1.4306677713562,1,4.86910157422156E-05,4.86910157422156E-05,2584.84870659399,2584.84870659399,-261225.914664458,-261225.914664458,0.106718244570122,0.106718244570122,100000000000,-2380.56097777577,-2380.56097777577)
PVTTABLE POINT = (41200000,15.6,407.686681445404,407.686681445404,3.27314184927159E-06,3.27314184927159E-06,-1.42697348025386,-1.42697348025386,1,4.83393951031537E-05,4.83393951031537E-05,2586.40425731214,2586.40425731214,-257709.454180417,-257709.454180417,0.106124379832098,0.106124379832098,100000000000,-2368.35399272647,-2368.35399272647)
PVTTABLE POINT = (41200000,16.96,405.748607387297,405.748607387297,3.30217341064075E-06,3.30217341064075E-06,-1.4231069056913,-1.4231069056913,1,4.79943897096147E-05,4.79943897096147E-05,2587.8851583066,2587.8851583066,-254190.928927101,-254190.928927101,0.105540083943522,0.105540083943522,100000000000,-2356.19723310013,-2356.19723310013)
PVTTABLE POINT = (41200000,18.32,403.81590770271,403.81590770271,3.33091051137718E-06,3.33091051137718E-06,-1.41907039314374,-1.41907039314374,1,4.76558436413979E-05,4.76558436413979E-05,2589.29161108347,2589.29161108347,-250670.440300992,-250670.440300992,0.104965305753971,0.104965305753971,100000000000,-2344.09057778957,-2344.09057778957)
PVTTABLE POINT = (41200000,19.68,401.888811828393,401.888811828393,3.35934148794567E-06,3.35934148794567E-06,-1.41486643585176,-1.41486643585176,1,4.73236049217113E-05,4.73236049217113E-05,2590.62390389696,2590.62390389696,-247148.089365434,-247148.089365434,0.104399991869316,0.104399991869316,100000000000,-2332.03390623878,-2332.03390623878)
PVTTABLE POINT = (41200000,21.04,399.967545712408,399.967545712408,3.38745498731426E-06,3.38745498731426E-06,-1.41049767019444,-1.41049767019444,1,4.69975254615074E-05,4.69975254615074E-05,2591.88241073399,2591.88241073399,-243623.976733313,-243623.976733313,0.103844086705323,0.103844086705323,100000000000,-2320.02709803303,-2320.02709803303)
PVTTABLE POINT = (41200000,22.4,398.052331622802,398.052331622802,3.41523998438706E-06,3.41523998438706E-06,-1.40596687072285,-1.40596687072285,1,4.66774610019372E-05,4.66774610019372E-05,2593.06759008826,2593.06759008826,-240098.202451285,-240098.202451285,0.103297532544845,0.103297532544845,100000000000,-2308.07003250356,-2308.07003250356)
PVTTABLE POINT = (41200000,23.76,396.143387963257,396.143387963257,3.44268579852311E-06,3.44268579852311E-06,-1.40127694487383,-1.40127694487383,1,4.63632710550167E-05,4.63632710550167E-05,2594.17998352951,2594.17998352951,-236570.865885785,-236570.865885785,0.102760269598328,0.102760269598328,100000000000,-2296.1625883475,-2296.1625883475)
PVTTABLE POINT = (41200000,25.12,394.240929096124,394.240929096124,3.46978210908701E-06,3.46978210908701E-06,-1.39643092738548,-1.39643092738548,1,4.60548188426045E-05,4.60548188426045E-05,2595.2202140742,2595.2202140742,-233042.065611134,-233042.065611134,0.10223223606735,0.10223223606735,100000000000,-2284.30464326342,-2284.30464326342)
PVTTABLE POINT = (41200000,26.48,392.345165173253,392.345165173253,3.49651896998195E-06,3.49651896998195E-06,-1.391431974437,-1.391431974437,1,4.57519712337916E-05,4.57519712337916E-05,2596.18898436508,2596.18898436508,-229511.899299991,-229511.899299991,0.101713368210916,0.101713368210916,100000000000,-2272.49607360307,-2272.49607360307)
PVTTABLE POINT = (41200000,27.84,390.456301974961,390.456301974961,3.52288682312162E-06,3.52288682312162E-06,-1.38628335753676,-1.38628335753676,1,4.54545986808152E-05,4.54545986808152E-05,2597.08707466785,2597.08707466785,-225980.463616397,-225980.463616397,0.101203600414214,0.101203600414214,100000000000,-2260.73675403961,-2260.73675403961)
PVTTABLE POINT = (41200000,29.2,388.574540757467,388.574540757467,3.5488765108027E-06,3.5488765108027E-06,-1.38098845718332,-1.38098845718332,1,4.51625751536051E-05,4.51625751536051E-05,2597.91534069395,2597.91534069395,-222447.854111672,-222447.854111672,0.100702865259581,0.100702865259581,100000000000,-2249.0265572528,-2249.0265572528)
PVTTABLE POINT = (41200000,30.56,386.700078109098,386.700078109098,3.57447928694599E-06,3.57447928694599E-06,-1.37555075632491,-1.37555075632491,1,4.48757780730828E-05,4.48757780730828E-05,2598.67471125925,2598.67471125925,-218914.165123385,-218914.165123385,0.100211093599369,0.100211093599369,100000000000,-2237.36535363134,-2237.36535363134)
PVTTABLE POINT = (41200000,31.92,384.833105815499,384.833105815499,3.59968682717974E-06,3.59968682717974E-06,-1.36997383364361,-1.36997383364361,1,4.45940882433298E-05,4.45940882433298E-05,2599.36618578913,2599.36618578913,-215379.48967761,-215379.48967761,9.97282146304868E-02,9.97282146304868E-02,100000000000,-2225.75301099273,-2225.75301099273)
PVTTABLE POINT = (41200000,33.28,382.973810734095,382.973810734095,3.62449123774513E-06,3.62449123774513E-06,-1.3642613566908,-1.3642613566908,1,4.43173897827487E-05,4.43173897827487E-05,2599.99083168086,2599.99083168086,-211843.919394673,-211843.919394673,9.92541559703105E-02,9.92541559703105E-02,100000000000,-2214.18939432077,-2214.18939432077)
PVTTABLE POINT = (41200000,34.64,381.122374677957,381.122374677957,3.64888506320978E-06,3.64888506320978E-06,-1.35841707490071,-1.35841707490071,1,4.40455700543407E-05,4.40455700543407E-05,2600.54978153498,2600.54978153498,-208307.544398583,-208307.544398583,9.87888437337455E-02,9.87888437337455E-02,100000000000,-2202.67436552075,-2202.67436552075)
PVTTABLE POINT = (41200000,36,379.27897430926,379.27897430926,3.67286129298117E-06,3.67286129298117E-06,-1.35244481250911,-1.35244481250911,1,4.37785195952266E-05,4.37785195952266E-05,2601.04423026755,2601.04423026755,-204770.453230303,-204770.453230303,9.83322026111734E-02,9.83322026111734E-02,100000000000,-2191.20778319266,-2191.20778319266)
PVTTABLE POINT = (41200000,37.36,377.443781042396,377.443781042396,3.69641336661776E-06,3.69641336661776E-06,-1.34634846140384,-1.34634846140384,1,4.3516132045535E-05,4.3516132045535E-05,2601.47543211553,2601.47543211553,-201232.732765027,-201232.732765027,9.78841559470532E-02,9.78841559470532E-02,100000000000,-2179.78950242221,-2179.78950242221)
PVTTABLE POINT = (41200000,38.72,375.616960956865,375.616960956865,3.71953517794179E-06,3.71953517794179E-06,-1.34013197393397,-1.34013197393397,1,4.32583040767885E-05,4.32583040767885E-05,2601.84469754799,2601.84469754799,-197694.468133593,-197694.468133593,9.74446258189484E-02,9.74446258189484E-02,100000000000,-2168.41937458967,-2168.41937458967)
PVTTABLE POINT = (41200000,40.08,373.798674719937,373.798674719937,3.74222107796283E-06,3.74222107796283E-06,-1.33379935570365,-1.33379935570365,1,4.300493531991E-05,4.300493531991E-05,2602.15339009576,2602.15339009576,-194155.742648157,-194155.742648157,9.70135331167638E-02,9.70135331167638E-02,100000000000,-2157.09724719662,-2157.09724719662)
PVTTABLE POINT = (41200000,41.44,371.989077519129,371.989077519129,3.76446587662716E-06,3.76446587662716E-06,-1.32735465837637,-1.32735465837637,1,4.27559282929792E-05,4.27559282929792E-05,2602.40292311244,2602.40292311244,-190616.637732223,-190616.637732223,9.65907976219811E-02,9.65907976219811E-02,100000000000,-2145.82296371019,-2145.82296371019)
PVTTABLE POINT = (41200000,42.8,370.188319004436,370.188319004436,3.78626484341289E-06,3.78626484341289E-06,-1.32080197251447,-1.32080197251447,1,4.25111883288601E-05,4.25111883288601E-05,2602.59475647952,2602.59475647952,-187077.232855118,-187077.232855118,9.61763380866992E-02,9.61763380866992E-02,100000000000,-2134.59636342491,-2134.59636342491)
PVTTABLE POINT = (41200000,44.16,368.396543240263,368.396543240263,3.80761370679602E-06,3.80761370679602E-06,-1.31414542047812,-1.31414542047812,1,4.22706235028239E-05,4.22706235028239E-05,2602.73039326845,2602.73039326845,-183537.605470982,-183537.605470982,9.57700723122904E-02,9.57700723122904E-02,100000000000,-2123.41728134164,-2123.41728134164)
PVTTABLE POINT = (41200000,45.52,366.613888666967,366.613888666967,3.8285086526169E-06,3.8285086526169E-06,-1.30738914940669,-1.30738914940669,1,4.20341445602854E-05,4.20341445602854E-05,2602.81137637217,2602.81137637217,-179997.830962316,-179997.830962316,9.53719172274982E-02,9.53719172274982E-02,100000000000,-2112.28554806353,-2112.28554806353)
PVTTABLE POINT = (41200000,46.88,364.840488071871,364.840488071871,3.84894632138121E-06,3.84894632138121E-06,-1.30053732430476,-1.30053732430476,1,4.18016648447713E-05,4.18016648447713E-05,2602.83928511867,2602.83928511867,-176457.982588125,-176457.982588125,9.49817889658073E-02,9.49817889658073E-02,100000000000,-2101.20098970854,-2101.20098970854)
PVTTABLE POINT = (41200000,48.24,363.076468569595,363.076468569595,3.86892380453342E-06,3.86892380453342E-06,-1.29359412125356,-1.29359412125356,1,4.15731002262315E-05,4.15731002262315E-05,2602.81573187844,2602.81573187844,-172918.131436675,-172918.131436675,9.45996029419355E-02,9.45996029419355E-02,100000000000,-2090.16342783818,-2090.16342783818)
PVTTABLE POINT = (41200000,49.6,361.321951591534,361.321951591534,3.88843863974405E-06,3.88843863974405E-06,-1.28656372076746,-1.28656372076746,1,4.13483690298052E-05,4.13483690298052E-05,2602.74235867778,2602.74235867778,-169378.346382861,-169378.346382861,9.42252739272985E-02,9.42252739272985E-02,100000000000,-2079.17267940214,-2079.17267940214)
PVTTABLE POINT = (41200000,50.96,359.577052884247,359.577052884247,3.90748880525581E-06,3.90748880525581E-06,-1.27945030131377,-1.27945030131377,1,4.11273919651446E-05,4.11273919651446E-05,2602.62083382917,2602.62083382917,-165838.694050166,-165838.694050166,9.38587161243124E-02,9.38587161243124E-02,100000000000,-2068.22855669818,-2068.22855669818)
PVTTABLE POINT = (41200000,52.32,357.841882516552,357.841882516552,3.92607271333585E-06,3.92607271333585E-06,-1.27225803301286,-1.27225803301286,1,4.09100920563977E-05,4.09100920563977E-05,2602.45284858966,2602.45284858966,-162299.238777186,-162299.238777186,9.34998432394131E-02,9.34998432394131E-02,100000000000,-2057.33086734704,-2057.33086734704)
PVTTABLE POINT = (41200000,53.68,356.116544895051,356.116544895051,3.94418920288436E-06,3.94418920288436E-06,-1.26499107153405,-1.26499107153405,1,4.06963945729457E-05,4.06963945729457E-05,2602.24011385763,2602.24011385763,-158760.042588686,-158760.042588686,0.093148568554673,0.093148568554673,100000000000,-2046.47941428165,-2046.47941428165)
PVTTABLE POINT = (41200000,55.04,354.401138787813,354.401138787813,3.96183753125142E-06,3.96183753125142E-06,-1.25765355220112,-1.25765355220112,1,4.04862269609845E-05,4.04862269609845E-05,2601.98435691766,2601.98435691766,-155221.165171093,-155221.165171093,9.28048049979111E-02,9.28048049979111E-02,100000000000,-2035.67399575019,-2035.67399575019)
PVTTABLE POINT = (41200000,56.4,352.69575735593,352.69575735593,3.9790173653157E-06,3.9790173653157E-06,-1.25024958432027,-1.25024958432027,1,4.02795187760363E-05,4.02795187760363E-05,2601.68731824287,2601.68731824287,-151682.663852408,-151682.663852408,9.24684652111994E-02,9.24684652111994E-02,100000000000,-2024.91440533248,-2024.91440533248)
PVTTABLE POINT = (41200000,57.76,351.000488192624,351.000488192624,3.99572877188019E-06,3.99572877188019E-06,-1.2427832457412,-1.2427832457412,1,4.00762016164683E-05,4.00762016164683E-05,2601.35074836328,2601.35074836328,-148144.593586391,-148144.593586391,9.21394616176793E-02,9.21394616176793E-02,100000000000,-2014.20043196899,-2014.20043196899)
PVTTABLE POINT = (41200000,59.12,349.315413369592,349.315413369592,4.01197220744034E-06,4.01197220744034E-06,-1.23525857766118,-1.23525857766118,1,3.98762090580955E-05,3.98762090580955E-05,2600.97640480811,2600.97640480811,-144607.006940987,-144607.006940987,9.18177064866084E-02,9.18177064866084E-02,100000000000,-2003.53186000206,-2003.53186000206)
PVTTABLE POINT = (41200000,60.48,347.640609490242,347.640609490242,4.02774850738129E-06,4.02774850738129E-06,-1.22767957967988,-1.22767957967988,1,3.96794765899305E-05,3.96794765899305E-05,2600.56604912952,2600.56604912952,-141069.954090827,-141069.954090827,9.15031119965667E-02,9.15031119965667E-02,100000000000,-1992.90846922851,-1992.90846922851)
PVTTABLE POINT = (41200000,61.84,345.976147749482,345.976147749482,4.04305887466041E-06,4.04305887466041E-06,-1.22005020511181,-1.22005020511181,1,3.94859415511463E-05,3.94859415511463E-05,2600.12144401424,2600.12144401424,-137533.48281374,-137533.48281374,9.11955902967634E-02,9.11955902967634E-02,100000000000,-1982.33003496311,-1982.33003496311)
PVTTABLE POINT = (41200000,63.2,344.322093999713,344.322093999713,4.05790486803148E-06,4.05790486803148E-06,-1.21237435656128,-1.21237435656128,1,3.92955430693052E-05,3.92955430693052E-05,2599.6443504892,2599.6443504892,-133997.638491121,-133997.638491121,9.08950535663868E-02,9.08950535663868E-02,100000000000,-1971.79632811237,-1971.79632811237)
PVTTABLE POINT = (41200000,64.56,342.678508822646,342.678508822646,4.07228838986638E-06,4.07228838986638E-06,-1.20465588176399,-1.20465588176399,1,3.91082219999044E-05,3.91082219999044E-05,2599.13652522646,2599.13652522646,-130462.464112026,-130462.464112026,9.06014140719537E-02,9.06014140719537E-02,100000000000,-1961.30711525782,-1961.30711525782)
PVTTABLE POINT = (41200000,65.92,341.045447606601,341.045447606601,4.08621167362924E-06,4.08621167362924E-06,-1.19689856969737,-1.19689856969737,1,3.89239208672818E-05,3.89239208672818E-05,2598.59971795206,2598.59971795206,-126928.000280874,-126928.000280874,9.03145842226194E-02,9.03145842226194E-02,100000000000,-1950.86215874831,-1950.86215874831)
PVTTABLE POINT = (41200000,67.28,339.422960628912,339.422960628912,4.09967727105697E-06,4.09967727105697E-06,-1.18910614696118,-1.18910614696118,1,3.87425838069215E-05,3.87425838069215E-05,2598.03566896274,2598.03566896274,-123394.285228595,-123394.285228595,0.090034476623417,0.090034476623417,100000000000,-1940.46121680055,-1940.46121680055)
PVTTABLE POINT = (41200000,68.64,337.811093143067,337.811093143067,4.11268803909908E-06,4.11268803909908E-06,-1.18128227442809,-1.18128227442809,1,3.85641565091895E-05,3.85641565091895E-05,2597.44610675397,2597.44610675397,-119861.354827076,-119861.354827076,8.97610041264011E-02,8.97610041264011E-02,100000000000,-1930.10404360743,-1930.10404360743)
PVTTABLE POINT = (41800000,2,429.075004313316,429.075004313316,2.91279119883081E-06,2.91279119883081E-06,-1.44219078454245,-1.44219078454245,1,5.26056021334296E-05,5.26056021334296E-05,2559.9528843562,2559.9528843562,-292667.863320326,-292667.863320326,0.113148317512837,0.113148317512837,100000000000,-2497.44655640539,-2497.44655640539)
PVTTABLE POINT = (41800000,3.36,427.114961948082,427.114961948082,2.94330695086196E-06,2.94330695086196E-06,-1.44019435142648,-1.44019435142648,1,5.21842080537057E-05,5.21842080537057E-05,2562.1743470467,2562.1743470467,-289184.808977802,-289184.808977802,0.112466834850511,0.112466834850511,100000000000,-2484.81899538073,-2484.81899538073)
PVTTABLE POINT = (41800000,4.72,425.157757405455,425.157757405455,2.97366631296671E-06,2.97366631296671E-06,-1.43801764133644,-1.43801764133644,1,5.1771062805529E-05,5.1771062805529E-05,2564.32645401945,2564.32645401945,-285698.780538828,-285698.780538828,0.111795207829811,0.111795207829811,100000000000,-2472.2426606088,-2472.2426606088)
PVTTABLE POINT = (41800000,6.08,423.20363531393,423.20363531393,3.0038563070503E-06,3.0038563070503E-06,-1.43566148749513,-1.43566148749513,1,5.13659727108244E-05,5.13659727108244E-05,2566.40863599954,2566.40863599954,-282209.872723426,-282209.872723426,0.11113340705228,0.11113340705228,100000000000,-2459.71739191738,-2459.71739191738)
PVTTABLE POINT = (41800000,7.44,421.252839058556,421.252839058556,3.03386404790218E-06,3.03386404790218E-06,-1.43312688515428,-1.43312688515428,1,5.09687483832228E-05,5.09687483832228E-05,2568.42040485482,2568.42040485482,-278718.180970765,-278718.180970765,0.110481400671784,0.110481400671784,100000000000,-2447.24303403836,-2447.24303403836)
PVTTABLE POINT = (41800000,8.8,419.305610561158,419.305610561158,3.06367676421434E-06,3.06367676421434E-06,-1.43041499068251,-1.43041499068251,1,5.05792046934243E-05,5.05792046934243E-05,2570.3613544702,2570.3613544702,-275223.801328192,-275223.801328192,0.109839154403865,0.109839154403865,100000000000,-2434.81943611833,-2434.81943611833)
PVTTABLE POINT = (41800000,10.16,417.362190062058,417.362190062058,3.09328181944697E-06,3.09328181944697E-06,-1.42752712025182,-1.42752712025182,1,5.0197160732256E-05,5.0197160732256E-05,2572.23116142743,2572.23116142743,-271726.830339202,-271726.830339202,0.109206631540539,0.109206631540539,100000000000,-2422.44645123725,-2422.44645123725)
PVTTABLE POINT = (41800000,11.52,415.422815903866,415.422815903866,3.12266673246609E-06,3.12266673246609E-06,-1.42446474812495,-1.42446474812495,1,4.98224397714622E-05,4.98224397714622E-05,2574.02958548642,2574.02958548642,-268227.364930619,-268227.364930619,0.108583792970387,0.108583792970387,100000000000,-2410.12393593583,-2410.12393593583)
PVTTABLE POINT = (41800000,12.88,413.487724317869,413.487724317869,3.15181919787833E-06,3.15181919787833E-06,-1.421229504548,-1.421229504548,1,4.94548692222607E-05,4.94548692222607E-05,2575.75646986562,2575.75646986562,-264725.502299263,-264725.502299263,0.107970597203759,0.107970597203759,100000000000,-2397.85174975234,-2397.85174975234)
PVTTABLE POINT = (41800000,14.24,411.557149213537,411.557149213537,3.18072710598931E-06,3.18072710598931E-06,-1.41782317325439,-1.41782317325439,1,4.90942805917139E-05,4.90942805917139E-05,2577.41174131937,2577.41174131937,-261221.339798371,-261221.339798371,0.107367000402919,0.107367000402919,100000000000,-2385.62975476963,-2385.62975476963)
PVTTABLE POINT = (41800000,15.6,409.631321971706,409.631321971706,3.20937856231321E-06,3.20937856231321E-06,-1.41424768858829,-1.41424768858829,1,4.87405094369609E-05,4.87405094369609E-05,2578.99541001164,2578.99541001164,-257714.974824048,-257714.974824048,0.106772956416914,0.106772956416914,100000000000,-2373.45781517288,-2373.45781517288)
PVTTABLE POINT = (41800000,16.96,407.710471241905,407.710471241905,3.23776190656351E-06,3.23776190656351E-06,-1.41050513225745,-1.41050513225745,1,4.83933953173701E-05,4.83933953173701E-05,2580.50756918609,2580.50756918609,-254206.504702036,-254206.504702036,0.106188416820941,0.106188416820941,100000000000,-2361.33579681887,-2361.33579681887)
PVTTABLE POINT = (41800000,18.32,405.794822744356,405.794822744356,3.26586573105706E-06,3.26586573105706E-06,-1.40659772972731,-1.40659772972731,1,4.80527817446728E-05,4.80527817446728E-05,2581.94839463365,2581.94839463365,-250696.026575055,-250696.026575055,0.105613330959991,0.105613330959991,100000000000,-2349.26356681727,-2349.26356681727)
PVTTABLE POINT = (41800000,19.68,403.884599077116,403.884599077116,3.29367889846651E-06,3.29367889846651E-06,-1.40252784626952,-1.40252784626952,1,4.7718516131148E-05,4.7718516131148E-05,2583.31814395968,2583.31814395968,-247183.63729103,-247183.63729103,0.105047645996507,0.105047645996507,100000000000,-2337.24099312472,-2337.24099312472)
PVTTABLE POINT = (41800000,21.04,401.980019528808,401.980019528808,3.32119055885947E-06,3.32119055885947E-06,-1.39829798268029,-1.39829798268029,1,4.7390449735931E-05,4.7390449735931E-05,2584.61715565385,2584.61715565385,-243669.433292417,-243669.433292417,0.10449130696181,0.10449130696181,100000000000,-2325.26794415207,-2325.26794415207)
PVTTABLE POINT = (41800000,22.4,400.081299897408,400.081299897408,3.3483901659664E-06,3.3483901659664E-06,-1.39391077068498,-1.39391077068498,1,4.70684376095268E-05,4.70684376095268E-05,2585.84584796651,2585.84584796651,-240153.510506957,-240153.510506957,0.103944256811034,0.103944256811034,100000000000,-2313.34428838547,-2313.34428838547)
PVTTABLE POINT = (41800000,23.76,398.188652315464,398.188652315464,3.37526749262322E-06,3.37526749262322E-06,-1.38936896804688,-1.38936896804688,1,4.67523385366137E-05,4.67523385366137E-05,2587.00471759668,2587.00471759668,-236635.964240061,-236635.964240061,0.10340643648129,0.10340643648129,100000000000,-2301.46989402174,-2301.46989402174)
PVTTABLE POINT = (41800000,25.12,396.302285082176,396.302285082176,3.40181264533881E-06,3.40181264533881E-06,-1.38467545339973,-1.38467545339973,1,4.64420149772263E-05,4.64420149772263E-05,2588.09433819727,2588.09433819727,-233116.889069125,-233116.889069125,0.10287778495281,0.10287778495281,100000000000,-2289.64462861851,-2289.64462861851)
PVTTABLE POINT = (41800000,26.48,394.42240250267,394.42240250267,3.42801607794237E-06,3.42801607794237E-06,-1.3798332208242,-1.3798332208242,1,4.61373330064155E-05,4.61373330064155E-05,2589.11535870414,2589.11535870414,-229596.378739983,-229596.378739983,0.102358239312774,0.102358239312774,100000000000,-2277.86835875944,-2277.86835875944)
PVTTABLE POINT = (41800000,27.84,392.549204734811,392.549204734811,3.45386860427032E-06,3.45386860427032E-06,-1.37484537418996,-1.37484537418996,1,4.58381622524815E-05,4.58381622524815E-05,2590.06850149647,2590.06850149647,-226074.52606576,-226074.52606576,0.10184773482158,0.10184773482158,100000000000,-2266.14094973511,-2266.14094973511)
PVTTABLE POINT = (41800000,29.2,390.682887643861,390.682887643861,3.47936140985735E-06,3.47936140985735E-06,-1.36971512128568,-1.36971512128568,1,4.55443758338879E-05,4.55443758338879E-05,2590.95456039642,2590.95456039642,-222551.422828325,-222551.422828325,0.101346204981261,0.101346204981261,100000000000,-2254.46226523961,-2254.46226523961)
PVTTABLE POINT = (41800000,30.56,388.823642665248,388.823642665248,3.50448606260162E-06,3.50448606260162E-06,-1.36444576775999,-1.36444576775999,1,4.52558502949592E-05,4.52558502949592E-05,2591.77439851692,2591.77439851692,-219027.15968258,-219027.15968258,0.100853581605804,0.100853581605804,100000000000,-2242.83216708335,-2242.83216708335)
PVTTABLE POINT = (41800000,31.92,386.971656675689,386.971656675689,3.52923452237919E-06,3.52923452237919E-06,-1.35904071089718,-1.35904071089718,1,4.49724655404765E-05,4.49724655404765E-05,2592.52894596691,2592.52894596691,-215501.826063772,-215501.826063772,0.100369794893102,0.100369794893102,100000000000,-2231.25051492224,-2231.25051492224)
PVTTABLE POINT = (41800000,33.28,385.127111872886,385.127111872886,3.55359914958828E-06,3.55359914958828E-06,-1.35350343325164,-1.35350343325164,1,4.46941047692808E-05,4.46941047692808E-05,2593.21919742403,2593.21919742403,-211975.510098005,-211975.510098005,9.98947734982933E-02,9.98947734982933E-02,100000000000,-2219.71716600336,-2219.71716600336)
PVTTABLE POINT = (41800000,34.64,383.290185663949,383.290185663949,3.57757271260932E-06,3.57757271260932E-06,-1.34783749616532,-1.34783749616532,1,4.44206544070001E-05,4.44206544070001E-05,2593.84620958506,2593.84620958506,-208448.298516157,-208448.298516157,9.94284446082256E-02,9.94284446082256E-02,100000000000,-2208.2319749272,-2208.2319749272)
PVTTABLE POINT = (41800000,36,381.461050562709,381.461050562709,3.60114839417187E-06,3.60114839417187E-06,-1.34204653319284,-1.34204653319284,1,4.41520040380174E-05,4.41520040380174E-05,2594.41109850483,2594.41109850483,-204920.276571325,-204920.276571325,9.89707340168295E-02,9.89707340168295E-02,100000000000,-2196.79479342686,-2196.79479342686)
PVTTABLE POINT = (41800000,37.36,379.63987409602,379.63987409602,3.62431979662542E-06,3.62431979662542E-06,-1.33613424345848,-1.33613424345848,1,4.38880463367951E-05,4.38880463367951E-05,2594.91503683485,2594.91503683485,-201391.52795997,-201391.52795997,0.09852156620115,0.09852156620115,100000000000,-2185.4054701638,-2185.4054701638)
PVTTABLE POINT = (41800000,38.72,377.826818719126,377.826818719126,3.64708094611545E-06,3.64708094611545E-06,-1.3301043849693,-1.3301043849693,1,4.36286769986762E-05,4.36286769986762E-05,2595.35925097283,2595.35925097283,-197862.13474687,-197862.13474687,9.80808643978244E-02,9.80808643978244E-02,100000000000,-2174.06385054031,-2174.06385054031)
PVTTABLE POINT = (41800000,40.08,376.022041740143,376.022041740143,3.66942629567206E-06,3.66942629567206E-06,-1.32396076790826,-1.32396076790826,1,4.33737946702777E-05,4.33737946702777E-05,2595.7450181347,2595.7450181347,-194332.177294009,-194332.177294009,9.76485506797938E-02,9.76485506797938E-02,100000000000,-2162.76977652886,-2162.76977652886)
PVTTABLE POINT = (41800000,41.44,374.225695253657,374.225695253657,3.6913507272227E-06,3.6913507272227E-06,-1.31770724793083,-1.31770724793083,1,4.31233008795955E-05,4.31233008795955E-05,2596.07366336065,2596.07366336065,-190801.734193498,-190801.734193498,9.72245460330439E-02,9.72245460330439E-02,100000000000,-2151.52308651768,-2151.52308651768)
PVTTABLE POINT = (41800000,42.8,372.437926083428,372.437926083428,3.71284955254574E-06,3.71284955254574E-06,-1.31134771948765,-1.31134771948765,1,4.28770999659353E-05,4.28770999659353E-05,2596.3465564669,2596.3465564669,-187270.882204592,-187270.882204592,9.68087704331833E-02,9.68087704331833E-02,100000000000,-2140.32361517297,-2140.32361517297)
PVTTABLE POINT = (41800000,44.16,370.658875734142,370.658875734142,3.73391851318579E-06,3.73391851318579E-06,-1.30488610919554,-1.30488610919554,1,4.26350990097859E-05,4.26350990097859E-05,2596.56510895469,2596.56510895469,-183739.696194904,-183739.696194904,9.64011429216775E-02,9.64011429216775E-02,100000000000,-2129.17119331706,-2129.17119331706)
PVTTABLE POINT = (41800000,45.52,368.888680352136,368.888680352136,3.75455377935604E-06,3.75455377935604E-06,-1.29832636927797,-1.29832636927797,1,4.23972077627451E-05,4.23972077627451E-05,2596.73077088802,2596.73077088802,-180208.249085822,-180208.249085822,9.60015816815683E-02,9.60015816815683E-02,100000000000,-2118.06564782261,-2118.06564782261)
PVTTABLE POINT = (41800000,46.88,367.127470694979,367.127470694979,3.77475194785681E-06,3.77475194785681E-06,-1.29167247109533,-1.29167247109533,1,4.21633385776111E-05,4.21633385776111E-05,2596.84502775136,2596.84502775136,-176676.611802208,-176676.611802208,9.56100041125127E-02,9.56100041125127E-02,100000000000,-2107.0068015223,-2107.0068015223)
PVTTABLE POINT = (41800000,48.24,365.375372109793,365.375372109793,3.79451003904305E-06,3.79451003904305E-06,-1.28492839878426,-1.28492839878426,1,4.19334063387431E-05,4.19334063387431E-05,2596.90939729847,2596.90939729847,-173144.853226362,-173144.853226362,9.52263269049943E-02,9.52263269049943E-02,100000000000,-2095.99447313386,-2095.99447313386)
PVTTABLE POINT = (41800000,49.6,363.632504520123,363.632504520123,3.81382549287697E-06,3.81382549287697E-06,-1.27809814302425,-1.27809814302425,1,4.17073283927983E-05,4.17073283927983E-05,2596.92542640292,2596.92542640292,-169613.040156283,-169613.040156283,9.48504661135645E-02,9.48504661135645E-02,100000000000,-2085.02847719997,-2085.02847719997)
PVTTABLE POINT = (41800000,50.96,361.898982421201,361.898982421201,3.83269616410492E-06,3.83269616410492E-06,-1.27118569494848,-1.27118569494848,1,4.14850244799419E-05,4.14850244799419E-05,2596.89468792088,2596.89468792088,-166081.237268198,-166081.237268198,9.44823372289783E-02,9.44823372289783E-02,100000000000,-2074.10862404256,-2074.10862404256)
PVTTABLE POINT = (41800000,52.32,360.174914883378,360.174914883378,3.85112031660014E-06,3.85112031660014E-06,-1.26419504021471,-1.26419504021471,1,4.12664166656288E-05,4.12664166656288E-05,2596.81877757603,2596.81877757603,-162549.507083348,-162549.507083348,9.41218552491105E-02,9.41218552491105E-02,100000000000,-2063.23471973134,-2063.23471973134)
PVTTABLE POINT = (41800000,53.68,358.460405563507,358.460405563507,3.86909661691565E-06,3.86909661691565E-06,-1.25713015325073,-1.25713015325073,1,4.10514292730468E-05,4.10514292730468E-05,2596.69931087622,2596.69931087622,-159017.909938991,-159017.909938991,0.093768934748534,0.093768934748534,100000000000,-2052.40656606571,-2052.40656606571)
PVTTABLE POINT = (41800000,55.04,356.755552724019,356.755552724019,3.88662412709306E-06,3.88662412709306E-06,-1.2499949916876,-1.2499949916876,1,4.08399888163083E-05,4.08399888163083E-05,2596.53792007094,2596.53792007094,-155486.503963566,-155486.503963566,9.34234899466584E-02,9.34234899466584E-02,100000000000,-2041.62396056993,-2041.62396056993)
PVTTABLE POINT = (41800000,56.4,355.060449259443,355.060449259443,3.90370229677501E-06,3.90370229677501E-06,-1.24279349099249,-1.24279349099249,1,4.06320239344744E-05,4.06320239344744E-05,2596.33625115815,2596.33625115815,-151955.34505597,-151955.34505597,9.30854347743384E-02,9.30854347743384E-02,100000000000,-2030.88669650077,-2030.88669650077)
PVTTABLE POINT = (41800000,57.76,353.375182730078,353.375182730078,3.92033095467022E-06,3.92033095467022E-06,-1.23552955931182,-1.23552955931182,1,4.04274653264856E-05,4.04274653264856E-05,2596.09596094851,2596.09596094851,-148424.486868857,-148424.486868857,9.27546829388634E-02,9.27546829388634E-02,100000000000,-2020.19456286728,-2020.19456286728)
PVTTABLE POINT = (41800000,59.12,351.699835402533,351.699835402533,3.93651029942069E-06,3.93651029942069E-06,-1.2282070725337,-1.2282070725337,1,4.02262456870734E-05,4.02262456870734E-05,2595.81871419441,2595.81871419441,-144893.980795901,-144893.980795901,9.24311479872545E-02,9.24311479872545E-02,100000000000,-2009.54734446201,-2009.54734446201)
PVTTABLE POINT = (41800000,60.48,350.034484296827,350.034484296827,3.95224088992182E-06,3.95224088992182E-06,-1.22082986957779,-1.22082986957779,1,4.00282996437185E-05,4.00282996437185E-05,2595.5061807908,2595.5061807908,-141363.8759629,-141363.8759629,9.21147433677993E-02,9.21147433677993E-02,100000000000,-1998.94482190322,-1998.94482190322)
PVTTABLE POINT = (41800000,61.84,348.379201239736,348.379201239736,3.96752363514583E-06,3.96752363514583E-06,-1.21340174791893,-1.21340174791893,1,3.98335636947165E-05,3.98335636947165E-05,2595.160033054,2595.160033054,-137834.219222644,-137834.219222644,9.18053824897666E-02,9.18053824897666E-02,100000000000,-1988.38677168742,-1988.38677168742)
PVTTABLE POINT = (41800000,63.2,346.734052924069,346.734052924069,3.98235978351938E-06,3.98235978351938E-06,-1.20592645934998,-1.20592645934998,1,3.96419761484072E-05,3.96419761484072E-05,2594.78194308417,2594.78194308417,-134305.05515343,-134305.05515343,9.15029787812464E-02,9.15029787812464E-02,100000000000,-1977.87296625177,-1977.87296625177)
PVTTABLE POINT = (41800000,64.56,345.099100973536,345.099100973536,3.99675091190581E-06,3.99675091190581E-06,-1.1984077059878,-1.1984077059878,1,3.94534770636183E-05,3.94534770636183E-05,2594.37358021664,2594.37358021664,-130776.42606109,-130776.42606109,9.12074457450726E-02,9.12074457450726E-02,100000000000,-1967.40317404561,-1967.40317404561)
PVTTABLE POINT = (41800000,65.92,343.474402012887,343.474402012887,4.0106989142418E-06,4.0106989142418E-06,-1.19084913652527,-1.19084913652527,1,3.9268008191368E-05,3.9268008191368E-05,2593.93660856653,2593.93660856653,-127248.371984441,-127248.371984441,9.09186970127904E-02,9.09186970127904E-02,100000000000,-1956.97715961064,-1956.97715961064)
PVTTABLE POINT = (41800000,67.28,341.860007742975,341.860007742975,4.02420598987748E-06,4.02420598987748E-06,-1.18325434273086,-1.18325434273086,1,3.90855129178662E-05,3.90855129178662E-05,2593.47268467043,2593.47268467043,-123720.930703992,-123720.930703992,9.06366463966383E-02,9.06366463966383E-02,100000000000,-1946.59468366916,-1946.59468366916)
PVTTABLE POINT = (41800000,68.64,340.255965020413,340.255965020413,4.03727463166827E-06,4.03727463166827E-06,-1.17562685619647,-1.17562685619647,1,3.89059362088486E-05,3.89059362088486E-05,2592.98345522866,2592.98345522866,-120194.137753803,-120194.137753803,9.03612079395203E-02,9.03612079395203E-02,100000000000,-1936.25550321972,-1936.25550321972)
PVTTABLE POINT = (42400000,2,430.806200041479,430.806200041479,2.85818261036609E-06,2.85818261036609E-06,-1.42885925896638,-1.42885925896638,1,5.30283508829418E-05,5.30283508829418E-05,2552.6229586156,2552.6229586156,-292554.379849694,-292554.379849694,0.113790001927274,0.113790001927274,100000000000,-2502.10601910619,-2502.10601910619)
PVTTABLE POINT = (42400000,3.36,428.864245406063,428.864245406063,2.88796422477253E-06,2.88796422477253E-06,-1.42692721027669,-1.42692721027669,1,5.26043869128266E-05,5.26043869128266E-05,2554.84356822884,2554.84356822884,-289081.295122686,-289081.295122686,0.113108905867638,0.113108905867638,100000000000,-2489.51460221102,-2489.51460221102)
PVTTABLE POINT = (42400000,4.72,426.925037218251,426.925037218251,2.9175975475916E-06,2.9175975475916E-06,-1.42482048569649,-1.42482048569649,1,5.21887158694405E-05,5.21887158694405E-05,2556.99780119268,2556.99780119268,-285605.235436002,-285605.235436002,0.112437601252947,0.112437601252947,100000000000,-2476.97423112273,-2476.97423112273)
PVTTABLE POINT = (42400000,6.08,424.988812511777,424.988812511777,2.94707023387146E-06,2.94707023387146E-06,-1.42253988355348,-1.42253988355348,1,5.17811440051187E-05,5.17811440051187E-05,2559.08510678006,2559.08510678006,-282126.291445011,-282126.291445011,0.111776058563619,0.111776058563619,100000000000,-2464.48473283891,-2464.48473283891)
PVTTABLE POINT = (42400000,7.44,423.055807130477,423.055807130477,2.97637002439564E-06,2.97637002439564E-06,-1.42008635525391,-1.42008635525391,1,5.13814818099658E-05,5.13814818099658E-05,2561.10501088675,2561.10501088675,-278644.554502069,-278644.554502069,0.111124245904568,0.111124245904568,100000000000,-2452.0459393691,-2452.0459393691)
PVTTABLE POINT = (42400000,8.8,421.126255520651,421.126255520651,3.0054847651668E-06,3.0054847651668E-06,-1.41746100441867,-1.41746100441867,1,5.09895439780958E-05,5.09895439780958E-05,2563.05711683645,2563.05711683645,-275160.116551743,-275160.116551743,0.110482129013761,0.110482129013761,100000000000,-2439.65768726529,-2439.65768726529)
PVTTABLE POINT = (42400000,10.16,419.200390524847,419.200390524847,3.034402426753E-06,3.034402426753E-06,-1.41466508564946,-1.41466508564946,1,5.06051493716852E-05,5.06051493716852E-05,2564.94110600682,2564.94110600682,-271673.070025067,-271673.070025067,0.109849671276043,0.109849671276043,100000000000,-2427.31981716042,-2427.31981716042)
PVTTABLE POINT = (42400000,11.52,417.278443177572,417.278443177572,3.06311112342864E-06,3.06311112342864E-06,-1.41170000292748,-1.41170000292748,1,5.02281209828688E-05,5.02281209828688E-05,2566.75673827303,2566.75673827303,-268183.507733058,-268183.507733058,0.109226833742048,0.109226833742048,100000000000,-2415.03217331518,-2415.03217331518)
PVTTABLE POINT = (42400000,12.88,415.360642503436,415.360642503436,3.09159913204224E-06,3.09159913204224E-06,-1.40856730764843,-1.40856730764843,1,4.98582858935157E-05,4.98582858935157E-05,2568.5038522663,2568.5038522663,-264691.522759773,-264691.522759773,0.108613575152077,0.108613575152077,100000000000,-2402.79460317407,-2402.79460317407)
PVTTABLE POINT = (42400000,14.24,413.447215318206,413.447215318206,3.11985491054469E-06,3.11985491054469E-06,-1.4052686962995,-1.4052686962995,1,4.94954752329258E-05,4.94954752329258E-05,2570.18236544597,2570.18236544597,-261197.208355119,-261197.208355119,0.108009851964747,0.108009851964747,100000000000,-2390.6069569312,-2390.6069569312)
PVTTABLE POINT = (42400000,15.6,411.538386033257,411.538386033257,3.14786711611249E-06,3.14786711611249E-06,-1.40180600778582,-1.40180600778582,1,4.91395241334967E-05,4.91395241334967E-05,2571.79227398415,2571.79227398415,-257700.657827715,-257700.657827715,0.10741561839021,0.10741561839021,100000000000,-2378.46908710634,-2378.46908710634)
PVTTABLE POINT = (42400000,16.96,409.6343764639,409.6343764639,3.17562462280252E-06,3.17562462280252E-06,-1.39818122041535,-1.39818122041535,1,4.87902716844104E-05,4.87902716844104E-05,2573.33365246328,2573.33365246328,-254201.96443802,-254201.96443802,0.10683082642775,0.10683082642775,100000000000,-2366.38084813203,-2366.38084813203)
PVTTABLE POINT = (42400000,18.32,407.735405642031,407.735405642031,3.2031165386769E-06,3.2031165386769E-06,-1.39439644855273,-1.39439644855273,1,4.84475608834009E-05,4.84475608834009E-05,2574.80665338744,2574.80665338744,-250701.221292008,-250701.221292008,0.106255425907524,0.106255425907524,100000000000,-2354.34209595212,-2354.34209595212)
PVTTABLE POINT = (42400000,19.68,405.841689633551,405.841689633551,3.23033222233901E-06,3.23033222233901E-06,-1.3904539389545,-1.3904539389545,1,4.81112385866638E-05,4.81112385866638E-05,2576.21150650936,2576.21150650936,-247198.521235632,-247198.521235632,0.105689364536206,0.105689364536206,100000000000,-2342.35268763238,-2342.35268763238)
PVTTABLE POINT = (42400000,21.04,403.953441360978,403.953441360978,3.25726129882479E-06,3.25726129882479E-06,-1.38635606679911,-1.38635606679911,1,4.7781155456979E-05,4.7781155456979E-05,2577.54851797585,2577.54851797585,-243693.956750325,-243693.956750325,0.105132587946314,0.105132587946314,100000000000,-2330.4124809837,-2330.4124809837)
PVTTABLE POINT = (42400000,22.4,402.070870431657,402.070870431657,3.28389367479622E-06,3.28389367479622E-06,-1.38210533142687,-1.38210533142687,1,4.74571659101183E-05,4.74571659101183E-05,2578.81806929526,2578.81806929526,-240187.619849792,-240187.619849792,0.104585039748942,0.104585039748942,100000000000,-2318.52133419826,-2318.52133419826)
PVTTABLE POINT = (42400000,23.76,400.194182971958,400.194182971958,3.31021955298808E-06,3.31021955298808E-06,-1.37770435180606,-1.37770435180606,1,4.71391280596175E-05,4.71391280596175E-05,2580.0206161313,2580.0206161313,-236679.601978308,-236679.601978308,0.104046661589662,0.104046661589662,100000000000,-2306.67910549931,-2306.67910549931)
PVTTABLE POINT = (42400000,25.12,398.323581467805,398.323581467805,3.33622944586215E-06,3.33622944586215E-06,-1.37315586174273,-1.37315586174273,1,4.68269036599973E-05,4.68269036599973E-05,2581.15668692843,2581.15668692843,-233169.993910795,-233169.993910795,0.10351739320733,0.10351739320733,100000000000,-2294.8856528047,-2294.8856528047)
PVTTABLE POINT = (42400000,26.48,396.459264611893,396.459264611893,3.36191418842765E-06,3.36191418842765E-06,-1.36846270485262,-1.36846270485262,1,4.65203580485197E-05,4.65203580485197E-05,2582.2268813747,2582.2268813747,-229658.88565486,-229658.88565486,0.102997172495538,0.102997172495538,100000000000,-2283.14083340482,-2283.14083340482)
PVTTABLE POINT = (42400000,27.84,394.601427157891,394.601427157891,3.38726495019061E-06,3.38726495019061E-06,-1.36362782931467,-1.36362782931467,1,4.62193600855719E-05,4.62193600855719E-05,2583.23186870878,2583.23186870878,-226146.366355038,-226146.366355038,0.102485935566445,0.102485935566445,100000000000,-2271.44450365512,-2271.44450365512)
PVTTABLE POINT = (42400000,29.2,392.750259781916,392.750259781916,3.41227324619957E-06,3.41227324619957E-06,-1.35865428242646,-1.35865428242646,1,4.59237820937742E-05,4.59237820937742E-05,2584.1723858783,2584.1723858783,-222632.52419944,-222632.52419944,0.101983616816746,0.101983616816746,100000000000,-2259.79651868342,-2259.79651868342)
PVTTABLE POINT = (42400000,30.56,390.905948951536,390.905948951536,3.43693094715937E-06,3.43693094715937E-06,-1.35354520498234,-1.35354520498234,1,4.56334997959105E-05,4.56334997959105E-05,2585.04923555754,2585.04923555754,-219117.446329005,-219117.446329005,0.101490148995499,0.101490148995499,100000000000,-2248.19673211257,-2248.19673211257)
PVTTABLE POINT = (42400000,31.92,389.068676802526,389.068676802526,3.46123028858968E-06,3.46123028858968E-06,-1.34830382549576,-1.34830382549576,1,4.53483922517821E-05,4.53483922517821E-05,2585.8632840327,2585.8632840327,-215601.21874953,-215601.21874953,0.101005463273586,0.101005463273586,100000000000,-2236.64499579828,-2236.64499579828)
PVTTABLE POINT = (42400000,33.28,387.23862102358,387.23862102358,3.48516387900953E-06,3.48516387900953E-06,-1.34293345428772,-1.34293345428772,1,4.50683417940917E-05,4.50683417940917E-05,2586.61545896399,2586.61545896399,-212083.926246668,-212083.926246668,0.100529489314542,0.100529489314542,100000000000,-2225.14115958258,-2225.14115958258)
PVTTABLE POINT = (42400000,34.64,385.415954749129,385.415954749129,3.50872470713413E-06,3.50872470713413E-06,-1.33743747746326,-1.33743747746326,1,4.4793233963461E-05,4.4793233963461E-05,2587.30674703352,2587.30674703352,-208565.652304047,-208565.652304047,0.100062155346517,0.100062155346517,100000000000,-2213.68507106281,-2213.68507106281)
PVTTABLE POINT = (42400000,36,383.600846460433,383.600846460433,3.5319061480746E-06,3.5319061480746E-06,-1.33181935079843,-1.33181935079843,1,4.45229574426927E-05,4.45229574426927E-05,2587.93819148897,2587.93819148897,-205046.479024658,-205046.479024658,9.96033882351532E-02,9.96033882351532E-02,100000000000,-2202.27657537644,-2202.27657537644)
PVTTABLE POINT = (42400000,37.36,381.793459895017,381.793459895017,3.5547019685367E-06,3.5547019685367E-06,-1.32608259355966,-1.32608259355966,1,4.42574039903837E-05,4.42574039903837E-05,2588.51088959299,2588.51088959299,-201526.487055653,-201526.487055653,9.91531135571325E-02,9.91531135571325E-02,100000000000,-2190.91551500146,-2190.91551500146)
PVTTABLE POINT = (42400000,38.72,379.993953964555,379.993953964555,3.57710633101849E-06,3.57710633101849E-06,-1.32023078227786,-1.32023078227786,1,4.3996468374001E-05,4.3996468374001E-05,2589.02598998845,2589.02598998845,-198005.755516663,-198005.755516663,9.87112556741905E-02,9.87112556741905E-02,100000000000,-2179.60172957254,-2179.60172957254)
PVTTABLE POINT = (42400000,40.08,378.202482681243,378.202482681243,3.59911379701216E-06,3.59911379701216E-06,-1.31426754449883,-1.31426754449883,1,4.37400483025279E-05,4.37400483025279E-05,2589.48468999015,2589.48468999015,-194484.361931757,-194484.361931757,9.82777378073919E-02,9.82777378073919E-02,100000000000,-2168.33505571286,-2168.33505571286)
PVTTABLE POINT = (42400000,41.44,376.419195092665,376.419195092665,3.62071932921919E-06,3.62071932921919E-06,-1.30819655253142,-1.30819655253142,1,4.34880443587933E-05,4.34880443587933E-05,2589.88823281331,2589.88823281331,-190962.382165128,-190962.382165128,0.097852482111463,0.097852482111463,100000000000,-2157.11532688131,-2157.11532688131)
PVTTABLE POINT = (42400000,42.8,374.644235225164,374.644235225164,3.64191829279242E-06,3.64191829279242E-06,-1.3020215172143,-1.3020215172143,1,4.32403599315894E-05,4.32403599315894E-05,2590.23790474951,2590.23790474951,-187439.890360581,-187439.890360581,9.74354097489996E-02,9.74354097489996E-02,100000000000,-2145.94237323526,-2145.94237323526)
PVTTABLE POINT = (42400000,44.16,372.877742035651,372.877742035651,3.66270645562278E-06,3.66270645562278E-06,-1.29574618172158,-1.29574618172158,1,4.29969011476869E-05,4.29969011476869E-05,2590.53503230058,2590.53503230058,-183916.958884894,-183916.958884894,9.70264409643695E-02,9.70264409643695E-02,100000000000,-2134.81602150835,-2134.81602150835)
PVTTABLE POINT = (42400000,45.52,371.119849371816,371.119849371816,3.68307998769207E-06,3.68307998769207E-06,-1.28937431542679,-1.28937431542679,1,4.27575768038542E-05,4.27575768038542E-05,2590.78097928076,2590.78097928076,-180393.658275102,-180393.658275102,9.66254951571437E-02,9.66254951571437E-02,100000000000,-2123.73609490324,-2123.73609490324)
PVTTABLE POINT = (42400000,46.88,369.370685940622,369.370685940622,3.70303545951676E-06,3.70303545951676E-06,-1.28290970784392,-1.28290970784392,1,4.25222982989818E-05,4.25222982989818E-05,2590.97714389763,2590.97714389763,-176870.057189731,-176870.057189731,9.62324909548965E-02,9.62324909548965E-02,100000000000,-2112.70241299911,-2112.70241299911)
PVTTABLE POINT = (42400000,48.24,367.630375284984,367.630375284984,3.72256983971146E-06,3.72256983971146E-06,-1.27635616266332,-1.27635616266332,1,4.22909795664161E-05,4.22909795664161E-05,2591.12495582161,2591.12495582161,-173346.222364019,-173346.222364019,9.58473462852288E-02,9.58473462852288E-02,100000000000,-2101.71479167348,-2101.71479167348)
PVTTABLE POINT = (42400000,49.6,365.899035768481,365.899035768481,3.74168049170324E-06,3.74168049170324E-06,-1.26971749189934,-1.26971749189934,1,4.20635370065979E-05,4.20635370065979E-05,2591.2258732542,2591.2258732542,-169822.218569119,-169822.218569119,9.54699784468764E-02,9.54699784468764E-02,100000000000,-2090.77304303803,-2090.77304303803)
PVTTABLE POINT = (42400000,50.96,364.176780567945,364.176780567945,3.76036516963112E-06,3.76036516963112E-06,-1.26299751016549,-1.26299751016549,1,4.18398894201026E-05,4.18398894201026E-05,2591.28138000413,2591.28138000413,-166298.108575287,-166298.108575287,9.51003041797707E-02,9.51003041797707E-02,100000000000,-2079.87697538812,-2079.87697538812)
PVTTABLE POINT = (42400000,52.32,362.463717673738,362.463717673738,3.77862201346748E-06,3.77862201346748E-06,-1.25620002909183,-1.25620002909183,1,4.16199579411732E-05,4.16199579411732E-05,2591.29298258091,2591.29298258091,-162773.953119032,-162773.953119032,9.47382397339416E-02,9.47382397339416E-02,100000000000,-2069.02639316562,-2069.02639316562)
PVTTABLE POINT = (42400000,53.68,360.759949897516,360.759949897516,3.79644954340011E-06,3.79644954340011E-06,-1.24932885189823,-1.24932885189823,1,4.14036659718328E-05,4.14036659718328E-05,2591.26220731444,2591.26220731444,-159249.810874212,-159249.810874212,0.094383700937145,0.094383700937145,100000000000,-2058.22109693446,-2058.22109693446)
PVTTABLE POINT = (42400000,55.04,359.065574887268,359.065574887268,3.8138466535158E-06,3.8138466535158E-06,-1.24238776813591,-1.24238776813591,1,4.11909391166609E-05,4.11909391166609E-05,2591.19059750902,2591.19059750902,-155725.738427008,-155725.738427008,9.40366032611185E-02,9.40366032611185E-02,100000000000,-2047.46088336874,-2047.46088336874)
PVTTABLE POINT = (42400000,56.4,357.380685149376,357.380685149376,3.83081260482753E-06,3.83081260482753E-06,-1.23538054860854,-1.23538054860854,1,4.09817051183133E-05,4.09817051183133E-05,2591.0797106399,2591.0797106399,-152201.790254762,-152201.790254762,9.36968618863747E-02,9.36968618863747E-02,100000000000,-2036.74554525261,-2036.74554525261)
PVTTABLE POINT = (42400000,57.76,355.705368077456,355.705368077456,3.84734701768904E-06,3.84734701768904E-06,-1.22831094048291,-1.22831094048291,1,4.07758937938584E-05,4.07758937938584E-05,2590.93111559955,2590.93111559955,-148678.018708571,-148678.018708571,9.33643917654463E-02,9.33643917654463E-02,100000000000,-2026.07487149174,-2026.07487149174)
PVTTABLE POINT = (42400000,59.12,354.039705987723,354.039705987723,3.86344986364117E-06,3.86344986364117E-06,-1.22118266259818,-1.22118266259818,1,4.05734369720028E-05,4.05734369720028E-05,2590.74639000091,2590.74639000091,-145154.473999609,-145154.473999609,0.093039107684513,0.093039107684513,100000000000,-2015.44864713563,-2015.44864713563)
PVTTABLE POINT = (42400000,60.48,352.383776160587,352.383776160587,3.87912145673514E-06,3.87912145673514E-06,-1.21399940098109,-1.21399940098109,1,4.03742684312685E-05,4.03742684312685E-05,2590.52711754384,2590.52711754384,-141631.204189064,-141631.204189064,9.27209243233391E-02,9.27209243233391E-02,100000000000,-2004.8666534104,-2004.8666534104)
PVTTABLE POINT = (42400000,61.84,350.737650888204,350.737650888204,3.89436244437841E-06,3.89436244437841E-06,-1.20676480457395,-1.20676480457395,1,4.01783238391844E-05,4.01783238391844E-05,2590.2748854508,2590.2748854508,-138108.255181607,-138108.255181607,9.24097563134686E-02,9.24097563134686E-02,100000000000,-1994.32866776147,-1994.32866776147)
PVTTABLE POINT = (42400000,63.2,349.1013975277,349.1013975277,3.90917379774887E-06,3.90917379774887E-06,-1.19948248118049,-1.19948248118049,1,3.99855406925464E-05,3.99855406925464E-05,2589.99128197721,2589.99128197721,-134585.67072231,-134585.67072231,9.21055182946224E-02,9.21055182946224E-02,100000000000,-1983.83446390566,-1983.83446390566)
PVTTABLE POINT = (42400000,64.56,347.475078559742,347.475078559742,3.92355680182274E-06,3.92355680182274E-06,-1.19215599363375,-1.19215599363375,1,3.97958582587973E-05,3.97958582587973E-05,2589.67789400121,2589.67789400121,-131063.492396881,-131063.492396881,9.18081249692579E-02,9.18081249692579E-02,100000000000,-1973.38381189206,-1973.38381189206)
PVTTABLE POINT = (42400000,65.92,345.858751652184,345.858751652184,3.93751304506169E-06,3.93751304506169E-06,-1.18478885618925,-1.18478885618925,1,3.96092175185714E-05,3.96092175185714E-05,2589.33630469726,2589.33630469726,-127541.759635138,-127541.759635138,9.15174911552517E-02,9.15174911552517E-02,100000000000,-1962.97647817125,-1962.97647817125)
PVTTABLE POINT = (42400000,67.28,344.252469728452,344.252469728452,3.95104440880354E-06,3.95104440880354E-06,-1.17738453114528,-1.17738453114528,1,3.94255611094454E-05,3.94255611094454E-05,2588.96809129725,2588.96809129725,-124020.509717572,-124020.509717572,9.12335318366781E-02,9.12335318366781E-02,100000000000,-1952.61222567221,-1952.61222567221)
PVTTABLE POINT = (42400000,68.64,342.656281040377,342.656281040377,3.9641530564005E-06,3.9641530564005E-06,-1.16994642569128,-1.16994642569128,1,3.92448332709305E-05,3.92448332709305E-05,2588.57482294249,2588.57482294249,-120499.777784902,-120499.777784902,9.09561622126584E-02,9.09561622126584E-02,100000000000,-1942.29081388657,-1942.29081388657)
PVTTABLE POINT = (43000000,2,432.505199166006,432.505199166006,2.80545284962255E-06,2.80545284962255E-06,-1.41584683861103,-1.41584683861103,1,5.34493664125276E-05,5.34493664125276E-05,2545.50037042836,2545.50037042836,-292424.603671367,-292424.603671367,0.114426124205482,0.114426124205482,100000000000,-2506.68611662105,-2506.68611662105)
PVTTABLE POINT = (43000000,3.36,430.580900497787,430.580900497787,2.83452912867176E-06,2.83452912867176E-06,-1.41397586352073,-1.41397586352073,1,5.30228087171102E-05,5.30228087171102E-05,2547.71979153486,2547.71979153486,-288961.206791543,-288961.206791543,0.113745390651444,0.113745390651444,100000000000,-2494.12982232365,-2494.12982232365)
PVTTABLE POINT = (43000000,4.72,428.659261589692,428.659261589692,2.86346465138566E-06,2.86346465138566E-06,-1.41193554225372,-1.41193554225372,1,5.26045874336694E-05,5.26045874336694E-05,2549.87566135859,2549.87566135859,-285494.834649389,-285494.834649389,0.113074385949986,0.113074385949986,100000000000,-2481.62440042139,-2481.62440042139)
PVTTABLE POINT = (43000000,6.08,426.740512248014,426.740512248014,2.89224766466284E-06,2.89224766466284E-06,-1.40972664090877,-1.40972664090877,1,5.21945087823294E-05,5.21945087823294E-05,2551.96744674436,2551.96744674436,-282025.574045355,-282025.574045355,0.112413080469876,0.112413080469876,100000000000,-2469.16966576591,-2469.16966576591)
PVTTABLE POINT = (43000000,7.44,424.824881138634,424.824881138634,2.92086649471306E-06,2.92086649471306E-06,-1.40735007036116,-1.40735007036116,1,5.17923831688666E-05,5.17923831688666E-05,2553.99468697909,2553.99468697909,-278553.512455819,-278553.512455819,0.111761442274118,0.111761442274118,100000000000,-2456.7654383226,-2456.7654383226)
PVTTABLE POINT = (43000000,8.8,422.912595590639,422.912595590639,2.94930956514377E-06,2.94930956514377E-06,-1.40480688544206,-1.40480688544206,1,5.13980251517487E-05,5.13980251517487E-05,2555.95699453359,2555.95699453359,-275078.737934035,-275078.737934035,0.111119437127767,0.111119437127767,100000000000,-2444.41154271952,-2444.41154271952)
PVTTABLE POINT = (43000000,10.16,421.003881401293,421.003881401293,2.97756541492237E-06,2.97756541492237E-06,-1.40209828377668,-1.40209828377668,1,5.10112534070919E-05,5.10112534070919E-05,2557.85405563915,2557.85405563915,-271601.339010198,-271601.339010198,0.110487028510792,0.110487028510792,100000000000,-2432.10780780406,-2432.10780780406)
PVTTABLE POINT = (43000000,11.52,419.098962642823,419.098962642823,3.00562271615287E-06,3.00562271615287E-06,-1.39922560428335,-1.39922560428335,1,5.06318906915661E-05,5.06318906915661E-05,2559.6856306959,2559.6856306959,-268121.40459083,-268121.40459083,0.109864177635874,0.109864177635874,100000000000,-2419.85406620781,-2419.85406620781)
PVTTABLE POINT = (43000000,12.88,417.198061471469,417.198061471469,3.03347029160551E-06,3.03347029160551E-06,-1.39619032533715,-1.39619032533715,1,5.02597638032825E-05,5.02597638032825E-05,2561.45155451084,2561.45155451084,-264639.023857728,-264639.023857728,0.109250843470995,0.109250843470995,100000000000,-2407.65015392031,-2407.65015392031)
PVTTABLE POINT = (43000000,14.24,415.30139793926,415.30139793926,3.06109713193923E-06,3.06109713193923E-06,-1.39299406260332,-1.39299406260332,1,4.98947035407048E-05,4.98947035407048E-05,2563.15173636397,2563.15173636397,-261154.286166707,-261154.286166707,0.108646982766635,0.108646982766635,100000000000,-2395.49590987212,-2395.49590987212)
PVTTABLE POINT = (43000000,15.6,413.409189808956,413.409189808956,3.0884924125576E-06,3.0884924125576E-06,-1.38963856654713,-1.38963856654713,1,4.95365446596268E-05,4.95365446596268E-05,2564.78615990192,2564.78615990192,-257667.280946373,-257667.280946373,0.108052550087416,0.108052550087416,100000000000,-2383.39117552793,-2383.39117552793)
PVTTABLE POINT = (43000000,16.96,411.521652372591,411.521652372591,3.1156455100408E-06,3.1156455100408E-06,-1.38612571962848,-1.38612571962848,1,4.91851258282674E-05,4.91851258282674E-05,2566.35488285922,2566.35488285922,-254178.09759715,-254178.09759715,0.107467497847971,0.107467497847971,100000000000,-2371.33579449002,-2371.33579449002)
PVTTABLE POINT = (43000000,18.32,409.638998274045,409.638998274045,3.14254601809783E-06,3.14254601809783E-06,-1.38245753319095,-1.38245753319095,1,4.88402895805367E-05,4.88402895805367E-05,2567.85803660808,2567.85803660808,-250686.825390808,-250686.825390808,0.106891776352852,0.106891776352852,100000000000,-2359.32961211277,-2359.32961211277)
PVTTABLE POINT = (43000000,19.68,407.761437336042,407.761437336042,3.16918376298534E-06,3.16918376298534E-06,-1.37863614405614,-1.37863614405614,1,4.85018822675325E-05,4.85018822675325E-05,2569.29582553843,2569.29582553843,-247193.55337072,-247193.55337072,0.106325333840227,0.106325333840227,100000000000,-2347.37247512861,-2347.37247512861)
PVTTABLE POINT = (43000000,21.04,405.889176391979,405.889176391979,3.19554881834224E-06,3.19554881834224E-06,-1.37466381083602,-1.37466381083602,1,4.81697540073314E-05,4.81697540073314E-05,2570.66852627055,2570.66852627055,-243698.370253071,-243698.370253071,0.105768116529166,0.105768116529166,100000000000,-2335.46423128591,-2335.46423128591)
PVTTABLE POINT = (43000000,22.4,404.022419122949,404.022419122949,3.22163151939198E-06,3.22163151939198E-06,-1.37054290997654,-1.37054290997654,1,4.78437586331424E-05,4.78437586331424E-05,2571.97648670378,2571.97648670378,-240201.36432926,-240201.36432926,0.105220068670244,0.105220068670244,100000000000,-2323.60472899921,-2323.60472899921)
PVTTABLE POINT = (43000000,23.76,402.161365900324,402.161365900324,3.24742247646737E-06,3.24742247646737E-06,-1.36627593154755,-1.36627593154755,1,4.75237536398973E-05,4.75237536398973E-05,2573.22012490489,2573.22012490489,-236702.62336969,-236702.62336969,0.104681132599252,0.104681132599252,100000000000,-2311.79381701223,-2311.79381701223)
PVTTABLE POINT = (43000000,25.12,400.306213634226,400.306213634226,3.27291258781636E-06,3.27291258781636E-06,-1.3618654747947,-1.3618654747947,1,4.72096001293539E-05,4.72096001293539E-05,2574.39992784115,2574.39992784115,-233202.234529191,-233202.234529191,0.104151248793736,0.104151248793736,100000000000,-2300.03134407403,-2300.03134407403)
PVTTABLE POINT = (43000000,26.48,398.457155628194,398.457155628194,3.29809305165075E-06,3.29809305165075E-06,-1.35731424347017,-1.35731424347017,1,4.6901162753794E-05,4.6901162753794E-05,2575.51644996317,2575.51644996317,-229700.284254261,-229700.284254261,0.10363035593214,0.10363035593214,100000000000,-2288.31715862862,-2288.31715862862)
PVTTABLE POINT = (43000000,27.84,396.614381440354,396.614381440354,3.3229553774035E-06,3.3229553774035E-06,-1.35262504095985,-1.35262504095985,1,4.6598309658402E-05,4.6598309658402E-05,2576.57031164357,2576.57031164357,-226196.858192329,-226196.858192329,0.103118390955285,0.103118390955285,100000000000,-2276.65110851834,-2276.65110851834)
PVTTABLE POINT = (43000000,29.2,394.778076751329,394.778076751329,3.3474913961644E-06,3.3474913961644E-06,-1.34780076522527,-1.34780076522527,1,4.63009124224105E-05,4.63009124224105E-05,2577.56219747807,2577.56219747807,-222692.04110325,-222692.04110325,0.102615289129951,0.102615289129951,100000000000,-2265.03304070132,-2265.03304070132)
PVTTABLE POINT = (43000000,30.56,392.948423239157,392.948423239157,3.37169327026775E-06,3.37169327026775E-06,-1.3428444035794,-1.3428444035794,1,4.60088459991074E-05,4.60088459991074E-05,2578.49285445606,2578.49285445606,-219185.916773184,-219185.916773184,0.1021209841143,0.1021209841143,100000000000,-2253.46280098314,-2253.46280098314)
PVTTABLE POINT = (43000000,31.92,391.125598461406,391.125598461406,3.39555350201005E-06,3.39555350201005E-06,-1.33775902731562,-1.33775902731562,1,4.57219886547961E-05,4.57219886547961E-05,2579.36309000826,2579.36309000826,-215678.567931058,-215678.567931058,0.101635408024914,0.101635408024914,100000000000,-2241.94023376301,-2241.94023376301)
PVTTABLE POINT = (43000000,33.28,389.309775744688,389.309775744688,3.4190649414799E-06,3.4190649414799E-06,-1.33254778620983,-1.33254778620983,1,4.54402219068082E-05,4.54402219068082E-05,2580.17376993952,2580.17376993952,-212170.076167759,-212170.076167759,0.101158491505198,0.101158491505198,100000000000,-2230.46518179446,-2230.46518179446)
PVTTABLE POINT = (43000000,34.64,387.501124081723,387.501124081723,3.44222079348654E-06,3.44222079348654E-06,-1.32721390291573,-1.32721390291573,1,4.51634304606648E-05,4.51634304606648E-05,2580.92581625529,2580.92581625529,-208660.52185821,-208660.52185821,0.100690163794918,0.100690163794918,100000000000,-2219.03748596076,-2219.03748596076)
PVTTABLE POINT = (43000000,36,385.699808036084,385.699808036084,3.46501462357773E-06,3.46501462357773E-06,-1.32176066727351,-1.32176066727351,1,4.48915021464891E-05,4.48915021464891E-05,2581.62020489036,2581.62020489036,-205149.984086473,-205149.984086473,0.100230352800658,0.100230352800658,100000000000,-2207.6569850651,-2207.6569850651)
PVTTABLE POINT = (43000000,37.36,383.905987654735,383.905987654735,3.48744036314207E-06,3.48744036314207E-06,-1.31619143055222,-1.31619143055222,1,4.46243278547702E-05,4.46243278547702E-05,2582.25796334913,2582.25796334913,-201638.540573998,-201638.540573998,9.97789851669644E-02,9.97789851669644E-02,100000000000,-2196.32351563555,-2196.32351563555)
PVTTABLE POINT = (43000000,38.72,382.119818388431,382.119818388431,3.50949231359486E-06,3.50949231359486E-06,-1.31050959964579,-1.31050959964579,1,4.43618014715802E-05,4.43618014715802E-05,2582.84016826655,2582.84016826655,-198126.26761114,-198126.26761114,9.93359863479843E-02,9.93359863479843E-02,100000000000,-2185.03691174471,-2185.03691174471)
PVTTABLE POINT = (43000000,40.08,380.341451020028,380.341451020028,3.53116514965083E-06,3.53116514965083E-06,-1.3047186312428,-1.3047186312428,1,4.41038198133492E-05,4.41038198133492E-05,2583.36794289914,2583.36794289914,-194613.239992041,-194613.239992041,9.89012806793801E-02,9.89012806793801E-02,100000000000,-2173.79700484413,-2173.79700484413)
PVTTABLE POINT = (43000000,41.44,378.571031600732,378.571031600732,3.55245392169097E-06,3.55245392169097E-06,-1.29882202598937,-1.29882202598937,1,4.38502825612966E-05,4.38502825612966E-05,2583.84245455581,2583.84245455581,-191099.530952963,-191099.530952963,9.84747914503407E-02,9.84747914503407E-02,100000000000,-2162.60362361328,-2162.60362361328)
PVTTABLE POINT = (43000000,42.8,376.808701394285,376.808701394285,3.57335405723463E-06,3.57335405723463E-06,-1.29282332266438,-1.29282332266438,1,4.3601092195625E-05,4.3601092195625E-05,2584.26491197786,2584.26491197786,-187585.212114154,-187585.212114154,9.80564409755006E-02,9.80564409755006E-02,100000000000,-2151.45659382297,-2151.45659382297)
PVTTABLE POINT = (43000000,44.16,375.054596829039,375.054596829039,3.59386136153162E-06,3.59386136153162E-06,-1.28672609238559,-1.28672609238559,1,4.33561539295732E-05,4.33561539295732E-05,2584.63656267781,2584.63656267781,-184070.353425309,-184070.353425309,9.76461506665951E-02,9.76461506665951E-02,100000000000,-2140.35573821307,-2140.35573821307)
PVTTABLE POINT = (43000000,45.52,373.308849457901,373.308849457901,3.6139720172926E-06,3.6139720172926E-06,-1.28053393286458,-1.28053393286458,1,4.31153756434312E-05,4.31153756434312E-05,2584.95869024664,2584.95869024664,-180555.023114661,-180555.023114661,9.72438411036887E-02,9.72438411036887E-02,100000000000,-2129.30087638428,-2129.30087638428)
PVTTABLE POINT = (43000000,46.88,371.571585926025,371.571585926025,3.6336825835793E-06,3.6336825835793E-06,-1.27425046272781,-1.27425046272781,1,4.2878667818612E-05,4.2878667818612E-05,2585.23261163863,2585.23261163863,-177039.287641768,-177039.287641768,9.68494321058188E-02,9.68494321058188E-02,100000000000,-2118.29182470372,-2118.29182470372)
PVTTABLE POINT = (43000000,48.24,369.842927946187,369.842927946187,3.65298999387915E-06,3.65298999387915E-06,-1.26787931592017,-1.26787931592017,1,4.26459434718781E-05,4.26459434718781E-05,2585.45967444331,2585.45967444331,-173523.211653985,-173523.211653985,9.64628428009165E-02,9.64628428009165E-02,100000000000,-2107.3283962241,-2107.3283962241)
PVTTABLE POINT = (43000000,49.6,368.122992281706,368.122992281706,3.67189155339169E-06,3.67189155339169E-06,-1.26142413620669,-1.26142413620669,1,4.24171180898135E-05,4.24171180898135E-05,2585.64125415318,2585.64125415318,-170006.857946665,-170006.857946665,9.60839916948643E-02,9.60839916948643E-02,100000000000,-2096.4104006161,-2096.4104006161)
PVTTABLE POINT = (43000000,50.96,366.411890736759,366.411890736759,3.69038493555689E-06,3.69038493555689E-06,-1.25488857178713,-1.25488857178713,1,4.21921095636332E-05,4.21921095636332E-05,2585.77875143628,2585.77875143628,-166490.287427062,-166490.287427062,9.57127967395651E-02,9.57127967395651E-02,100000000000,-2085.53764411361,-2085.53764411361)
PVTTABLE POINT = (43000000,52.32,364.709730153945,364.709730153945,3.70846817785746E-06,3.70846817785746E-06,-1.24827627003713,-1.24827627003713,1,4.19708381244165E-05,4.19708381244165E-05,2585.87358942183,2585.87358942183,-162973.559081939,-162973.559081939,9.53491753999129E-02,9.53491753999129E-02,100000000000,-2074.70992947165,-2074.70992947165)
PVTTABLE POINT = (43000000,53.68,363.0166124189,363.0166124189,3.7261396769295E-06,3.7261396769295E-06,-1.24159087238859,-1.24159087238859,1,4.17532262788473E-05,4.17532262788473E-05,2585.92721100716,2585.92721100716,-159456.729948861,-159456.729948861,9.49930447195506E-02,9.49930447195506E-02,100000000000,-2063.92705593626,-2063.92705593626)
PVTTABLE POINT = (43000000,55.04,361.332634471782,361.332634471782,3.74339818301774E-06,3.74339818301774E-06,-1.23483600936117,-1.23483600936117,1,4.15391987455428E-05,4.15391987455428E-05,2585.94107619368,2585.94107619368,-155939.855091118,-155939.855091118,9.46443213853206E-02,9.46443213853206E-02,100000000000,-2053.1888192263,-2053.1888192263)
PVTTABLE POINT = (43000000,56.4,359.657888325392,359.657888325392,3.7602427938128E-06,3.7602427938128E-06,-1.22801529575541,-1.22801529575541,1,4.1328682392046E-05,4.1328682392046E-05,2585.91665945921,2585.91665945921,-152422.987576264,-152422.987576264,9.43029217903193E-02,9.43029217903193E-02,100000000000,-2042.49501152648,-2042.49501152648)
PVTTABLE POINT = (43000000,57.76,357.992461089732,357.992461089732,3.77667294770935E-06,3.77667294770935E-06,-1.221132326017,-1.221132326017,1,4.11216061725543E-05,4.11216061725543E-05,2585.85544717368,2585.85544717368,-148906.178458181,-148906.178458181,9.39687620954733E-02,9.39687620954733E-02,100000000000,-2031.8454214913,-2031.8454214913)
PVTTABLE POINT = (43000000,59.12,356.336435002732,356.336435002732,3.79268841652504E-06,3.79268841652504E-06,-1.21419066978086,-1.21419066978086,1,4.09179010664524E-05,4.09179010664524E-05,2585.75893506459,2585.75893506459,-145389.476762642,-145389.476762642,9.36417582895656E-02,9.36417582895656E-02,100000000000,-2021.23983425941,-2021.23983425941)
PVTTABLE POINT = (43000000,60.48,354.689887466921,354.689887466921,3.80828929772065E-06,3.80828929772065E-06,-1.20719386760233,-1.20719386760233,1,4.07175000177135E-05,4.07175000177135E-05,2585.62862573845,2585.62862573845,-141872.929476278,-141872.929476278,9.33218262476463E-02,9.33218262476463E-02,100000000000,-2010.6780314779,-2010.6780314779)
PVTTABLE POINT = (43000000,61.84,353.052891091766,353.052891091766,3.82347600616256E-06,3.82347600616256E-06,-1.20014542688177,-1.20014542688177,1,4.05203378752274E-05,4.05203378752274E-05,2585.46602626358,2585.46602626358,-138356.581538866,-138356.581538866,9.30088817877717E-02,9.30088817877717E-02,100000000000,-2000.15979133606,-2000.15979133606)
PVTTABLE POINT = (43000000,63.2,351.425513741425,351.425513741425,3.83824926546864E-06,3.83824926546864E-06,-1.19304881798801,-1.19304881798801,1,4.03263513341119E-05,4.03263513341119E-05,2585.27264581957,2585.27264581957,-134840.475838878,-134840.475838878,9.27028407260212E-02,9.27028407260212E-02,100000000000,-1989.68488860815,-1989.68488860815)
PVTTABLE POINT = (43000000,64.56,349.807818587629,349.807818587629,3.85261009897895E-06,3.85261009897895E-06,-1.18590747058479,-1.18590747058479,1,4.01354788780552E-05,4.01354788780552E-05,2585.04999341783,2585.04999341783,-131324.653212155,-131324.653212155,9.24036189297505E-02,9.24036189297505E-02,100000000000,-1979.25309470459,-1979.25309470459)
PVTTABLE POINT = (43000000,65.92,348.199864167419,348.199864167419,3.86655982039198E-06,3.86655982039198E-06,-1.17872477016341,-1.17872477016341,1,3.99476607227382E-05,3.99476607227382E-05,2584.79957569751,2584.79957569751,-127809.152443657,-127809.152443657,0.092111132369044,0.092111132369044,100000000000,-1968.8641777312,-1968.8641777312)
PVTTABLE POINT = (43000000,67.28,346.601704445468,346.601704445468,3.88010002410743E-06,3.88010002410743E-06,-1.171504054784,-1.171504054784,1,3.97628387603753E-05,3.97628387603753E-05,2584.52289480045,2584.52289480045,-124294.010272133,-124294.010272133,9.18252971663383E-02,9.18252971663383E-02,100000000000,-1958.51790255586,-1958.51790255586)
PVTTABLE POINT = (43000000,68.64,345.013388880679,345.013388880679,3.893232575315E-06,3.893232575315E-06,-1.1642486120266,-1.1642486120266,1,3.95809565054123E-05,3.95809565054123E-05,2584.2214463282,2584.2214463282,-120779.261397639,-120779.261397639,9.15460296441936E-02,9.15460296441936E-02,100000000000,-1948.21403088218,-1948.21403088218)
PVTTABLE POINT = (43600000,2,434.17310023911,434.17310023911,2.75450718720988E-06,2.75450718720988E-06,-1.40314104564062,-1.40314104564062,1,5.38687317189873E-05,5.38687317189873E-05,2538.57599047526,2538.57599047526,-292279.150580965,-292279.150580965,0.115056848720982,0.115056848720982,100000000000,-2511.18961391402,-2511.18961391402)
PVTTABLE POINT = (43600000,3.36,432.266042591806,432.266042591806,2.78290540051409E-06,2.78290540051409E-06,-1.40132806203973,-1.40132806203973,1,5.34395581523453E-05,5.34395581523453E-05,2540.7939316269,2540.7939316269,-288825.172167159,-288825.172167159,0.114376454931582,0.114376454931582,100000000000,-2498.66746559158,-2498.66746559158)
PVTTABLE POINT = (43600000,4.72,430.361562381611,430.361562381611,2.81116987810782E-06,2.81116987810782E-06,-1.3993508082094,-1.3993508082094,1,5.30187638683164E-05,5.30187638683164E-05,2542.95100378004,2542.95100378004,-285368.21868191,-285368.21868191,0.11370572894454,0.11370572894454,100000000000,-2486.19602282445,-2486.19602282445)
PVTTABLE POINT = (43600000,6.08,428.459882530945,428.459882530945,2.83928942076875E-06,2.83928942076875E-06,-1.39721002041445,-1.39721002041445,1,5.26061550889872E-05,5.26061550889872E-05,2545.04669042345,2545.04669042345,-281908.373266011,-281908.373266011,0.113044641025151,0.113044641025151,100000000000,-2473.77508895517,-2473.77508895517)
PVTTABLE POINT = (43600000,7.44,426.561224867631,426.561224867631,2.86725290279943E-06,2.86725290279943E-06,-1.39490657198481,-1.39490657198481,1,5.22015421717089E-05,5.22015421717089E-05,2547.08054361508,2547.08054361508,-278445.71971617,-278445.71971617,0.112393159200368,0.112393159200368,100000000000,-2461.40447253628,-2461.40447253628)
PVTTABLE POINT = (43600000,8.8,424.665809938986,424.665809938986,2.89504928883944E-06,2.89504928883944E-06,-1.39244147253413,-1.39244147253413,1,5.18047395768672E-05,5.18047395768672E-05,2549.05218466577,2549.05218466577,-274980.34239127,-274980.34239127,0.111751249265885,0.111751249265885,100000000000,-2449.08398689624,-2449.08398689624)
PVTTABLE POINT = (43600000,10.16,422.773856827181,422.773856827181,2.92266765056495E-06,2.92266765056495E-06,-1.389815866863,-1.389815866863,1,5.14155658336643E-05,5.14155658336643E-05,2550.96130467039,2550.96130467039,-271512.326117814,-271512.326117814,0.111118874798094,0.111118874798094,100000000000,-2436.81344971302,-2436.81344971302)
PVTTABLE POINT = (43600000,11.52,420.885582966313,420.885582966313,2.95009718321984E-06,2.95009718321984E-06,-1.38703103354903,-1.38703103354903,1,5.10338435039475E-05,5.10338435039475E-05,2552.80766488359,2552.80766488359,-268041.756094736,-268041.756094736,0.11049599717081,0.11049599717081,100000000000,-2424.59268259549,-2424.59268259549)
PVTTABLE POINT = (43600000,12.88,419.001203961603,419.001203961603,2.97732722192281E-06,2.97732722192281E-06,-1.38408838322698,-1.38408838322698,1,5.06593991441157E-05,5.06593991441157E-05,2554.59109693838,2554.59109693838,-264568.717797827,-264568.717797827,0.109882575576611,0.109882575576611,100000000000,-2412.42151067362,-2412.42151067362)
PVTTABLE POINT = (43600000,14.24,417.12093341114,417.12093341114,3.00434725769583E-06,3.00434725769583E-06,-1.38098945656381,-1.38098945656381,1,5.02920632651429E-05,5.02920632651429E-05,2556.31150290613,2556.31150290613,-261093.296883953,-261093.296883953,0.109278567052655,0.109278567052655,100000000000,-2400.29976219758,-2400.29976219758)
PVTTABLE POINT = (43600000,15.6,415.244982730585,415.244982730585,3.03114695316012E-06,3.03114695316012E-06,-1.37773592193481,-1.37773592193481,1,4.99316702907597E-05,4.99316702907597E-05,2557.96885519746,2557.96885519746,-257615.579095314,-257615.579095314,0.108683926510787,0.108683926510787,100000000000,-2388.22726814642,-2388.22726814642)
PVTTABLE POINT = (43600000,16.96,413.37356098123,413.37356098123,3.05771615784748E-06,3.05771615784748E-06,-1.37432957280831,-1.37432957280831,1,4.95780585138427E-05,4.95780585138427E-05,2559.56319630415,2559.56319630415,-254135.650163939,-254135.650163939,0.108098606771756,0.108098606771756,100000000000,-2376.20386184685,-2376.20386184685)
PVTTABLE POINT = (43600000,18.32,411.506874701817,411.506874701817,3.08404492307612E-06,3.08404492307612E-06,-1.37077232484777,-1.37077232484777,1,4.92310700510586E-05,4.92310700510586E-05,2561.09463838282,2561.09463838282,-250653.595716637,-250653.595716637,0.107522558603342,0.107522558603342,100000000000,-2364.22937860244,-2364.22937860244)
PVTTABLE POINT = (43600000,19.68,409.645127744471,409.645127744471,3.11012351634249E-06,3.11012351634249E-06,-1.36706621274135,-1.36706621274135,1,4.88905507958223E-05,4.88905507958223E-05,2562.56336268202,2562.56336268202,-247169.501180632,-247169.501180632,0.106955730762181,0.106955730762181,100000000000,-2352.30365533376,-2352.30365533376)
PVTTABLE POINT = (43600000,21.04,407.788521115137,407.788521115137,3.13594243518247E-06,3.13594243518247E-06,-1.36321338677018,-1.36321338677018,1,4.85563503696273E-05,4.85563503696273E-05,2563.96961881498,2563.96961881498,-243683.451690064,-243683.451690064,0.106398070039067,0.106398070039067,100000000000,-2340.42653022993,-2340.42653022993)
PVTTABLE POINT = (43600000,22.4,405.937252818846,405.937252818846,3.16149242045826E-06,3.16149242045826E-06,-1.35921610912776,-1.35921610912776,1,4.82283220718112E-05,4.82283220718112E-05,2565.31372388074,2565.31372388074,-240195.53199361,-240195.53199361,0.105849521307512,0.105849521307512,100000000000,-2328.59784241183,-2328.59784241183)
PVTTABLE POINT = (43600000,23.76,404.091517710151,404.091517710151,3.18676446902954E-06,3.18676446902954E-06,-1.35507675000376,-1.35507675000376,1,4.79063228278268E-05,4.79063228278268E-05,2566.59606143756,2566.59606143756,-236705.826363366,-236705.826363366,0.105310027575316,0.105310027575316,100000000000,-2316.81743160749,-2316.81743160749)
PVTTABLE POINT = (43600000,25.12,402.251507349043,402.251507349043,3.21174984577095E-06,3.21174984577095E-06,-1.35079778344687,-1.35079778344687,1,4.75902131360885E-05,4.75902131360885E-05,2567.81708033241,2567.81708033241,-233214.41850526,-233214.41850526,0.104779530038929,0.104779530038929,100000000000,-2305.08513783986,-2305.08513783986)
PVTTABLE POINT = (43600000,26.48,400.417409862632,400.417409862632,3.23644009490082E-06,3.23644009490082E-06,-1.34638178302165,-1.34638178302165,1,4.72798570134706E-05,4.72798570134706E-05,2568.97729339178,2568.97729339178,-229721.39147112,-229721.39147112,0.104257968140346,0.104257968140346,100000000000,-2293.40080112736,-2293.40080112736)
PVTTABLE POINT = (43600000,27.84,398.589409812867,398.589409812867,3.26082705058957E-06,3.26082705058957E-06,-1.34183141727559,-1.34183141727559,1,4.69751219395368E-05,4.69751219395368E-05,2570.07727597889,2570.07727597889,-226226.827572637,-226226.827572637,0.103745279626317,0.103745279626317,100000000000,-2281.76426119745,-2281.76426119745)
PVTTABLE POINT = (43600000,29.2,396.767688070545,396.767688070545,3.28490284681968E-06,3.28490284681968E-06,-1.33714944503302,-1.33714944503302,1,4.66758787995819E-05,4.66758787995819E-05,2571.11766442331,2571.11766442331,-222730.808297365,-222730.808297365,0.103241400609608,0.103241400609608,100000000000,-2270.17535721339,-2270.17535721339)
PVTTABLE POINT = (43600000,30.56,394.952421695816,394.952421695816,3.3086599264727E-06,3.3086599264727E-06,-1.33233871053311,-1.33233871053311,1,4.63820018265721E-05,4.63820018265721E-05,2572.09915432956,2572.09915432956,-219233.414226944,-219233.414226944,0.102746265632104,0.102746265632104,100000000000,-2258.63392751454,-2258.63392751454)
PVTTABLE POINT = (43600000,31.92,393.143783825413,393.143783825413,3.33209104962269E-06,3.33209104962269E-06,-1.32740213842964,-1.32740213842964,1,4.60933685420708E-05,4.60933685420708E-05,2573.0224987713,2573.0224987713,-215734.724957705,-215734.724957705,0.102259807729493,0.102259807729493,100000000000,-2247.13980937022,-2247.13980937022)
PVTTABLE POINT = (43600000,33.28,391.34194356675,391.34194356675,3.35518930101904E-06,3.35518930101904E-06,-1.32234272867073,-1.32234272867073,1,4.58098596962399E-05,4.58098596962399E-05,2573.88850637864,2573.88850637864,-212234.819023794,-212234.819023794,0.10178195849732,0.10178195849732,100000000000,-2235.69283874733,-2235.69283874733)
PVTTABLE POINT = (43600000,34.64,389.547065899069,389.547065899069,3.37794809674558E-06,3.37794809674558E-06,-1.31716355127665,-1.31716355127665,1,4.55313592070083E-05,4.55313592070083E-05,2574.69803932606,2574.69803932606,-208733.773822978,-208733.773822978,0.10131264815818,0.10131264815818,100000000000,-2224.29285009181,-2224.29285009181)
PVTTABLE POINT = (43600000,36,387.759311581733,387.759311581733,3.40036119004667E-06,3.40036119004667E-06,-1.31186774103434,-1.31186774103434,1,4.52577540985018E-05,4.52577540985018E-05,2575.45201122895,2575.45201122895,-205231.665545245,-205231.665545245,0.10085180562983,0.10085180562983,100000000000,-2212.93967612399,-2212.93967612399)
PVTTABLE POINT = (43600000,37.36,385.978837069799,385.978837069799,3.42242267631483E-06,3.42242267631483E-06,-1.30645849212689,-1.30645849212689,1,4.49889344388275E-05,4.49889344388275E-05,2576.15138495701,2576.15138495701,-201728.569104318,-201728.569104318,0.100399358594012,0.100399358594012,100000000000,-2201.63314764788,-2201.63314764788)
PVTTABLE POINT = (43600000,38.72,384.205794436909,384.205794436909,3.44412699723819E-06,3.44412699723819E-06,-1.30093905271662,-1.30093905271662,1,4.47247932773087E-05,4.47247932773087E-05,2576.79717037281,2576.79717037281,-198224.558072205,-198224.558072205,9.99552335657858E-02,9.99552335657858E-02,100000000000,-2190.37309337427,-2190.37309337427)
PVTTABLE POINT = (43600000,40.08,382.440331305586,382.440331305586,3.46546894410962E-06,3.46546894410962E-06,-1.29531271949962,-1.29531271949962,1,4.44652265812665E-05,4.44652265812665E-05,2577.3904220042,2577.3904220042,-194719.704616859,-194719.704616859,9.95193559631671E-02,9.95193559631671E-02,100000000000,-2179.15933975778,-2179.15933975778)
PVTTABLE POINT = (43600000,41.44,380.682590784934,380.682590784934,3.48644366030338E-06,3.48644366030338E-06,-1.28958283225004,-1.28958283225004,1,4.42101331724423E-05,4.42101331724423E-05,2577.93223665918,2577.93223665918,-191214.079443052,-191214.079443052,9.90916501768921E-02,9.90916501768921E-02,100000000000,-2167.99171084754,-2167.99171084754)
PVTTABLE POINT = (43600000,42.8,378.932711415758,378.932711415758,3.50704664292795E-06,3.50704664292795E-06,-1.28375276837132,-1.28375276837132,1,4.39594146631583E-05,4.39594146631583E-05,2578.42375099199,2578.42375099199,-187707.751736523,-187707.751736523,9.86720396401276E-02,9.86720396401276E-02,100000000000,-2156.87002815157,-2156.87002815157)
PVTTABLE POINT = (43600000,44.16,377.190827123085,377.190827123085,3.52727374366781E-06,3.52727374366781E-06,-1.27782593747165,-1.27782593747165,1,4.37129753923085E-05,4.37129753923085E-05,2578.86613902906,2578.86613902906,-184200.789111468,-184200.789111468,9.82604468979566E-02,9.82604468979566E-02,100000000000,-2145.79411051459,-2145.79411051459)
PVTTABLE POINT = (43600000,45.52,375.457067176028,375.457067176028,3.54712116882935E-06,3.54712116882935E-06,-1.27180577598018,-1.27180577598018,1,4.34707223612759E-05,4.34707223612759E-05,2579.26060966357,2579.26060966357,-180693.257561409,-180693.257561409,9.78567936764814E-02,9.78567936764814E-02,100000000000,-2134.76377400905,-2134.76377400905)
PVTTABLE POINT = (43600000,46.88,373.731556154941,373.731556154941,3.56658547860974E-06,3.56658547860974E-06,-1.26569574181969,-1.26569574181969,1,4.32325651698654E-05,4.32325651698654E-05,2579.60840412722,2579.60840412722,-177185.221413498,-177185.221413498,9.74610009513899E-02,9.74610009513899E-02,100000000000,-2123.77883183929,-2123.77883183929)
PVTTABLE POINT = (43600000,48.24,372.014413925769,372.014413925769,3.58566358560982E-06,3.58566358560982E-06,-1.25949930915125,-1.25949930915125,1,4.29984159523448E-05,4.29984159523448E-05,2579.91079344754,2579.91079344754,-173676.743286259,-173676.743286259,9.70729890158496E-02,9.70729890158496E-02,100000000000,-2112.83909425841,-2112.83909425841)
PVTTABLE POINT = (43600000,49.6,370.305755621492,370.305755621492,3.60435275261509E-06,3.60435275261509E-06,-1.253219963205,-1.253219963205,1,4.27681893136806E-05,4.27681893136806E-05,2580.1690758991,2580.1690758991,-170167.884050807,-170167.884050807,9.66926775475921E-02,9.66926775475921E-02,100000000000,-2101.94436849768,-2101.94436849768)
PVTTABLE POINT = (43600000,50.96,368.605691630529,368.605691630529,3.62265058967107E-06,3.62265058967107E-06,-1.24686119521101,-1.24686119521101,1,4.25418022660538E-05,4.25418022660538E-05,2580.3845744566,2580.3845744566,-166658.702795515,-166658.702795515,9.63199856750664E-02,9.63199856750664E-02,100000000000,-2091.09445870815,-2091.09445870815)
PVTTABLE POINT = (43600000,52.32,366.914327591959,366.914327591959,3.64055505048135E-06,3.64055505048135E-06,-1.24042649744278,-1.24042649744278,1,4.23191741657406E-05,4.23191741657406E-05,2580.55863425768,2580.55863425768,-163149.256794151,-163149.256794151,9.59548320425507E-02,9.59548320425507E-02,100000000000,-2080.28916591414,-2080.28916591414)
PVTTABLE POINT = (43600000,53.68,365.231764397407,365.231764397407,3.65806442815877E-06,3.65806442815877E-06,-1.23391935838547,-1.23391935838547,1,4.21002266504351E-05,4.21002266504351E-05,2580.69262008286,2580.69262008286,-159639.601477462,-159639.601477462,9.55971348741144E-02,9.55971348741144E-02,100000000000,-2069.52828797821,-2069.52828797821)
PVTTABLE POINT = (43600000,55.04,363.558098199404,363.558098199404,3.67517735036172E-06,3.67517735036172E-06,-1.2273432580398,-1.2273432580398,1,4.18848835770934E-05,4.18848835770934E-05,2580.78791385986,2580.78791385986,-156129.790408143,-156129.790408143,9.52468120363348E-02,9.52468120363348E-02,100000000000,-2058.8116195773,-2058.8116195773)
PVTTABLE POINT = (43600000,56.4,361.893420426035,361.893420426035,3.69189277384903E-06,3.69189277384903E-06,-1.22070166337156,-1.22070166337156,1,4.16730709603699E-05,4.16730709603699E-05,2580.84591219905,2580.84591219905,-152619.875259213,-152619.875259213,9.49037810996829E-02,9.49037810996829E-02,100000000000,-2048.13895218963,-2048.13895218963)
PVTTABLE POINT = (43600000,57.76,360.237817801676,360.237817801676,3.70820997848814E-06,3.70820997848814E-06,-1.21399802391603,-1.21399802391603,1,4.14647169117179E-05,4.14647169117179E-05,2580.86802396659,2580.86802396659,-149109.90579569,-149109.90579569,9.45679593984965E-02,9.45679593984965E-02,100000000000,-2037.51007409195,-2037.51007409195)
PVTTABLE POINT = (43600000,59.12,358.591372373596,358.591372373596,3.72412856075212E-06,3.72412856075212E-06,-1.20723576754527,-1.20723576754527,1,4.12597515792181E-05,4.12597515792181E-05,2580.85566790118,2580.85566790118,-145599.929859555,-145599.929859555,9.42392640894726E-02,9.42392640894726E-02,100000000000,-2026.92477036665,-2026.92477036665)
PVTTABLE POINT = (43600000,60.48,356.9541615442,356.9541615442,3.73964842674198E-06,3.73964842674198E-06,-1.2004182964054,-1.2004182964054,1,4.1058107088199E-05,4.1058107088199E-05,2580.81027028027,2580.81027028027,-142089.993357917,-142089.993357917,0.093917612208611,0.093917612208611,100000000000,-2016.38282291846,-2016.38282291846)
PVTTABLE POINT = (43600000,61.84,355.326258108682,355.326258108682,3.7547697847713E-06,3.7547697847713E-06,-1.19354898303021,-1.19354898303021,1,4.08597174827053E-05,4.08597174827053E-05,2580.73326264075,2580.73326264075,-138580.140254314,-138580.140254314,9.36029207265589E-02,9.36029207265589E-02,100000000000,-2005.88401050007,-2005.88401050007)
PVTTABLE POINT = (43600000,63.2,353.707730297836,353.707730297836,3.76949313755005E-06,3.76949313755005E-06,-1.1866311666362,-1.1866311666362,1,4.06645186678709E-05,4.06645186678709E-05,2580.62607955921,2580.62607955921,-135070.412563081,-135070.412563081,9.32951066023022E-02,9.32951066023022E-02,100000000000,-1995.42810874651,-1995.42810874651)
PVTTABLE POINT = (43600000,64.56,352.098641825781,352.098641825781,3.78381927400532E-06,3.78381927400532E-06,-1.17966814960326,-1.17966814960326,1,4.04724483532424E-05,4.04724483532424E-05,2580.49015649589,2580.49015649589,-131560.850346686,-131560.850346686,9.29940868351649E-02,9.29940868351649E-02,100000000000,-1985.01489021752,-1985.01489021752)
PVTTABLE POINT = (43600000,65.92,350.499051942347,350.499051942347,3.79774926077578E-06,3.79774926077578E-06,-1.17266319414457,-1.17266319414457,1,4.02834459971033E-05,4.02834459971033E-05,2580.32692770651,2580.32692770651,-128051.491715959,-128051.491715959,9.26997785150799E-02,9.26997785150799E-02,100000000000,-1974.64412444763,-1974.64412444763)
PVTTABLE POINT = (43600000,67.28,348.909015489857,348.909015489857,3.81128443341713E-06,3.81128443341713E-06,-1.16561951916798,-1.16561951916798,1,4.00974527518363E-05,4.00974527518363E-05,2580.13782422528,2580.13782422528,-124542.372833107,-124542.372833107,0.092412098871104,0.092412098871104,100000000000,-1964.31557800354,-1964.31557800354)
PVTTABLE POINT = (43600000,68.64,347.328582964046,347.328582964046,3.82442638735464E-06,3.82442638735464E-06,-1.15854029733061,-1.15854029733061,1,3.99144114103638E-05,3.99144114103638E-05,2579.9242719224,2579.9242719224,-121033.527917426,-121033.527917426,9.21309653181509E-02,9.21309653181509E-02,100000000000,-1954.02901454819,-1954.02901454819)
PVTTABLE POINT = (44200000,2,435.810946874961,435.810946874961,2.70525713745243E-06,2.70525713745243E-06,-1.39073006559178,-1.39073006559178,1,5.42865248458417E-05,5.42865248458417E-05,2531.84122722267,2531.84122722267,-292118.603330445,-292118.603330445,0.115682331965958,0.115682331965958,100000000000,-2515.61913311459,-2515.61913311459)
PVTTABLE POINT = (44200000,3.36,433.920731229581,433.920731229581,2.73300312246992E-06,2.73300312246992E-06,-1.38897220052357,-1.38897220052357,1,5.38547148556563E-05,5.38547148556563E-05,2534.05743576341,2534.05743576341,-288673.785660693,-288673.785660693,0.115002256457259,0.115002256457259,100000000000,-2503.13019641397,-2503.13019641397)
PVTTABLE POINT = (44200000,4.72,432.033014767282,432.033014767282,2.76062192131363E-06,2.76062192131363E-06,-1.38705490359938,-1.38705490359938,1,5.34313264016096E-05,5.34313264016096E-05,2536.21532422176,2536.21532422176,-285225.993544576,-285225.993544576,0.114331789184281,0.114331789184281,100000000000,-2490.69180457928,-2490.69180457928)
PVTTABLE POINT = (44200000,6.08,430.148013848302,430.148013848302,2.78810285367665E-06,2.78810285367665E-06,-1.38497888340645,-1.38497888340645,1,5.30161657390157E-05,5.30161657390157E-05,2538.31439184963,2538.31439184963,-281775.306645235,-281775.306645235,0.113670900315916,0.113670900315916,100000000000,-2478.30375003731,-2478.30375003731)
PVTTABLE POINT = (44200000,7.44,428.265943780806,428.265943780806,2.81543530755341E-06,2.81543530755341E-06,-1.38274497842476,-1.38274497842476,1,5.26090432097116E-05,5.26090432097116E-05,2540.35420287503,2540.35420287503,-278321.80526273,-278321.80526273,0.11301955784789,0.11301955784789,100000000000,-2465.96583051606,-2465.96583051606)
PVTTABLE POINT = (44200000,8.8,426.387018644703,426.387018644703,2.84260875488783E-06,2.84260875488783E-06,-1.38035415628124,-1.38035415628124,1,5.2209773210493E-05,5.2209773210493E-05,2542.33438713241,2542.33438713241,-274865.570245216,-274865.570245216,0.112377727609153,0.112377727609153,100000000000,-2453.67784862645,-2453.67784862645)
PVTTABLE POINT = (44200000,10.16,424.511451116684,424.511451116684,2.869612767119E-06,2.869612767119E-06,-1.37780751271219,-1.37780751271219,1,5.18181741596554E-05,5.18181741596554E-05,2544.25464055196,2544.25464055196,-271406.68289938,-271406.68289938,0.111745373272975,0.111745373272975,100000000000,-2441.43961145138,-2441.43961145138)
PVTTABLE POINT = (44200000,11.52,422.639452296856,422.639452296856,2.89643703057339E-06,2.89643703057339E-06,-1.37510627023601,-1.37510627023601,1,5.14340684616691E-05,5.14340684616691E-05,2546.11472550518,2546.11472550518,-267945.224900293,-267945.224900293,0.111122456372629,0.111122456372629,100000000000,-2429.2509301427,-2429.2509301427)
PVTTABLE POINT = (44200000,12.88,420.771231537392,420.771231537392,2.92307136165347E-06,2.92307136165347E-06,-1.37225177653909,-1.37225177653909,1,5.1057282470022E-05,5.1057282470022E-05,2547.91447100516,2547.91447100516,-264481.2782009,-264481.2782009,0.110508936321551,0.110508936321551,100000000000,-2417.11161952638,-2417.11161952638)
PVTTABLE POINT = (44200000,14.24,418.906996273552,418.906996273552,2.94950572177284E-06,2.94950572177284E-06,-1.36924550257957,-1.36924550257957,1,5.06876464482652E-05,5.06876464482652E-05,2549.65377276035,2549.65377276035,-261014.92494133,-261014.92494133,0.109904770437817,0.109904770437817,100000000000,-2405.02149771653,-2405.02149771653)
PVTTABLE POINT = (44200000,15.6,417.046951857489,417.046951857489,2.97573023198903E-06,2.97573023198903E-06,-1.36608904041443,-1.36608904041443,1,5.03249945293039E-05,5.03249945293039E-05,2551.33259308134,2551.33259308134,-257546.247358244,-257546.247358244,0.109309913972775,0.109309913972775,100000000000,-2392.98038573858,-2392.98038573858)
PVTTABLE POINT = (44200000,16.96,415.191301395174,415.191301395174,3.00173518728645E-06,3.00173518728645E-06,-1.36278410075691,-1.36278410075691,1,4.99691646729772E-05,4.99691646729772E-05,2552.9509606407,2552.9509606407,-254075.327694398,-254075.327694398,0.108724320143674,0.108724320143674,100000000000,-2380.98810716213,-2380.98810716213)
PVTTABLE POINT = (44200000,18.32,413.340245586846,413.340245586846,3.02751107046333E-06,3.02751107046333E-06,-1.35933251027225,-1.35933251027225,1,4.96199986219747E-05,4.96199986219747E-05,2554.50897008673,2554.50897008673,-250602.248108636,-250602.248108636,0.108147940170071,0.108147940170071,100000000000,-2369.04448774378,-2369.04448774378)
PVTTABLE POINT = (44200000,19.68,411.493982571289,411.493982571289,3.05304856557818E-06,3.05304856557818E-06,-1.3557362086209,-1.3557362086209,1,4.92773418561431E-05,4.92773418561431E-05,2556.00678151256,2556.00678151256,-247127.090586511,-247127.090586511,0.107580723313851,0.107580723313851,100000000000,-2357.14935508049,-2357.14935508049)
PVTTABLE POINT = (44200000,21.04,409.652707774313,409.652707774313,3.0783385709136E-06,3.0783385709136E-06,-1.35199724525962,-1.35199724525962,1,4.89410435452386E-05,4.89410435452386E-05,2557.44461978245,2557.44461978245,-243649.936851719,-243649.936851719,0.107022616922619,0.107022616922619,100000000000,-2345.30253827374,-2345.30253827374)
PVTTABLE POINT = (44200000,22.4,407.816613761737,407.816613761737,3.1033722114172E-06,3.1033722114172E-06,-1.34811777601151,-1.34811777601151,1,4.86109565001841E-05,4.86109565001841E-05,2558.82277371818,2558.82277371818,-240170.868278553,-240170.868278553,0.106473566476273,0.106473566476273,100000000000,-2333.50386760482,-2333.50386760482)
PVTTABLE POINT = (44200000,23.76,405.985890097187,405.985890097187,3.12814085058196E-06,3.12814085058196E-06,-1.34410005941739,-1.34410005941739,1,4.82869371228966E-05,4.82869371228966E-05,2560.14159514852,2560.14159514852,-236689.965805544,-236689.965805544,0.105933515636522,0.105933515636522,100000000000,-2321.75317422167,-2321.75317422167)
PVTTABLE POINT = (44200000,25.12,404.160723204995,404.160723204995,3.15263610173103E-06,3.15263610173103E-06,-1.33994645288157,-1.33994645288157,1,4.79688453547501E-05,4.79688453547501E-05,2561.4014978258,2561.4014978258,-233207.309850501,-233207.309850501,0.105402406299125,0.105402406299125,100000000000,-2310.05028983754,-2310.05028983754)
PVTTABLE POINT = (44200000,26.48,402.341296238484,402.341296238484,3.17684983867493E-06,3.17684983867493E-06,-1.33565940862575,-1.33565940862575,1,4.76565446237457E-05,4.76565446237457E-05,2562.6029562138,2562.6029562138,-229722.9802271,-229722.9802271,0.104880178648629,0.104880178648629,100000000000,-2298.39504644167,-2298.39504644167)
PVTTABLE POINT = (44200000,27.84,400.52778895386,400.52778895386,3.20077420571178E-06,3.20077420571178E-06,-1.3312414694659,-1.3312414694659,1,4.73499017904614E-05,4.73499017904614E-05,2563.74650415198,2563.74650415198,-226237.056063213,-226237.056063213,0.104366771215366,0.104366771215366,100000000000,-2286.78727602233,-2286.78727602233)
PVTTABLE POINT = (44200000,29.2,398.72037758997,398.72037758997,3.22440162694464E-06,3.22440162694464E-06,-1.32669526442705,-1.32669526442705,1,4.70487870928591E-05,4.70487870928591E-05,2564.83273340116,2564.83273340116,-222749.615721131,-222749.615721131,0.103862120934485,0.103862120934485,100000000000,-2275.22681030241,-2275.22681030241)
PVTTABLE POINT = (44200000,30.56,396.919234754129,396.919234754129,3.24772481489322E-06,3.24772481489322E-06,-1.32202350421186,-1.32202350421186,1,4.67530740900275E-05,4.67530740900275E-05,2565.86229207687,2565.86229207687,-219260.736719847,-219260.736719847,0.103366163206787,0.103366163206787,100000000000,-2263.71348048767,-2263.71348048767)
PVTTABLE POINT = (44200000,31.92,395.124529314186,395.124529314186,3.27073677838037E-06,3.27073677838037E-06,-1.31722897653917,-1.31722897653917,1,4.64626396049428E-05,4.64626396049428E-05,2566.83588297618,2566.83588297618,-215770.49565954,-215770.49565954,0.102878831961151,0.102878831961151,100000000000,-2252.24711702789,-2252.24711702789)
PVTTABLE POINT = (44200000,33.28,393.336426297026,393.336426297026,3.29343082967732E-06,3.29343082967732E-06,-1.31231454136872,-1.31231454136872,1,4.61773636663306E-05,4.61773636663306E-05,2567.75426180491,2567.75426180491,-212278.968148396,-212278.968148396,0.102400059718302,0.102400059718302,100000000000,-2240.82754939105,-2240.82754939105)
PVTTABLE POINT = (44200000,34.64,391.555086793617,391.555086793617,3.31580059089513E-06,3.31580059089513E-06,-1.30728312602913,-1.30728312602913,1,4.58971294497138E-05,4.58971294497138E-05,2568.618235312,2568.618235312,-208786.228731918,-208786.228731918,0.101929777655733,0.101929777655733,100000000000,-2229.45460585041,-2229.45460585041)
PVTTABLE POINT = (44200000,36,389.780667870753,389.780667870753,3.33783999961291E-06,3.33783999961291E-06,-1.30213772026569,-1.30213772026569,1,4.56218232177363E-05,4.56218232177363E-05,2569.42865933833,2569.42865933833,-205292.350824823,-205292.350824823,0.101467915673552,0.101467915673552,100000000000,-2218.12811328493,-2218.12811328493)
PVTTABLE POINT = (44200000,37.36,388.013322489571,388.013322489571,3.35954331373723E-06,3.35954331373723E-06,-1.29688137122486,-1.29688137122486,1,4.5351334259846E-05,4.5351334259846E-05,2570.18643678738,2570.18643678738,-201797.406645646,-201797.406645646,0.101014402461057,0.101014402461057,100000000000,-2206.84789699258,-2206.84789699258)
PVTTABLE POINT = (44200000,38.72,386.253199430921,386.253199430921,3.38090511559029E-06,3.38090511559029E-06,-1.29151717839252,-1.29151717839252,1,4.50855548314312E-05,4.50855548314312E-05,2570.89251552546,2570.89251552546,-198301.467154157,-198301.467154157,0.100569165563831,0.100569165563831,100000000000,-2195.61378051689,-2195.61378051689)
PVTTABLE POINT = (44200000,40.08,384.500443227646,384.500443227646,3.40192031522755E-06,3.40192031522755E-06,-1.28604828850231,-1.28604828850231,1,4.48243800924958E-05,4.48243800924958E-05,2571.54788621922,2571.54788621922,-194804.601991677,-194804.601991677,0.100132131451184,0.100132131451184,100000000000,-2184.42558548656,-2184.42558548656)
PVTTABLE POINT = (44200000,41.44,382.755194103796,382.755194103796,3.4225841529893E-06,3.4225841529893E-06,-1.28047789043074,-1.28047789043074,1,4.45677080459647E-05,4.45677080459647E-05,2572.15358011838,2572.15358011838,-191306.879424367,-191306.879424367,9.97032255837455E-02,9.97032255837455E-02,100000000000,-2173.28313146793,-2173.28313146793)
PVTTABLE POINT = (44200000,42.8,381.017587920784,381.017587920784,3.44289220129333E-06,3.44289220129333E-06,-1.27480921009509,-1.27480921009509,1,4.43154394757085E-05,4.43154394757085E-05,2572.71066679162,2572.71066679162,-187808.366289575,-187808.366289575,9.92823724810356E-02,9.92823724810356E-02,100000000000,-2162.1862358304,-2162.1862358304)
PVTTABLE POINT = (44200000,44.16,379.287756130467,379.287756130467,3.46284036567892E-06,3.46284036567892E-06,-1.26904550536975,-1.26904550536975,1,4.40674778843763E-05,4.40674778843763E-05,2573.22025182363,2573.22025182363,-184309.12794528,-184309.12794528,9.88694957888556E-02,9.88694957888556E-02,100000000000,-2151.13471362451,-2151.13471362451)
PVTTABLE POINT = (44200000,45.52,377.565825735131,377.565825735131,3.48242488511555E-06,3.48242488511555E-06,-1.26319006103635,-1.26319006103635,1,4.38237294311234E-05,4.38237294311234E-05,2573.68347448112,2573.68347448112,-180809.228222698,-180809.228222698,9.84645183463394E-02,9.84645183463394E-02,100000000000,-2140.12837747255,-2140.12837747255)
PVTTABLE POINT = (44200000,46.88,375.851919254296,375.851919254296,3.50164233159222E-06,3.50164233159222E-06,-1.25724618378227,-1.25724618378227,1,4.35841028693225E-05,4.35841028693225E-05,2574.10150535585,2574.10150535585,-177308.729382071,-177308.729382071,9.80673622525138E-02,9.80673622525138E-02,100000000000,-2129.16703747149,-2129.16703747149)
PVTTABLE POINT = (44200000,48.24,374.146154698294,374.146154698294,3.52048960900577E-06,3.52048960900577E-06,-1.2512171972616,-1.2512171972616,1,4.33485094843416E-05,4.33485094843416E-05,2574.47554399214,2574.47554399214,-173807.692071679,-173807.692071679,9.76779489322367E-02,9.76779489322367E-02,100000000000,-2118.25050110801,-2118.25050110801)
PVTTABLE POINT = (44200000,49.6,372.448645548512,372.448645548512,3.53896395136916E-06,3.53896395136916E-06,-1.2451064372321,-1.2451064372321,1,4.31168630314727E-05,4.31168630314727E-05,2574.80681650674,2574.80681650674,-170306.175290086,-170306.175290086,9.72961992013804E-02,9.72961992013804E-02,100000000000,-2107.37857318534,-2107.37857318534)
PVTTABLE POINT = (44200000,50.96,370.759500744187,370.759500744187,3.5570629203629E-06,3.5570629203629E-06,-1.23891724678061,-1.23891724678061,1,4.28890796740929E-05,4.28890796740929E-05,2575.09657320818,2575.09657320818,-166804.236351613,-166804.236351613,9.69220333311365E-02,9.69220333311365E-02,100000000000,-2096.55105576164,-2096.55105576164)
PVTTABLE POINT = (44200000,52.32,369.078824675628,369.078824675628,3.57478440225441E-06,3.57478440225441E-06,-1.23265297164919,-1.23265297164919,1,4.2665077922135E-05,4.2665077922135E-05,2575.346086223,2575.346086223,-163301.930855058,-163301.930855058,9.65553711113393E-02,9.65553711113393E-02,100000000000,-2085.76774809971,-2085.76774809971)
PVTTABLE POINT = (44200000,53.68,367.406717183721,367.406717183721,3.59212660421247E-06,3.59212660421247E-06,-1.22631695567275,-1.22631695567275,1,4.24447785709464E-05,4.24447785709464E-05,2575.55664713554,2575.55664713554,-159799.312655631,-159799.312655631,9.61961319126975E-02,9.61961319126975E-02,100000000000,-2075.02844662751,-2075.02844662751)
PVTTABLE POINT = (44200000,55.04,365.743273565559,365.743273565559,3.60908805004498E-06,3.60908805004498E-06,-1.21991253633884,-1.21991253633884,1,4.2228104640607E-05,4.2228104640607E-05,2575.72956464817,2575.72956464817,-156296.433840081,-156296.433840081,9.58442347478428E-02,9.58442347478428E-02,100000000000,-2064.33294490934,-2064.33294490934)
PVTTABLE POINT = (44200000,56.4,364.088584586014,364.088584586014,3.62566757539E-06,3.62566757539E-06,-1.21344304047885,-1.21344304047885,1,4.20149813157776E-05,4.20149813157776E-05,2575.86616226808,2575.86616226808,-152793.344704995,-152793.344704995,9.54995983311095E-02,9.54995983311095E-02,100000000000,-2053.68103362716,-2053.68103362716)
PVTTABLE POINT = (44200000,57.76,362.442736495087,362.442736495087,3.64186432239096E-06,3.64186432239096E-06,-1.20691178009933,-1.20691178009933,1,4.18053358861461E-05,4.18053358861461E-05,2575.96777602679,2575.96777602679,-149290.093738218,-149290.093738218,9.51621411369674E-02,9.51621411369674E-02,100000000000,-2043.07250057187,-2043.07250057187)
PVTTABLE POINT = (44200000,59.12,360.805811050816,360.805811050816,3.657677733888E-06,3.657677733888E-06,-1.20032204836117,-1.20032204836117,1,4.15990976875348E-05,4.15990976875348E-05,2576.03575223796,2576.03575223796,-145786.727603346,-145786.727603346,9.48317814570375E-02,9.48317814570375E-02,100000000000,-2032.50713064394,-2032.50713064394)
PVTTABLE POINT = (44200000,60.48,359.177885547557,359.177885547557,3.67310754715816E-06,3.67310754715816E-06,-1.1936771157134,-1.1936771157134,1,4.13961980437281E-05,4.13961980437281E-05,2576.07144529876,2576.07144529876,-142283.291127248,-142283.291127248,9.45084374556274E-02,9.45084374556274E-02,100000000000,-2021.98470586317,-2021.98470586317)
PVTTABLE POINT = (44200000,61.84,357.559032849407,357.559032849407,3.68815378723767E-06,3.68815378723767E-06,-1.18698022618778,-1.18698022618778,1,4.11965702090791E-05,4.11965702090791E-05,2576.0762155399,2576.0762155399,-138779.827290536,-138779.827290536,9.41920272237332E-02,9.41920272237332E-02,100000000000,-2011.50500538701,-2011.50500538701)
PVTTABLE POINT = (44200000,63.2,355.94932142856,355.94932142856,3.70281675985985E-06,3.70281675985985E-06,-1.18023459385911,-1.18023459385911,1,4.10001493119459E-05,4.10001493119459E-05,2576.05142712862,2576.05142712862,-135276.377220929,-135276.377220929,0.093882468831457,0.093882468831457,100000000000,-2001.06780553725,-2001.06780553725)
PVTTABLE POINT = (44200000,64.56,354.348815408357,354.348815408357,3.71709704404259E-06,3.71709704404259E-06,-1.17344339947566,-1.17344339947566,1,4.08068722990078E-05,4.08068722990078E-05,2575.99844602906,2575.99844602906,-131772.980189429,-131772.980189429,0.093579680378801,0.093579680378801,100000000000,-1990.67287983439,-1990.67287983439)
PVTTABLE POINT = (44200000,65.92,352.757574610804,352.757574610804,3.73099548435895E-06,3.73099548435895E-06,-1.16660978726304,-1.16660978726304,1,4.06166778805066E-05,4.06166778805066E-05,2575.91863802361,2575.91863802361,-128269.673609229,-128269.673609229,9.32835800448015E-02,9.32835800448015E-02,100000000000,-1980.31999903945,-1980.31999903945)
PVTTABLE POINT = (44200000,67.28,351.17565460832,351.17565460832,3.74451318292458E-06,3.74451318292458E-06,-1.15973686190421,-1.15973686190421,1,4.0429506476453E-05,4.0429506476453E-05,2575.81336679859,2575.81336679859,-124766.493037271,-124766.493037271,9.29940861349754E-02,9.29940861349754E-02,100000000000,-1970.00893120274,-1970.00893120274)
PVTTABLE POINT = (44200000,68.64,349.603106779462,349.603106779462,3.75765149113527E-06,3.75765149113527E-06,-1.15282768569738,-1.15282768569738,1,4.02453001638384E-05,4.02453001638384E-05,2575.68399209749,2575.68399209749,-121263.47217836,-121263.47217836,0.092711117127054,0.092711117127054,100000000000,-1959.73944171918,-1959.73944171918)
PVTTABLE POINT = (44800000,2,437.41973134222,437.41973134222,2.65761995448768E-06,2.65761995448768E-06,-1.37860270376509,-1.37860270376509,1,5.47028192285908E-05,5.47028192285908E-05,2525.2879877833,2525.2879877833,-291943.513910561,-291943.513910561,0.116302723070675,0.116302723070675,100000000000,-2519.97716317022,-2519.97716317022)
PVTTABLE POINT = (44800000,3.36,435.545973776001,435.545973776001,2.68473820939748E-06,2.68473820939748E-06,-1.37689727583756,-1.37689727583756,1,5.42683537666497E-05,5.42683537666497E-05,2527.50224530194,2527.50224530194,-288507.610246948,-288507.610246948,0.115622945525188,0.115622945525188,100000000000,-2507.52054356022,-2507.52054356022)
PVTTABLE POINT = (44800000,4.72,433.674640937129,433.674640937129,2.71173539577199E-06,2.71173539577199E-06,-1.3750370317688,-1.3750370317688,1,5.38423514766168E-05,5.38423514766168E-05,2529.66060718573,2529.66060718573,-285068.733143615,-285068.733143615,0.114952718077136,0.114952718077136,100000000000,-2495.11431389203,-2495.11431389203)
PVTTABLE POINT = (44800000,6.08,431.805942925208,431.805942925208,2.73860131998355E-06,2.73860131998355E-06,-1.37302265441442,-1.37302265441442,1,5.34246186756608E-05,5.34246186756608E-05,2531.7625876149,2531.7625876149,-281626.958955928,-281626.958955928,0.114292010805108,0.114292010805108,100000000000,-2482.75825623023,-2482.75825623023)
PVTTABLE POINT = (44800000,7.44,429.940088827311,429.940088827311,2.76532585198024E-06,2.76532585198024E-06,-1.37085494984305,-1.37085494984305,1,5.30149657202916E-05,5.30149657202916E-05,2533.80776240735,2533.80776240735,-278182.364658131,-278182.364658131,0.113640791677547,0.113640791677547,100000000000,-2470.45215802721,-2470.45215802721)
PVTTABLE POINT = (44800000,8.8,428.077286550859,428.077286550859,2.79189893986895E-06,2.79189893986895E-06,-1.3685348466231,-1.3685348466231,1,5.26132069754113E-05,5.26132069754113E-05,2535.79576960013,2535.79576960013,-274735.027759105,-274735.027759105,0.112999026558482,0.112999026558482,100000000000,-2458.19581171945,-2458.19581171945)
PVTTABLE POINT = (44800000,10.16,426.217742657663,426.217742657663,2.81831062440486E-06,2.81831062440486E-06,-1.36606339483916,-1.36606339483916,1,5.22191607815524E-05,5.22191607815524E-05,2537.72630990015,2537.72630990015,-271285.026217429,-271285.026217429,0.1123666792178,0.1123666792178,100000000000,-2445.98901433109,-2445.98901433109)
PVTTABLE POINT = (44800000,11.52,424.361662199483,424.361662199483,2.84455105334097E-06,2.84455105334097E-06,-1.36344176483995,-1.36344176483995,1,5.18326494203331E-05,5.18326494203331E-05,2539.59914700184,2539.59914700184,-267832.438355915,-267832.438355915,0.11174371134594,0.11174371134594,100000000000,-2433.83156708504,-2433.83156708504)
PVTTABLE POINT = (44800000,12.88,422.509248555468,422.509248555468,2.87061049559179E-06,2.87061049559179E-06,-1.36067124572063,-1.36067124572063,1,5.1453499078162E-05,5.1453499078162E-05,2541.41410777027,2541.41410777027,-264377.342775811,-264377.342775811,0.111130082572912,0.111130082572912,100000000000,-2421.72327502229,-2421.72327502229)
PVTTABLE POINT = (44800000,14.24,420.660703271846,420.660703271846,2.89647935516595E-06,2.89647935516595E-06,-1.35775324354367,-1.35775324354367,1,5.10815398082276E-05,5.10815398082276E-05,2543.17108228872,2543.17108228872,-260919.818270834,-260919.818270834,0.110525750491498,0.110525750491498,100000000000,-2409.66394662965,-2409.66394662965)
PVTTABLE POINT = (44800000,15.6,418.8162259042,418.8162259042,2.92214818482329E-06,2.92214818482329E-06,-1.35468927930344,-1.35468927930344,1,5.07166054908118E-05,5.07166054908118E-05,2544.87002377012,2544.87002377012,-257459.943741246,-257459.943741246,0.10993067068447,0.10993067068447,100000000000,-2397.65339347634,-2397.65339347634)
PVTTABLE POINT = (44800000,16.96,416.97601386269,416.97601386269,2.94760769941296E-06,2.94760769941296E-06,-1.35148098664083,-1.35148098664083,1,5.03585337919699E-05,5.03585337919699E-05,2546.51094833275,2546.51094833275,-253997.798108128,-253997.798108128,0.109344796755676,0.109344796755676,100000000000,-2385.69142985993,-2385.69142985993)
PVTTABLE POINT = (44800000,18.32,415.140262260541,415.140262260541,2.97284878885064E-06,2.97284878885064E-06,-1.34813010931534,-1.34813010931534,1,5.00071661206232E-05,5.00071661206232E-05,2548.09393464064,2548.09393464064,-250533.460228061,-250533.460228061,0.108768080364813,0.108768080364813,100000000000,-2373.77787246183,-2373.77787246183)
PVTTABLE POINT = (44800000,19.68,413.309163766137,413.309163766137,2.99786253069415E-06,2.99786253069415E-06,-1.34463849844288,-1.34463849844288,1,4.96623475841126E-05,4.96623475841126E-05,2549.61912341011,2549.61912341011,-247067.008808385,-247067.008808385,0.108200471265688,0.108200471265688,100000000000,-2361.91254001287,-2361.91254001287)
PVTTABLE POINT = (44800000,21.04,411.482908459026,411.482908459026,3.02264020227898E-06,3.02264020227898E-06,-1.34100810950892,-1.34100810950892,1,4.93239269422683E-05,4.93239269422683E-05,2551.08671678432,2551.08671678432,-243598.522323215,-243598.522323215,0.107641917347783,0.107641917347783,100000000000,-2350.09525296918,-2350.09525296918)
PVTTABLE POINT = (44800000,22.4,409.661683690123,409.661683690123,3.04717329237703E-06,3.04717329237703E-06,-1.33724099916701,-1.33724099916701,1,4.89917565600495E-05,4.89917565600495E-05,2552.49697757809,2552.49697757809,-240128.078930405,-240128.078930405,0.107092364680907,0.107092364680907,100000000000,-2338.32583319871,-2338.32583319871)
PVTTABLE POINT = (44800000,23.76,407.845673946418,407.845673946418,3.07145351234376E-06,3.07145351234376E-06,-1.33333932183398,-1.33333932183398,1,4.86656923588154E-05,4.86656923588154E-05,2553.85022839614,2553.85022839614,-236655.756389614,-236655.756389614,0.106551757562726,0.106551757562726,100000000000,-2326.60410367879,-2326.60410367879)
PVTTABLE POINT = (44800000,25.12,406.035060720445,406.035060720445,3.09547280672206E-06,3.09547280672206E-06,-1.32930532609372,-1.32930532609372,1,4.834559376629E-05,4.834559376629E-05,2555.14685062795,2555.14685062795,-233181.631981665,-233181.631981665,0.106020038568963,0.106020038568963,100000000000,-2314.92988820477,-2314.92988820477)
PVTTABLE POINT = (44800000,26.48,404.230022384758,404.230022384758,3.11922336327283E-06,3.11922336327283E-06,-1.32514135092226,-1.32514135092226,1,4.80313236652858E-05,4.80313236652858E-05,2556.38728332355,2556.38728332355,-229705.782429348,-229705.782429348,0.105497148606039,0.105497148606039,100000000000,-2303.3030111103,-2303.3030111103)
PVTTABLE POINT = (44800000,27.84,402.430734071663,402.430734071663,3.14269762240566E-06,3.14269762240566E-06,-1.3208498217473,-1.3208498217473,1,4.77227483412561E-05,4.77227483412561E-05,2557.57202195427,2557.57202195427,-226228.283819834,-226228.283819834,0.10498302696594,0.10498302696594,100000000000,-2291.72329699916,-2291.72329699916)
PVTTABLE POINT = (44800000,29.2,400.637367558405,400.637367558405,3.16588828598524E-06,3.16588828598524E-06,-1.31643324635628,-1.31643324635628,1,4.74197374287473E-05,4.74197374287473E-05,2558.70161706366,2558.70161706366,-222749.21152884,-222749.21152884,0.104477611383081,0.104477611383081,100000000000,-2280.19057048903,-2280.19057048903)
PVTTABLE POINT = (44800000,30.56,398.850091158024,398.850091158024,3.1887883254924E-06,3.1887883254924E-06,-1.31189421066709,-1.31189421066709,1,4.7122163856824E-05,4.7122163856824E-05,2559.77667281371,2559.77667281371,-219268.640146716,-219268.640146716,0.103980838092966,0.103980838092966,100000000000,-2268.70465596732,-2268.70465596732)
PVTTABLE POINT = (44800000,31.92,397.069069616044,397.069069616044,3.21139098952155E-06,3.21139098952155E-06,-1.30723537437637,-1.30723537437637,1,4.68299037935449E-05,4.68299037935449E-05,2560.79784543194,2560.79784543194,-215786.643406568,-215786.643406568,0.103492641892404,0.103492641892404,100000000000,-2257.26537735911,-2257.26537735911)
PVTTABLE POINT = (44800000,33.28,395.294464013151,395.294464013151,3.23368981059926E-06,3.23368981059926E-06,-1.30245946650033,-1.30245946650033,1,4.65428365895659E-05,4.65428365895659E-05,2561.76584156562,2561.76584156562,-212303.294114551,-212303.294114551,0.103012956201085,0.103012956201085,100000000000,-2245.87255790746,-2245.87255790746)
PVTTABLE POINT = (44800000,34.64,393.526431674008,393.526431674008,3.25567861131176E-06,3.25567861131176E-06,-1.29756928082338,-1.29756928082338,1,4.62608447209506E-05,4.62608447209506E-05,2562.68141654914,2562.68141654914,-208818.664082473,-208818.664082473,0.102541713124291,0.102541713124291,100000000000,-2234.52601996596,-2234.52601996596)
PVTTABLE POINT = (44800000,36,391.765126082307,391.765126082307,3.27735150973256E-06,3.27735150973256E-06,-1.29256767126999,-1.29256767126999,1,4.59838137312709E-05,4.59838137312709E-05,2563.54537259128,2563.54537259128,-205332.824062803,-205332.824062803,0.102078843516556,0.102078843516556,100000000000,-2223.22558480377,-2223.22558480377)
PVTTABLE POINT = (44800000,37.36,390.010696802161,390.010696802161,3.2987029241439E-06,3.2987029241439E-06,-1.28745754721518,-1.28745754721518,1,4.57116321730777E-05,4.57116321730777E-05,2564.35855688903,2564.35855688903,-201845.843686199,-201845.843686199,0.101624277046056,0.101624277046056,100000000000,-2211.971072423,-2211.971072423)
PVTTABLE POINT = (44800000,38.72,388.263289405909,388.263289405909,3.31972757704934E-06,3.31972757704934E-06,-1.28224186874911,-1.28224186874911,1,4.54441915488269E-05,4.54441915488269E-05,2565.12185967506,2565.12185967506,-198357.791401637,-198357.791401637,0.101177942259554,0.101177942259554,100000000000,-2200.76230138844,-2200.76230138844)
PVTTABLE POINT = (44800000,40.08,386.523045408381,386.523045408381,3.34042049847749E-06,3.34042049847749E-06,-1.27692364191096,-1.27692364191096,1,4.51813862513428E-05,4.51813862513428E-05,2565.83621220585,2565.83621220585,-194868.734419254,-194868.734419254,0.100739766647702,0.100739766647702,100000000000,-2189.59908866975,-2189.59908866975)
PVTTABLE POINT = (44800000,41.44,384.790102207656,384.790102207656,3.36077702857987E-06,3.36077702857987E-06,-1.27150591390738,-1.27150591390738,1,4.49231135039043E-05,4.49231135039043E-05,2566.50258469765,2566.50258469765,-191378.738655946,-191378.738655946,0.100309676710535,0.100309676710535,100000000000,-2178.48124949576,-2178.48124949576)
PVTTABLE POINT = (44800000,42.8,383.06459303233,383.06459303233,3.3807928195288E-06,3.3807928195288E-06,-1.26599176833001,-1.26599176833001,1,4.46692733000367E-05,4.46692733000367E-05,2567.12198421763,2567.12198421763,-187887.868683814,-187887.868683814,9.98875980229768E-02,9.98875980229768E-02,100000000000,-2167.408597221,-2167.408597221)
PVTTABLE POINT = (44800000,44.16,381.346646895277,381.346646895277,3.40046383672384E-06,3.40046383672384E-06,-1.2603843203869,-1.2603843203869,1,4.44197683430924E-05,4.44197683430924E-05,2567.69545253745,2567.69545253745,-184396.187681509,-184396.187681509,9.94734553002027E-02,9.94734553002027E-02,100000000000,-2156.38094320418,-2156.38094320418)
PVTTABLE POINT = (44800000,45.52,379.636388553874,379.636388553874,3.41978635931822E-06,3.41978635931822E-06,-1.25468671216151,-1.25468671216151,1,4.41745039857038E-05,4.41745039857038E-05,2568.22406395646,2568.22406395646,-180903.7573885,-180903.7573885,9.90671724627051E-02,9.90671724627051E-02,100000000000,-2145.39809669861,-2145.39809669861)
PVTTABLE POINT = (44800000,46.88,377.933938476659,377.933938476659,3.43875698007861E-06,3.43875698007861E-06,-1.24890210791321,-1.24890210791321,1,4.39333881691896E-05,4.39333881691896E-05,2568.70892310178,2568.70892310178,-177410.638062337,-177410.638062337,9.86686727009173E-02,9.86686727009173E-02,100000000000,-2134.45986475414,-2134.45986475414)
PVTTABLE POINT = (44800000,48.24,376.239412816331,376.239412816331,3.45737260459472E-06,3.45737260459472E-06,-1.243033689432,-1.243033689432,1,4.36963313629947E-05,4.36963313629947E-05,2569.15116271231,2569.15116271231,-173916.888438909,-173916.888438909,9.82778785392627E-02,9.82778785392627E-02,100000000000,-2123.56605213069,-2123.56605213069)
PVTTABLE POINT = (44800000,49.6,374.552923389034,374.552923389034,3.47563044985657E-06,3.47563044985657E-06,-1.23708465146009,-1.23708465146009,1,4.34632465042431E-05,4.34632465042431E-05,2569.55194141371,2569.55194141371,-170422.565695728,-170422.565695728,9.78947118995006E-02,9.78947118995006E-02,100000000000,-2112.71646122284,-2112.71646122284)
PVTTABLE POINT = (44800000,50.96,372.874577659808,372.874577659808,3.49352804222008E-06,3.49352804222008E-06,-1.23105819719213,-1.23105819719213,1,4.323404893748E-05,4.323404893748E-05,2569.91244149103,2569.91244149103,-166927.725418231,-166927.725418231,9.75190941632483E-02,9.75190941632483E-02,100000000000,-2101.9108919955,-2101.9108919955)
PVTTABLE POINT = (44800000,52.32,371.204478734108,371.204478734108,3.51106321478284E-06,3.51106321478284E-06,-1.22495753386513,-1.22495753386513,1,4.30086563546779E-05,4.30086563546779E-05,2570.2338666657,2570.2338666657,-163432.421569119,-163432.421569119,9.71509462335787E-02,9.71509462335787E-02,100000000000,-2091.14914193018,-2091.14914193018)
PVTTABLE POINT = (44800000,53.68,369.542725355242,369.542725355242,3.52823410419398E-06,3.52823410419398E-06,-1.21878586844857,-1.21878586844857,1,4.27869887355802E-05,4.27869887355802E-05,2570.51743988329,2570.51743988329,-159936.706460712,-159936.706460712,9.67901885955825E-02,9.67901885955825E-02,100000000000,-2080.43100598159,-2080.43100598159)
PVTTABLE POINT = (44800000,55.04,367.889411907611,367.889411907611,3.54503914692338E-06,3.54503914692338E-06,-1.21254640344436,-1.21254640344436,1,4.25689682884517E-05,4.25689682884517E-05,2570.76440111804,2570.76440111804,-156440.630730293,-156440.630730293,9.64367413758091E-02,9.64367413758091E-02,100000000000,-2069.75627654443,-2069.75627654443)
PVTTABLE POINT = (44800000,56.4,366.244628425571,366.244628425571,3.56147707501688E-06,3.56147707501688E-06,-1.20624233280565,-1.20624233280565,1,4.23545193913019E-05,4.23545193913019E-05,2570.97600520018,2570.97600520018,-152944.243318438,-152944.243318438,9.60905244004982E-02,9.60905244004982E-02,100000000000,-2059.12474342972,-2059.12474342972)
PVTTABLE POINT = (44800000,57.76,364.608460607763,364.608460607763,3.57754691136519E-06,3.57754691136519E-06,-1.19987683798249,-1.19987683798249,1,4.21435685336488E-05,4.21435685336488E-05,2571.15351967154,2571.15351967154,-149447.591450266,-149447.591450266,9.57514572525277E-02,9.57514572525277E-02,100000000000,-2048.53619385067,-2048.53619385067)
PVTTABLE POINT = (44800000,59.12,362.980989836729,362.980989836729,3.59324796451506E-06,3.59324796451506E-06,-1.19345308410188,-1.19345308410188,1,4.1936044258881E-05,4.1936044258881E-05,2571.2982226748,2571.2982226748,-145950.720619593,-145950.720619593,9.54194593270082E-02,9.54194593270082E-02,100000000000,-2037.99041241748,-2037.99041241748)
PVTTABLE POINT = (44800000,60.48,361.362293203633,361.362293203633,3.60857982305226E-06,3.60857982305226E-06,-1.18697421628864,-1.18697421628864,1,4.17318771072788E-05,4.17318771072788E-05,2571.41140088128,2571.41140088128,-142453.67457593,-142453.67457593,9.50944498854599E-02,9.50944498854599E-02,100000000000,-2027.48718114081,-2027.48718114081)
PVTTABLE POINT = (44800000,61.84,359.752443537879,359.752443537879,3.62354234958622E-06,3.62354234958622E-06,-1.18044335613294,-1.18044335613294,1,4.15309995597479E-05,4.15309995597479E-05,2571.49434746187,2571.49434746187,-138956.495314267,-138956.495314267,9.47763481085227E-02,9.47763481085227E-02,100000000000,-2017.02627944352,-2017.02627944352)
PVTTABLE POINT = (44800000,63.2,358.151509441438,358.151509441438,3.63813567436675E-06,3.63813567436675E-06,-1.17386359830952,-1.17386359830952,1,4.13333459823177E-05,4.13333459823177E-05,2571.54836010552,2571.54836010552,-135459.223067591,-135459.223067591,9.44650731471459E-02,9.44650731471459E-02,100000000000,-2006.6074841803,-2006.6074841803)
PVTTABLE POINT = (44800000,64.56,356.559555327662,356.559555327662,3.65236018856349E-06,3.65236018856349E-06,-1.16723800735269,-1.16723800735269,1,4.11388525714522E-05,4.11388525714522E-05,2571.57473908907,2571.57473908907,-131961.89630205,-131961.89630205,9.41605441722209E-02,9.41605441722209E-02,100000000000,-1996.23056966484,-1996.23056966484)
PVTTABLE POINT = (44800000,65.92,354.976641464378,354.976641464378,3.66621653723865E-06,3.66621653723865E-06,-1.16056961459077,-1.16056961459077,1,4.09474573002178E-05,4.09474573002178E-05,2571.57478540213,2571.57478540213,-128464.551714729,-128464.551714729,9.38626804226188E-02,9.38626804226188E-02,100000000000,-1985.89530770402,-1985.89530770402)
PVTTABLE POINT = (44800000,67.28,353.402824021041,353.402824021041,3.67970561204367E-06,3.67970561204367E-06,-1.15386141524233,-1.15386141524233,1,4.07590998653502E-05,4.07590998653502E-05,2571.54979893013,2571.54979893013,-124967.22423391,-124967.22423391,9.35714012516077E-02,9.35714012516077E-02,100000000000,-1975.60146763884,-1975.60146763884)
PVTTABLE POINT = (44800000,68.64,351.838155119724,351.838155119724,3.69282854367022E-06,3.69282854367022E-06,-1.14711636567666,-1.14711636567666,1,4.05737216352555E-05,4.05737216352555E-05,2571.50107669857,2571.50107669857,-121469.947021781,-121469.947021781,9.32866261716214E-02,9.32866261716214E-02,100000000000,-1965.34881639174,-1965.34881639174)
PVTTABLE POINT = (45400000,2,439.00039786883,439.00039786883,2.61151817612692E-06,2.61151817612692E-06,-1.36674834495205,-1.36674834495205,1,5.51176840118438E-05,5.51176840118438E-05,2518.90864212702,2518.90864212702,-291754.405641888,-291754.405641888,0.116918164279918,0.116918164279918,100000000000,-2524.26606870065,-2524.26606870065)
PVTTABLE POINT = (45400000,3.36,437.142728777768,437.142728777768,2.63803194571235E-06,2.63803194571235E-06,-1.36509284849636,-1.36509284849636,1,5.46805454500548E-05,5.46805454500548E-05,2521.12076046621,2521.12076046621,-288327.179603689,-288327.179603689,0.116238665463738,0.116238665463738,100000000000,-2511.8409091994,-2511.8409091994)
PVTTABLE POINT = (45400000,4.72,435.287413508257,435.287413508257,2.66443036784041E-06,2.66443036784041E-06,-1.36328694271164,-1.36328694271164,1,5.42519110791217E-05,5.42519110791217E-05,2523.27929131509,2523.27929131509,-284896.981467291,-284896.981467291,0.115568659982868,0.115568659982868,100000000000,-2499.46599012841,-2499.46599012841)
PVTTABLE POINT = (45400000,6.08,433.434656182229,433.434656182229,2.69070370580401E-06,2.69070370580401E-06,-1.3613312864818,-1.3613312864818,1,5.38315873042952E-05,5.38315873042952E-05,2525.38376299167,2525.38376299167,-281463.884439021,-281463.884439021,0.114908117830857,0.114908117830857,100000000000,-2487.14108370708,-2487.14108370708)
PVTTABLE POINT = (45400000,7.44,431.584659945926,431.584659945926,2.71684228218736E-06,2.71684228218736E-06,-1.35922665567507,-1.35922665567507,1,5.34193845244689E-05,5.34193845244689E-05,2527.43376234555,2527.43376234555,-278027.962326966,-278027.962326966,0.114257006952054,0.114257006952054,100000000000,-2474.86596762495,-2474.86596762495)
PVTTABLE POINT = (45400000,8.8,429.737626811228,429.737626811228,2.74283649247323E-06,2.74283649247323E-06,-1.35697394246062,-1.35697394246062,1,5.30151171017985E-05,5.30151171017985E-05,2529.42893529454,2529.42893529454,-274589.289460977,-274589.289460977,0.113615293246718,0.113615293246718,100000000000,-2462.64042465152,-2462.64042465152)
PVTTABLE POINT = (45400000,10.16,427.893757498101,427.893757498101,2.76867681856435E-06,2.76867681856435E-06,-1.35457415437434,-1.35457415437434,1,5.2618603329583E-05,5.2618603329583E-05,2531.36898723982,2531.36898723982,-271147.940612056,-271147.940612056,0.112982940580497,0.112982940580497,100000000000,-2450.4642422532,-2450.4642422532)
PVTTABLE POINT = (45400000,11.52,426.053251278464,426.053251278464,2.79435384217666E-06,2.79435384217666E-06,-1.35202841313552,-1.35202841313552,1,5.22296653984429E-05,5.22296653984429E-05,2533.25368335777,2533.25368335777,-267703.990911233,-267703.990911233,0.11235991079819,0.11235991079819,100000000000,-2438.33721221774,-2438.33721221774)
PVTTABLE POINT = (45400000,12.88,424.216305821852,424.216305821852,2.8198582580627E-06,2.8198582580627E-06,-1.34933795321717,-1.34933795321717,1,5.18481293608202E-05,5.18481293608202E-05,2535.08284876707,2535.08284876707,-264257.515768151,-264257.515768151,0.111746163741672,0.111746163741672,100000000000,-2426.25913028646,-2426.25913028646)
PVTTABLE POINT = (45400000,14.24,422.38311704318,422.38311704318,2.84518088702366E-06,2.84518088702366E-06,-1.34650412017379,-1.34650412017379,1,5.1473825093842E-05,5.1473825093842E-05,2536.85636857006,2536.85636857006,-260808.5907895,-260808.5907895,0.111141657271867,0.111141657271867,100000000000,-2414.22979579478,-2414.22979579478)
PVTTABLE POINT = (45400000,15.6,420.553878952938,420.553878952938,2.87031268866988E-06,2.87031268866988E-06,-1.34352836873143,-1.34352836873143,1,5.11065862605799E-05,5.11065862605799E-05,2538.57418776816,2538.57418776816,-257357.291697483,-257357.291697483,0.110546347294612,0.110546347294612,100000000000,-2402.24901132131,-2402.24901132131)
PVTTABLE POINT = (45400000,16.96,418.728783510157,418.728783510157,2.89524477388979E-06,2.89524477388979E-06,-1.34041226064573,-1.34041226064573,1,5.0746250269749E-05,5.0746250269749E-05,2540.23631105128,2540.23631105128,-253903.694248483,-253903.694248483,0.109960187790273,0.109960187790273,100000000000,-2390.31658234586,-2390.31658234586)
PVTTABLE POINT = (45400000,18.32,416.908020478427,416.908020478427,2.91996841698935E-06,2.91996841698935E-06,-1.33715746233496,-1.33715746233496,1,5.03926582338892E-05,5.03926582338892E-05,2541.84280246211,2541.84280246211,-250447.874152096,-250447.874152096,0.10938313084693,0.10938313084693,100000000000,-2378.43231691676,-2378.43231691676)
PVTTABLE POINT = (45400000,19.68,415.091777285291,415.091777285291,2.94447506746447E-06,2.94447506746447E-06,-1.33376574229539,-1.33376574229539,1,5.00456549260765E-05,5.00456549260765E-05,2543.39378493622,2543.39378493622,-246989.906990719,-246989.906990719,0.108815126696962,0.108815126696962,100000000000,-2366.59602532773,-2366.59602532773)
PVTTABLE POINT = (45400000,21.04,413.280238885295,413.280238885295,2.96875636137162E-06,2.96875636137162E-06,-1.33023896830799,-1.33023896830799,1,4.97050887352135E-05,4.97050887352135E-05,2544.88943971992,2544.88943971992,-243529.868139827,-243529.868139827,0.108256123756835,0.108256123756835,100000000000,-2354.80751980469,-2354.80751980469)
PVTTABLE POINT = (45400000,22.4,411.473587626977,411.473587626977,2.99280413226242E-06,2.99280413226242E-06,-1.32657910444554,-1.32657910444554,1,4.93708116199542E-05,4.93708116199542E-05,2546.3300056679,2546.3300056679,-240067.832689144,-240067.832689144,0.107706068669917,0.107706068669917,100000000000,-2343.06661420275,-2343.06661420275)
PVTTABLE POINT = (45400000,23.76,409.672003124047,409.672003124047,3.01661042165104E-06,3.01661042165104E-06,-1.32278820789052,-1.32278820789052,1,4.90426790613157E-05,4.90426790613157E-05,2547.71577842337,2547.71577842337,-236603.875364835,-236603.875364835,0.107164906352085,0.107164906352085,100000000000,-2331.37312371364,-2331.37312371364)
PVTTABLE POINT = (45400000,25.12,407.875662131029,407.875662131029,3.04016748898453E-06,3.04016748898453E-06,-1.31886842557471,-1.31886842557471,1,4.87205500140411E-05,4.87205500140411E-05,2549.04710948391,2549.04710948391,-233138.070452896,-233138.070452896,0.106632580039957,0.106632580039957,100000000000,-2319.72686458381,-2319.72686458381)
PVTTABLE POINT = (45400000,26.48,406.08473842358,406.08473842358,3.06346782108905E-06,3.06346782108905E-06,-1.31482199065194,-1.31482199065194,1,4.84042868567698E-05,4.84042868567698E-05,2550.32440515659,2550.32440515659,-229670.491723892,-229670.491723892,0.106109031341508,0.106109031341508,100000000000,-2308.12765384353,-2308.12765384353)
PVTTABLE POINT = (45400000,27.84,404.299402683713,404.299402683713,3.08650414106696E-06,3.08650414106696E-06,-1.3106512188163,-1.3106512188163,1,4.80937553410839E-05,4.80937553410839E-05,2551.54812540636,2551.54812540636,-226201.212359188,-226201.212359188,0.105594200288876,0.105594200288876,100000000000,-2296.57530904698,-2296.57530904698)
PVTTABLE POINT = (45400000,29.2,402.519822390131,402.519822390131,3.10926941662263E-06,3.10926941662263E-06,-1.30635850447839,-1.30635850447839,1,4.77888245394957E-05,4.77888245394957E-05,2552.71878260226,2552.71878260226,-222730.30487881,-222730.30487881,0.105088025393141,0.105088025393141,100000000000,-2285.06964802372,-2285.06964802372)
PVTTABLE POINT = (45400000,30.56,400.746161713842,400.746161713842,3.13175686779682E-06,3.13175686779682E-06,-1.30194631681277,-1.30194631681277,1,4.74893667924454E-05,4.74893667924454E-05,2553.83694016609,2553.83694016609,-219257.841071092,-219257.841071092,0.104590443700864,0.104590443700864,100000000000,-2273.61048864155,-2273.61048864155)
PVTTABLE POINT = (45400000,31.92,398.978581419239,398.978581419239,3.15395997409306E-06,3.15395997409306E-06,-1.29741719569007,-1.29741719569007,1,4.71952576543813E-05,4.71952576543813E-05,2554.90321112886,2554.90321112886,-215783.891924211,-215783.891924211,0.10410139085218,0.10410139085218,100000000000,-2262.1976485809,-2262.1976485809)
PVTTABLE POINT = (45400000,33.28,397.217238770774,397.217238770774,3.17587248098112E-06,3.17587248098112E-06,-1.29277374750748,-1.29277374750748,1,4.69063758389945E-05,4.69063758389945E-05,2555.91825660033,2555.91825660033,-212308.527559747,-212308.527559747,0.103620801140243,0.103620801140243,100000000000,-2250.83094512088,-2250.83094512088)
PVTTABLE POINT = (45400000,34.64,395.462287445366,395.462287445366,3.19748840576646E-06,3.19748840576646E-06,-1.28801864093177,-1.28801864093177,1,4.6622603163683E-05,4.6622603163683E-05,2556.88278415746,2556.88278415746,-208831.817168389,-208831.817168389,0.103148607571807,0.103148607571807,100000000000,-2239.51019493696,-2239.51019493696)
PVTTABLE POINT = (45400000,36,393.713877450659,393.713877450659,3.21880204281637E-06,3.21880204281637E-06,-1.28315460256868,-1.28315460256868,1,4.63438244933221E-05,4.63438244933221E-05,2557.79754615778,2557.79754615778,-205353.828947874,-205353.828947874,0.102684741928756,0.102684741928756,100000000000,-2228.23521391054,-2228.23521391054)
PVTTABLE POINT = (45400000,37.36,391.972155049195,391.972155049195,3.23980796813718E-06,3.23980796813718E-06,-1.27818441257309,-1.27818441257309,1,4.60699276834166E-05,4.60699276834166E-05,2558.66333798372,2558.66333798372,-201874.630043275,-201874.630043275,0.102229134830391,0.102229134830391,100000000000,-2217.00581695006,-2217.00581695006)
PVTTABLE POINT = (45400000,38.72,390.237262688606,390.237262688606,3.26050104329891E-06,3.26050104329891E-06,-1.27311090021393,-1.27311090021393,1,4.58008035227143E-05,4.58008035227143E-05,2559.48099622444,2559.48099622444,-198394.286489712,-198394.286489712,0.101781715796284,0.101781715796284,100000000000,-2205.82181782396,-2205.82181782396)
PVTTABLE POINT = (45400000,40.08,388.509338937849,388.509338937849,3.28087641870687E-06,3.28087641870687E-06,-1.267936939408,-1.267936939408,1,4.5536345675358E-05,4.5536345675358E-05,2560.25139680147,2560.25139680147,-194912.863157584,-194912.863157584,0.101342413309514,0.101342413309514,100000000000,-2194.68302900526,-2194.68302900526)
PVTTABLE POINT = (45400000,41.44,386.788518429534,386.788518429534,3.30092953622243E-06,3.30092953622243E-06,-1.26266544423645,-1.26266544423645,1,4.52764506226557E-05,4.52764506226557E-05,2560.97545304485,2560.97545304485,-191430.423700379,-191430.423700379,0.100911154880127,0.100911154880127,100000000000,-2183.58926152776,-2183.58926152776)
PVTTABLE POINT = (45400000,42.8,385.074931808353,385.074931808353,3.32065613113729E-06,3.32065613113729E-06,-1.2572993644577,-1.2572993644577,1,4.50210176045463E-05,4.50210176045463E-05,2561.65411372638,2561.65411372638,-187947.030505128,-187947.030505128,0.100487867108644,0.100487867108644,100000000000,-2172.54032485374,-2172.54032485374)
PVTTABLE POINT = (45400000,44.16,383.368705685601,383.368705685601,3.34005223350872E-06,3.34005223350872E-06,-1.25184168102995,-1.25184168102995,1,4.47699485608415E-05,4.47699485608415E-05,2562.28836105659,2562.28836105659,-184462.74464557,-184462.74464557,0.100072475749456,0.100072475749456,100000000000,-2161.53602675299,-2161.53602675299)
PVTTABLE POINT = (45400000,45.52,381.669962599784,381.669962599784,3.35911416886506E-06,3.35911416886506E-06,-1.2462954016564,-1.2462954016564,1,4.4523148072319E-05,4.4523148072319E-05,2562.87920865217,2562.87920865217,-180977.625838045,-180977.625838045,9.96649057739765E-02,9.96649057739765E-02,100000000000,-2150.5761731931,-2150.5761731931)
PVTTABLE POINT = (45400000,46.88,379.978820983249,379.978820983249,3.37783855829344E-06,3.37783855829344E-06,-1.24066355636571,-1.24066355636571,1,4.42805233017454E-05,4.42805233017454E-05,2563.42769948034,2563.42769948034,-177491.732400183,-177491.732400183,9.92650814333862E-02,9.92650814333862E-02,100000000000,-2139.66056824075,-2139.66056824075)
PVTTABLE POINT = (45400000,48.24,378.295395134806,378.295395134806,3.3962223179235E-06,3.3962223179235E-06,-1.23494919313964,-1.23494919313964,1,4.40419839349056E-05,4.40419839349056E-05,2563.93490378676,2563.93490378676,-174005.121212395,-174005.121212395,9.88729263208566E-02,9.88729263208566E-02,100000000000,-2128.78901397394,-2128.78901397394)
PVTTABLE POINT = (45400000,49.6,376.619795198247,376.619795198247,3.41426265782337E-06,3.41426265782337E-06,-1.22915537359959,-1.22915537359959,1,4.38074421217104E-05,4.38074421217104E-05,2564.40191701341,2564.40191701341,-170517.847682188,-170517.847682188,0.09848836343312,0.09848836343312,100000000000,-2117.9613104047,-2117.9613104047)
PVTTABLE POINT = (45400000,50.96,374.952127146695,374.952127146695,3.43195708032537E-06,3.43195708032537E-06,-1.22328516876292,-1.22328516876292,1,4.35768124174583E-05,4.35768124174583E-05,2564.82985771259,2564.82985771259,-167029.965711316,-167029.965711316,9.81113152312681E-02,9.81113152312681E-02,100000000000,-2107.17725541234,-2107.17725541234)
PVTTABLE POINT = (45400000,52.32,373.292492772664,373.292492772664,3.44930337780138E-06,3.44930337780138E-06,-1.2173416548795,-1.2173416548795,1,4.33500117243205E-05,4.33500117243205E-05,2565.21986546328,2565.21986546328,-163541.527665766,-163541.527665766,9.77417037006809E-02,9.77417037006809E-02,100000000000,-2096.43664468672,-2096.43664468672)
PVTTABLE POINT = (45400000,53.68,371.640989683722,371.640989683722,3.46629962990864E-06,3.46629962990864E-06,-1.21132790935813,-1.21132790935813,1,4.31269592331185E-05,4.31269592331185E-05,2565.57309879561,2565.57309879561,-160052.584348581,-160052.584348581,9.73794504099782E-02,9.73794504099782E-02,100000000000,-2085.73927168143,-2085.73927168143)
PVTTABLE POINT = (45400000,55.04,369.997711303635,369.997711303635,3.48294420032879E-06,3.48294420032879E-06,-1.20524700679211,-1.20524700679211,1,4.29075763654625E-05,4.29075763654625E-05,2565.89073312932,2565.89073312932,-156563.184975479,-156563.184975479,9.70244765689061E-02,9.70244765689061E-02,100000000000,-2075.08492757653,-2075.08492757653)
PVTTABLE POINT = (45400000,56.4,368.362746878831,368.362746878831,3.49923573302368E-06,3.49923573302368E-06,-1.19910201509214,-1.19910201509214,1,4.26917867163125E-05,4.26917867163125E-05,2566.17395873149,2566.17395873149,-153073.377153288,-153073.377153288,9.66767030850751E-02,9.66767030850751E-02,100000000000,-2064.47340125055,-2064.47340125055)
PVTTABLE POINT = (45400000,57.76,366.736181490057,366.736181490057,3.51517314803292E-06,3.51517314803292E-06,-1.19289599173442,-1.19289599173442,1,4.24795159970258E-05,4.24795159970258E-05,2566.42397869882,2566.42397869882,-149583.206861114,-149583.206861114,9.63360506194742E-02,9.63360506194742E-02,100000000000,-2053.90447926137,-2053.90447926137)
PVTTABLE POINT = (45400000,59.12,365.118096069052,365.118096069052,3.53075563683876E-06,3.53075563683876E-06,-1.18663198013094,-1.18663198013094,1,4.22706919789497E-05,4.22706919789497E-05,2566.64200696935,2566.64200696935,-146092.718434263,-146092.718434263,9.60024396406926E-02,9.60024396406926E-02,100000000000,-2043.37794583582,-2043.37794583582)
PVTTABLE POINT = (45400000,60.48,363.508567420072,363.508567420072,3.54598265732495E-06,3.54598265732495E-06,-1.1803130061281,-1.1803130061281,1,4.2065244437615E-05,4.2065244437615E-05,2566.82926636835,2566.82926636835,-142601.954550818,-142601.954550818,9.56757904777876E-02,9.56757904777876E-02,100000000000,-2032.89358286745,-2032.89358286745)
PVTTABLE POINT = (45400000,61.84,361.907668246079,361.907668246079,3.56085392835642E-06,3.56085392835642E-06,-1.17394207463938,-1.17394207463938,1,4.1863105097583E-05,4.1863105097583E-05,2566.98698669253,2566.98698669253,-139110.956220865,-139110.956220865,9.53560233717463E-02,9.53560233717463E-02,100000000000,-2022.45116992224,-2022.45116992224)
PVTTABLE POINT = (45400000,63.2,360.315467179427,360.315467179427,3.57536942400739E-06,3.57536942400739E-06,-1.16752216641685,-1.16752216641685,1,4.16642075779979E-05,4.16642075779979E-05,2567.11640283687,2567.11640283687,-135619.762778292,-135619.762778292,9.50430585254908E-02,9.50430585254908E-02,100000000000,-2012.0504842519,-2012.0504842519)
PVTTABLE POINT = (45400000,64.56,358.732028816832,358.732028816832,3.58952936746566E-06,3.58952936746566E-06,-1.16105623496558,-1.16105623496558,1,4.146848733889E-05,4.146848733889E-05,2567.21875296755,2567.21875296755,-132128.411875098,-132128.411875098,9.47368161523892E-02,9.47368161523892E-02,100000000000,-2001.69130081439,-2001.69130081439)
PVTTABLE POINT = (45400000,65.92,357.157413758447,357.157413758447,3.6033342246408E-06,3.6033342246408E-06,-1.15454720360453,-1.15454720360453,1,4.12758816282739E-05,4.12758816282739E-05,2567.29527674449,2567.29527674449,-128636.939478164,-128636.939478164,9.44372165232358E-02,9.44372165232358E-02,100000000000,-1991.37339230114,-1991.37339230114)
PVTTABLE POINT = (45400000,67.28,355.591678650826,355.591678650826,3.61678469750424E-06,3.61678469750424E-06,-1.14799796267657,-1.14799796267657,1,4.10863294300824E-05,4.10863294300824E-05,2567.34721359669,2567.34721359669,-125145.379868397,-125145.379868397,9.41441800116717E-02,9.41441800116717E-02,100000000000,-1981.09652917092,-1981.09652917092)
PVTTABLE POINT = (45400000,68.64,354.034876233585,354.034876233585,3.62988171718898E-06,3.62988171718898E-06,-1.14141136690975,-1.14141136690975,1,4.08997714129735E-05,4.08997714129735E-05,2567.37580105287,2567.37580105287,-121653.765642187,-121653.765642187,9.38576271380229E-02,9.38576271380229E-02,100000000000,-1970.86047968968,-1970.86047968968)
PVTTABLE POINT = (46000000,2,440.553845686144,440.553845686144,2.56687921031206E-06,2.56687921031206E-06,-1.35515691621455,-1.35515691621455,1,5.55311843409414E-05,5.55311843409414E-05,2512.6959903158,2512.6959903158,-291551.775093168,-291551.775093168,0.117528791390673,0.117528791390673,100000000000,-2528.48809813138,-2528.48809813138)
PVTTABLE POINT = (46000000,3.36,438.711909057109,438.711909057109,2.59281056543367E-06,2.59281056543367E-06,-1.35354900699184,-1.35354900699184,1,5.50913563925031E-05,5.50913563925031E-05,2514.9058080642,2514.9058080642,-288133.000074231,-288133.000074231,0.116849553077578,0.116849553077578,100000000000,-2516.09357719409,-2516.09357719409)
PVTTABLE POINT = (46000000,4.72,436.872258665565,436.872258665565,2.61863192953447E-06,2.61863192953447E-06,-1.35179489905309,-1.35179489905309,1,5.4660073039319E-05,5.4660073039319E-05,2517.06423766658,2517.06423766658,-284711.254592025,-284711.254592025,0.116179752664442,0.116179752664442,100000000000,-2503.74915226464,-2503.74915226464)
PVTTABLE POINT = (46000000,6.08,435.035092921567,435.035092921567,2.64433399532227E-06,2.64433399532227E-06,-1.34989522890559,-1.34989522890559,1,5.42371407987678E-05,5.42371407987678E-05,2519.1708208308,2519.1708208308,-281286.608852338,-281286.608852338,0.115519360064316,0.115519360064316,100000000000,-2491.45458620065,-2491.45458620065)
PVTTABLE POINT = (46000000,7.44,433.200609293866,433.200609293866,2.66990751090379E-06,2.66990751090379E-06,-1.34785074422586,-1.34785074422586,1,5.38223701375818E-05,5.38223701375818E-05,2521.22515490253,2521.22515490253,-277859.133646469,-277859.133646469,0.114868343199998,0.114868343199998,100000000000,-2479.20964740833,-2479.20964740833)
PVTTABLE POINT = (46000000,8.8,431.369004159138,431.369004159138,2.69534329249646E-06,2.69534329249646E-06,-1.34566230320364,-1.34566230320364,1,5.34155754419914E-05,5.34155754419914E-05,2523.22689336063,2523.22689336063,-274428.900275202,-274428.900275202,0.114226668008555,0.114226668008555,100000000000,-2467.0141094648,-2467.0141094648)
PVTTABLE POINT = (46000000,10.16,429.540472652259,429.540472652259,2.72063223706113E-06,2.72063223706113E-06,-1.34333087365303,-1.34333087365303,1,5.3016574986205E-05,5.3016574986205E-05,2525.17574619959,2525.17574619959,-270995.9804722,-270995.9804722,0.113594298450056,0.113594298450056,100000000000,-2454.86775074757,-2454.86775074757)
PVTTABLE POINT = (46000000,11.52,427.715208517957,427.715208517957,2.74576533481727E-06,2.74576533481727E-06,-1.34085753189215,-1.34085753189215,1,5.2625190899255E-05,5.2625190899255E-05,2527.07148019744,2527.07148019744,-267560.446326941,-267560.446326941,0.112971196520436,0.112971196520436,100000000000,-2442.77035407116,-2442.77035407116)
PVTTABLE POINT = (46000000,12.88,425.893403964136,425.893403964136,2.77073368160223E-06,2.77073368160223E-06,-1.33824346139394,-1.33824346139394,1,5.22412491302385E-05,5.22412491302385E-05,2528.91391906788,2528.91391906788,-264122.370207382,-264122.370207382,0.112357322268382,0.112357322268382,100000000000,-2430.72170633154,-2430.72170633154)
PVTTABLE POINT = (46000000,14.24,424.075249517191,424.075249517191,2.79552849103721E-06,2.79552849103721E-06,-1.33548995121183,-1.33548995121183,1,5.18645794119898E-05,5.18645794119898E-05,2530.70294349568,2530.70294349568,-260681.824682483,-260681.824682483,0.111752633816134,0.111752633816134,100000000000,-2418.72159815844,-2418.72159815844)
PVTTABLE POINT = (46000000,15.6,422.260933879614,422.260933879614,2.82014110646252E-06,2.82014110646252E-06,-1.33259839418443,-1.33259839418443,1,5.1495015223218E-05,5.1495015223218E-05,2532.43849105521,2532.43849105521,-257238.882444777,-257238.882444777,0.111157087384053,0.111157087384053,100000000000,-2406.76982357603,-2406.76982357603)
PVTTABLE POINT = (46000000,16.96,420.450643790192,420.450643790192,2.8445630126063E-06,2.8445630126063E-06,-1.32957028492483,-1.32957028492483,1,5.11323937491524E-05,5.11323937491524E-05,2534.1205560121,2534.1205560121,-253793.616233112,-253793.616233112,0.110570637318819,0.110570637318819,100000000000,-2394.86617967222,-2394.86617967222)
PVTTABLE POINT = (46000000,18.32,418.644563887076,418.644563887076,2.86878584695129E-06,2.86878584695129E-06,-1.32640721760068,-1.32640721760068,1,5.0776555840735E-05,5.0776555840735E-05,2535.74918900878,2535.74918900878,-250346.098755758,-250346.098755758,0.109993236125099,0.109993236125099,100000000000,-2383.0104662769,-2383.0104662769)
PVTTABLE POINT = (46000000,19.68,416.842876574014,416.842876574014,2.89280141076608E-06,2.89280141076608E-06,-1.32311088351204,-1.32311088351204,1,5.0427345972407E-05,5.0427345972407E-05,2537.32449663482,2537.32449663482,-246896.402614014,-246896.402614014,0.109424834500515,0.109424834500515,100000000000,-2371.20248564937,-2371.20248564937)
PVTTABLE POINT = (46000000,21.04,415.045761890006,415.045761890006,2.91660167976817E-06,2.91660167976817E-06,-1.31968306847502,-1.31968306847502,1,5.00846121985356E-05,5.00846121985356E-05,2538.84664088384,2538.84664088384,-243444.60022647,-243444.60022647,0.108865381373736,0.108865381373736,100000000000,-2359.44204217532,-2359.44204217532)
PVTTABLE POINT = (46000000,22.4,413.253397382652,413.253397382652,2.94017881438819E-06,2.94017881438819E-06,-1.3161256500197,-1.3161256500197,1,4.97482061085328E-05,4.97482061085328E-05,2540.31583849884,2540.31583849884,-239990.7637541,-239990.7637541,0.108314823945502,0.108314823945502,100000000000,-2347.72894207347,-2347.72894207347)
PVTTABLE POINT = (46000000,23.76,411.465957985422,411.465957985422,2.9635251696061E-06,2.9635251696061E-06,-1.31244059441179,-1.31244059441179,1,4.9417982780718E-05,4.9417982780718E-05,2541.73236020843,2541.73236020843,-236534.9650263,-236534.9650263,0.107773107732401,0.107773107732401,100000000000,-2336.06299311236,-2336.06299311236)
PVTTABLE POINT = (46000000,25.12,409.683615899097,409.683615899097,2.98663330433235E-06,2.98663330433235E-06,-1.30862995350798,-1.30862995350798,1,4.90938007349814E-05,4.90938007349814E-05,2543.09652985691,2543.09652985691,-233077.275468055,-233077.275468055,0.107240176613185,0.107240176613185,100000000000,-2324.44400433714,-2324.44400433714)
PVTTABLE POINT = (46000000,26.48,407.906540477593,407.906540477593,3.00949599030867E-06,3.00949599030867E-06,-1.30469586145559,-1.30469586145559,1,4.87755218843054E-05,4.87755218843054E-05,2544.40872343141,2544.40872343141,-229617.766028348,-229617.766028348,0.106715972877441,0.106715972877441,100000000000,-2312.87178580694,-2312.87178580694)
PVTTABLE POINT = (46000000,27.84,406.134898118372,406.134898118372,3.03210622050567E-06,3.03210622050567E-06,-1.30064053124759,-1.30064053124759,1,4.84630114852053E-05,4.84630114852053E-05,2545.66936798983,2545.66936798983,-226156.507109964,-226156.507109964,0.106200437276409,0.106200437276409,100000000000,-2301.34614834274,-2301.34614834274)
PVTTABLE POINT = (46000000,29.2,404.368852157633,404.368852157633,3.05445721699648E-06,3.05445721699648E-06,-1.29646625114476,-1.29646625114476,1,4.81561380871515E-05,4.81561380871515E-05,2546.87894049357,2546.87894049357,-222693.568500816,-222693.568500816,0.105693509075734,0.105693509075734,100000000000,-2289.86690328598,-2289.86690328598)
PVTTABLE POINT = (46000000,30.56,402.608562770446,402.608562770446,3.07654243828793E-06,3.07654243828793E-06,-1.29217538097679,-1.29217538097679,1,4.7854773481039E-05,4.7854773481039E-05,2548.03796654946,2548.03796654946,-219229.019306925,-219229.019306925,0.105195126109969,0.105195126109969,100000000000,-2278.433862268,-2278.433862268)
PVTTABLE POINT = (46000000,31.92,400.854186875996,400.854186875996,3.09835558609344E-06,3.09835558609344E-06,-1.28777034833485,-1.28777034833485,1,4.755879264677E-05,4.755879264677E-05,2549.14701906557,2549.14701906557,-215762.927887166,-215762.927887166,0.10470522483861,0.10470522483861,100000000000,-2267.04683699054,-2267.04683699054)
PVTTABLE POINT = (46000000,33.28,399.105878048078,399.105878048078,3.11989061153386E-06,3.11989061153386E-06,-1.2832536446681,-1.2832536446681,1,4.72680737000188E-05,4.72680737000188E-05,2550.20671682592,2550.20671682592,-212295.361789894,-212295.361789894,0.104223740403477,0.104223740403477,100000000000,-2255.70563901722,-2255.70563901722)
PVTTABLE POINT = (46000000,34.64,397.363786430942,397.363786430942,3.14114172075547E-06,3.14114172075547E-06,-1.27862782129711,-1.27862782129711,1,4.69824978382487E-05,4.69824978382487E-05,2551.21772298927,2551.21772298927,-208826.38769157,-208826.38769157,0.10375060668723,0.10375060668723,100000000000,-2244.41007957605,-2244.41007957605)
PVTTABLE POINT = (46000000,36,395.628058660629,395.628058660629,3.16210337995626E-06,3.16210337995626E-06,-1.27389548535699,-1.27389548535699,1,4.67019492860527E-05,4.67019492860527E-05,2552.18074351746,2552.18074351746,-205356.071337473,-205356.071337473,0.103285756372851,0.103285756372851,100000000000,-2233.15996937323,-2233.15996937323)
PVTTABLE POINT = (46000000,37.36,393.898837791849,393.898837791849,3.1827703198147E-06,3.1827703198147E-06,-1.26905929568329,-1.26905929568329,1,4.64263152398887E-05,4.64263152398887E-05,2553.09652553895,2553.09652553895,-201884.477484589,-201884.477484589,0.102829121003883,0.102829121003883,100000000000,-2221.95511841797,-2221.95511841797)
PVTTABLE POINT = (46000000,38.72,392.176263230493,392.176263230493,3.2031375393173E-06,3.2031375393173E-06,-1.2641219586537,-1.2641219586537,1,4.61554858122847E-05,4.61554858122847E-05,2553.96585565344,2553.96585565344,-198411.669846775,-198411.669846775,0.10238063104526,0.10238063104526,100000000000,-2210.79533585839,-2210.79533585839)
PVTTABLE POINT = (46000000,40.08,390.460470671826,390.460470671826,3.22320030898385E-06,3.22320030898385E-06,-1.25908622399835,-1.25908622399835,1,4.58893539755853E-05,4.58893539755853E-05,2554.78955818329,2554.78955818329,-194937.71104226,-194937.71104226,0.101940215944548,0.101940215944548,100000000000,-2199.68042982861,-2199.68042982861)
PVTTABLE POINT = (46000000,41.44,388.75159204438,388.75159204438,3.24295417349164E-06,3.24295417349164E-06,-1.25395488059164,-1.25395488059164,1,4.56278155053151E-05,4.56278155053151E-05,2555.56849337801,2555.56849337801,-191462.662543557,-191462.662543557,0.101507804193434,0.101507804193434,100000000000,-2188.6102073067,-2188.6102073067)
PVTTABLE POINT = (46000000,42.8,387.04975545959,387.04975545959,3.26239495370235E-06,3.26239495370235E-06,-1.24873075223799,-1.24873075223799,1,4.53707689232319E-05,4.53707689232319E-05,2556.30355557773,2556.30355557773,-187986.584629849,-187986.584629849,0.101083323389289,0.101083323389289,100000000000,-2177.58447398366,-2177.58447398366)
PVTTABLE POINT = (46000000,44.16,385.35508516715,385.35508516715,3.28151874809737E-06,3.28151874809737E-06,-1.24341669346397,-1.24341669346397,1,4.51181154401443E-05,4.51181154401443E-05,2556.99567134177,2556.99567134177,-184509.536341895,-184509.536341895,0.100666700296679,0.100666700296679,100000000000,-2166.60303414303,-2166.60303414303)
PVTTABLE POINT = (46000000,45.52,383.667701516083,383.667701516083,3.30032193362985E-06,3.30032193362985E-06,-1.23801558532865,-1.23801558532865,1,4.48697588985656E-05,4.48697588985656E-05,2557.64579754856,2557.64579754856,-181031.575439495,-181031.575439495,0.100257860908641,0.100257860908641,100000000000,-2155.66569055128,-2155.66569055128)
PVTTABLE POINT = (46000000,46.88,381.987720921487,381.987720921487,3.31880116600333E-06,3.31880116600333E-06,-1.23253033126392,-1.23253033126392,1,4.46256057152792E-05,4.46256057152792E-05,2558.25491947267,2558.25491947267,-177552.758361571,-177552.758361571,9.98567305076256E-02,9.98567305076256E-02,100000000000,-2144.77224435859,-2144.77224435859)
PVTTABLE POINT = (46000000,48.24,380.315255836916,380.315255836916,3.33695337938948E-06,3.33695337938948E-06,-1.22696385295586,-1.22696385295586,1,4.43855648238835E-05,4.43855648238835E-05,2558.82404884526,2558.82404884526,-174073.140188856,-174073.140188856,9.94632337259449E-02,9.94632337259449E-02,100000000000,-2133.92249500997,-2133.92249500997)
PVTTABLE POINT = (46000000,49.6,378.650414732328,378.650414732328,3.35477578559853E-06,3.35477578559853E-06,-1.22131908627794,-1.22131908627794,1,4.4149547617391E-05,4.4149547617391E-05,2559.3542219037,2559.3542219037,-170592.774609248,-170592.774609248,9.90772946056264E-02,9.90772946056264E-02,100000000000,-2123.11624016645,-2123.11624016645)
PVTTABLE POINT = (46000000,50.96,376.993302077517,376.993302077517,3.37226587271846E-06,3.37226587271846E-06,-1.21559897728627,-1.21559897728627,1,4.39174678909463E-05,4.39174678909463E-05,2559.84649743604,2559.84649743604,-167111.713885802,-167111.713885802,9.86988366575438E-02,9.86988366575438E-02,100000000000,-2112.35327563612,-2112.35327563612)
PVTTABLE POINT = (46000000,52.32,375.344018330949,375.344018330949,3.38942140323992E-06,3.38942140323992E-06,-1.20980647828658,-1.20980647828658,1,4.36892417847345E-05,4.36892417847345E-05,2560.30195482625,2560.30195482625,-163630.008827395,-163630.008827395,9.83277829197311E-02,9.83277829197311E-02,100000000000,-2101.63339531489,-2101.63339531489)
PVTTABLE POINT = (46000000,53.68,373.702659933895,373.702659933895,3.40624041168598E-06,3.40624041168598E-06,-1.20394454398208,-1.20394454398208,1,4.34647877271428E-05,4.34647877271428E-05,2560.72169210534,2560.72169210534,-160147.708762044,-160147.708762044,9.79640560147757E-02,9.79640560147757E-02,100000000000,-2090.95639113649,-2090.95639113649)
PVTTABLE POINT = (46000000,55.04,372.069319309734,372.069319309734,3.42272120176643E-06,3.42272120176643E-06,-1.19801612771062,-1.19801612771062,1,4.32440263782404E-05,4.32440263782404E-05,2561.10682401393,2561.10682401393,-156664.861512859,-156664.861512859,9.76075782062022E-02,9.76075782062022E-02,100000000000,-2080.32205303171,-2080.32205303171)
PVTTABLE POINT = (46000000,56.4,370.444084868318,370.444084868318,3.43886234307815E-06,3.43886234307815E-06,-1.19202417777926,-1.19202417777926,1,4.30268805736376E-05,4.30268805736376E-05,2561.45848008119,2561.45848008119,-153181.513376635,-153181.513376635,9.72582714537655E-02,9.72582714537655E-02,100000000000,-2069.73016889639,-2069.73016889639)
PVTTABLE POINT = (46000000,57.76,368.827041015247,368.827041015247,3.45466266737362E-06,3.45466266737362E-06,-1.18597163390328,-1.18597163390328,1,4.28132752687842E-05,4.28132752687842E-05,2561.77780272493,2561.77780272493,-149697.709105024,-149697.709105024,9.69160574675793E-02,9.69160574675793E-02,100000000000,-2059.18052456795,-2059.18052456795)
PVTTABLE POINT = (46000000,59.12,367.218268165911,367.218268165911,3.47012126442076E-06,3.47012126442076E-06,-1.17986142375651,-1.17986142375651,1,4.26031374837624E-05,4.26031374837624E-05,2562.06594537765,2562.06594537765,-146213.491888291,-146213.491888291,9.65808577610107E-02,9.65808577610107E-02,100000000000,-2048.67290381016,-2048.67290381016)
PVTTABLE POINT = (46000000,60.48,365.617842764148,365.617842764148,3.48523747747794E-06,3.48523747747794E-06,-1.17369645963875,-1.17369645963875,1,4.23963962486297E-05,4.23963962486297E-05,2562.32407064265,2562.32407064265,-142728.90334159,-142728.90334159,9.62525937022816E-02,9.62525937022816E-02,100000000000,-2038.20708830578,-2038.20708830578)
PVTTABLE POINT = (46000000,61.84,364.025837305348,364.025837305348,3.50001089840862E-06,3.50001089840862E-06,-1.16747963526586,-1.16747963526586,1,4.21929825493626E-05,4.21929825493626E-05,2562.55334848436,2562.55334848436,-139243.983493726,-139243.983493726,9.59311865647241E-02,9.59311865647241E-02,100000000000,-2027.78285765683,-2027.78285765683)
PVTTABLE POINT = (46000000,63.2,362.44232036384,362.44232036384,3.51444136246039E-06,3.51444136246039E-06,-1.16121382268695,-1.16121382268695,1,4.19928292744503E-05,4.19928292744503E-05,2562.75495445686,2562.75495445686,-135758.770778352,-135758.770778352,9.56165575756404E-02,9.56165575756404E-02,100000000000,-2017.39998939208,-2017.39998939208)
PVTTABLE POINT = (46000000,64.56,360.867356624376,360.867356624376,3.52852894273367E-06,3.52852894273367E-06,-1.15490186933287,-1.15490186933287,1,4.17958711621825E-05,4.17958711621825E-05,2562.93006797371,2562.93006797371,-132273.302027549,-132273.302027549,9.53086279637295E-02,9.53086279637295E-02,100000000000,-2007.05825898144,-2007.05825898144)
PVTTABLE POINT = (46000000,65.92,359.301006917552,359.301006917552,3.54227394436539E-06,3.54227394436539E-06,-1.1485465951994,-1.1485465951994,1,4.16020447486769E-05,4.16020447486769E-05,2563.07987062281,2563.07987062281,-128787.612467732,-128787.612467732,9.50073190050428E-02,9.50073190050428E-02,100000000000,-1996.75743985701,-1996.75743985701)
PVTTABLE POINT = (46000000,67.28,357.743328258948,357.743328258948,3.55567689845307E-06,3.55567689845307E-06,-1.14215079016785,-1.14215079016785,1,4.14112883166836E-05,4.14112883166836E-05,2563.20554452882,2563.20554452882,-125301.735717803,-125301.735717803,9.47125520674424E-02,9.47125520674424E-02,100000000000,-1986.49730344019,-1986.49730344019)
PVTTABLE POINT = (46000000,68.64,356.19437389183,356.19437389183,3.56873855574448E-06,3.56873855574448E-06,-1.13571721146527,-1.13571721146527,1,4.12235418452046E-05,4.12235418452046E-05,2563.30827076603,2563.30827076603,-121815.703789517,-121815.703789517,9.44242486535358E-02,9.44242486535358E-02,100000000000,-1976.27761917492,-1976.27761917492)
PVTTABLE POINT = (46600000,2,442.080931836566,442.080931836566,2.52363495962679E-06,2.52363495962679E-06,-1.34381885245942,-1.34381885245942,1,5.59433816304198E-05,5.59433816304198E-05,2506.6432324721,2506.6432324721,-291336.093843655,-291336.093843655,0.118134734154815,0.118134734154815,100000000000,-2532.64539117541,-2532.64539117541)
PVTTABLE POINT = (46600000,3.36,440.254384565303,440.254384565303,2.54900487081539E-06,2.54900487081539E-06,-1.34225633474268,-1.34225633474268,1,5.55008492758134E-05,5.55008492758134E-05,2508.8506118768,2508.8506118768,-287925.552470356,-287925.552470356,0.117455739056663,0.117455739056663,100000000000,-2520.2807207292,-2520.2807207292)
PVTTABLE POINT = (46600000,4.72,438.43005905923,438.43005905923,2.57426981165781E-06,2.57426981165781E-06,-1.34055164446914,-1.34055164446914,1,5.50669013097144E-05,5.50669013097144E-05,2511.00870058287,2511.00870058287,-284512.042525259,-284512.042525259,0.116786127703096,0.116786127703096,100000000000,-2507.96600666031,-2507.96600666031)
PVTTABLE POINT = (46600000,6.08,436.608148266441,436.608148266441,2.59942087882316E-06,2.59942087882316E-06,-1.33870539721836,-1.33870539721836,1,5.46413443836904E-05,5.46413443836904E-05,2513.1170529809,2513.1170529809,-281095.631352697,-281095.631352697,0.116125869930582,0.116125869930582,100000000000,-2495.70100291714,-2495.70100291714)
PVTTABLE POINT = (46600000,7.44,434.788844225885,434.788844225885,2.62444922083606E-06,2.62444922083606E-06,-1.33671831430359,-1.33671831430359,1,5.42239890557099E-05,5.42239890557099E-05,2515.1752763998,2515.1752763998,-277676.386867095,-277676.386867095,0.115474933642362,0.115474933642362,100000000000,-2483.48546907141,-2483.48546907141)
PVTTABLE POINT = (46600000,8.8,432.97233792397,432.97233792397,2.64934604996555E-06,2.64934604996555E-06,-1.3345912221413,-1.3345912221413,1,5.3814649760777E-05,5.3814649760777E-05,2517.18303156421,2517.18303156421,-274254.377480644,-274254.377480644,0.114833284812414,0.114833284812414,100000000000,-2471.31916995227,-2471.31916995227)
PVTTABLE POINT = (46600000,10.16,431.158819152175,431.158819152175,2.67410265404098E-06,2.67410265404098E-06,-1.33232505140395,-1.33232505140395,1,5.34131447799686E-05,5.34131447799686E-05,2519.14003294681,2519.14003294681,-270829.672030438,-270829.672030438,0.114200887493478,0.114200887493478,100000000000,-2459.20187528729,-2459.20187528729)
PVTTABLE POINT = (46600000,11.52,429.34847636596,429.34847636596,2.69871040815964E-06,2.69871040815964E-06,-1.32992083595746,-1.32992083595746,1,5.30192962079023E-05,5.30192962079023E-05,2521.04604901419,2521.04604901419,-267402.33970519,-267402.33970519,0.113577703829071,0.113577703829071,100000000000,-2447.13335935058,-2447.13335935058)
PVTTABLE POINT = (46600000,12.88,427.541496545268,427.541496545268,2.72316078625122E-06,2.72316078625122E-06,-1.32737971158599,-1.32737971158599,1,5.26329299186663E-05,5.26329299186663E-05,2522.90090236492,2522.90090236492,-263972.449971702,-263972.449971702,0.112963694069383,0.112963694069383,100000000000,-2435.1134006184,-2435.1134006184)
PVTTABLE POINT = (46600000,14.24,425.738065056899,425.738065056899,2.74744537246462E-06,2.74744537246462E-06,-1.32470291450722,-1.32470291450722,1,5.22538755302442E-05,5.22538755302442E-05,2524.70446975926,2524.70446975926,-260540.072501208,-260540.072501208,0.112358816590955,0.112358816590955,100000000000,-2423.14178143256,-2423.14178143256)
PVTTABLE POINT = (46600000,15.6,423.93836551905,423.93836551905,2.77155587234325E-06,2.77155587234325E-06,-1.32189177968217,-1.32189177968217,1,5.18819663674711E-05,5.18819663674711E-05,2526.45668204022,2526.45668204022,-257105.277095756,-257105.277095756,0.111763027920003,0.111763027920003,100000000000,-2411.21828767184,-2411.21828767184)
PVTTABLE POINT = (46600000,16.96,422.142579668285,422.142579668285,2.79548412375569E-06,2.79548412375569E-06,-1.31894773892478,-1.31894773892478,1,5.15170394235589E-05,5.15170394235589E-05,2528.15752394608,2528.15752394608,-253668.133614773,-253668.133614773,0.111176282759268,0.111176282759268,100000000000,-2399.34270843177,-2399.34270843177)
PVTTABLE POINT = (46600000,18.32,420.350887229212,420.350887229212,2.81922210754951E-06,2.81922210754951E-06,-1.31587231881666,-1.31587231881666,1,5.11589353202305E-05,5.11589353202305E-05,2529.80703381496,2529.80703381496,-250228.71190195,-250228.71190195,0.110598534018225,0.110598534018225,100000000000,-2387.51483571307,-2387.51483571307)
PVTTABLE POINT = (46600000,19.68,418.563465787123,418.563465787123,2.84276195789732E-06,2.84276195789732E-06,-1.31266713843379,-1.31266713843379,1,5.08074982665081E-05,5.08074982665081E-05,2531.40530318248,2531.40530318248,-246787.08171262,-246787.08171262,0.110029732846497,0.110029732846497,100000000000,-2375.7344641189,-2375.7344641189)
PVTTABLE POINT = (46600000,21.04,416.780490663852,416.780490663852,2.8660959723053E-06,2.8660959723053E-06,-1.3093339068923,-1.3093339068923,1,5.04625760161985E-05,5.04625760161985E-05,2532.95247627396,2532.95247627396,-243343.312641726,-243343.312641726,0.109469828670311,0.109469828670311,100000000000,-2364.00139056125,-2364.00139056125)
PVTTABLE POINT = (46600000,22.4,415.002134797087,415.002134797087,2.8892166212559E-06,2.8892166212559E-06,-1.30587442072125,-1.30587442072125,1,5.0124019824126E-05,5.0124019824126E-05,2534.44874939292,2534.44874939292,-239897.474052585,-239897.474052585,0.108918769231817,0.108918769231817,100000000000,-2352.31541397675,-2352.31541397675)
PVTTABLE POINT = (46600000,23.76,413.228568623369,413.228568623369,2.91211655745795E-06,2.91211655745795E-06,-1.302290561071,-1.302290561071,1,4.97916844011605E-05,4.97916844011605E-05,2535.89437020826,2535.89437020826,-236449.635006519,-236449.635006519,0.108376500631078,0.108376500631078,100000000000,-2340.67633505195,-2340.67633505195)
PVTTABLE POINT = (46600000,25.12,411.459959964991,411.459959964991,2.93478862467923E-06,2.93478862467923E-06,-1.29858429076643,-1.29858429076643,1,4.94654278680966E-05,4.94654278680966E-05,2537.28963694256,2537.28963694256,-232999.864193552,-232999.864193552,0.107842967370562,0.107842967370562,100000000000,-2329.08395595839,-2329.08395595839)
PVTTABLE POINT = (46600000,26.48,409.696473921015,409.696473921015,2.95722586613833E-06,2.95722586613833E-06,-1.29475765121459,-1.29475765121459,1,4.91451117084367E-05,4.91451117084367E-05,2538.6348974648,2538.6348974648,-229548.229864254,-229548.229864254,0.107318112401925,0.107318112401925,100000000000,-2317.53808009767,-2317.53808009767)
PVTTABLE POINT = (46600000,27.84,407.93827276257,407.93827276257,2.97942153243441E-06,2.97942153243441E-06,-1.2908127591771,-1.2908127591771,1,4.88306007201351E-05,4.88306007201351E-05,2539.93054829051,2539.93054829051,-226094.799762896,-226094.799762896,0.106801877174909,0.106801877174909,100000000000,-2306.03851185652,-2306.03851185652)
PVTTABLE POINT = (46600000,29.2,406.185515832643,406.185515832643,3.00136908899589E-06,3.00136908899589E-06,-1.28675180341793,-1.28675180341793,1,4.85217629663638E-05,4.85217629663638E-05,2541.17703349338,2541.17703349338,-222639.641062021,-222639.641062021,0.106294201688149,0.106294201688149,100000000000,-2294.58505637216,-2294.58505637216)
PVTTABLE POINT = (46600000,30.56,404.438359450499,404.438359450499,3.0230622230306E-06,3.0230622230306E-06,-1.2825770412375,-1.2825770412375,1,4.82184697253599E-05,4.82184697253599E-05,2542.37484353206,2542.37484353206,-219182.82029855,-219182.82029855,0.105795024541694,0.105795024541694,100000000000,-2283.17751930798,-2283.17751930798)
PVTTABLE POINT = (46600000,31.92,402.696956820886,402.696956820886,3.04449484996272E-06,3.04449484996272E-06,-1.27829079490457,-1.27829079490457,1,4.7920595439418E-05,4.7920595439418E-05,2543.52451399665,2543.52451399665,-215724.403311549,-215724.403311549,0.105304282991062,0.105304282991062,100000000000,-2271.81570663966,-2271.81570663966)
PVTTABLE POINT = (46600000,33.28,400.961457948156,400.961457948156,3.06566111934354E-06,3.06566111934354E-06,-1.27389544799738,-1.27389544799738,1,4.76280176630914E-05,4.76280176630914E-05,2544.62662427926,2544.62662427926,-212264.455181736,-212264.455181736,0.104821913002622,0.104821913002622,100000000000,-2260.49942445178,-2260.49942445178)
PVTTABLE POINT = (46600000,34.64,399.232009555418,399.232009555418,3.08655542022568E-06,3.08655542022568E-06,-1.26939344166585,-1.26939344166585,1,4.73406170106681E-05,4.73406170106681E-05,2545.68179617357,2545.68179617357,-208803.040172864,-208803.040172864,0.104347849310114,0.104347849310114,100000000000,-2249.22847874501,-2249.22847874501)
PVTTABLE POINT = (46600000,36,397.508755008822,397.508755008822,3.10717238599232E-06,3.10717238599232E-06,-1.26478727082678,-1.26478727082678,1,4.70582771029894E-05,4.70582771029894E-05,2546.69069240826,2546.69069240826,-205340.221675038,-205340.221675038,0.103882025472144,0.103882025472144,100000000000,-2238.00267525384,-2238.00267525384)
PVTTABLE POINT = (46600000,37.36,395.791834247054,395.791834247054,3.12750689863568E-06,3.12750689863568E-06,-1.26007948030387,-1.26007948030387,1,4.67808845136771E-05,4.67808845136771E-05,2547.65401511956,2547.65401511956,-201876.062150082,-201876.062150082,0.103424373930446,0.103424373930446,100000000000,-2226.8218192749,-2226.8218192749)
PVTTABLE POINT = (46600000,38.72,394.081383716113,394.081383716113,3.14755409248074E-06,3.14755409248074E-06,-1.2552726609247,-1.2552726609247,1,4.65083287148403E-05,4.65083287148403E-05,2548.57250426818,2548.57250426818,-198410.623079009,-198410.623079009,0.102974826068749,0.102974826068749,100000000000,-2215.68571550583,-2215.68571550583)
PVTTABLE POINT = (46600000,40.08,392.377536309417,392.377536309417,3.16730935735288E-06,3.16730935735288E-06,-1.25036944558641,-1.25036944558641,1,4.62405020223287E-05,4.62405020223287E-05,2549.44693600605,2549.44693600605,-194943.964911688,-194943.964911688,0.102533312272088,0.102533312272088,100000000000,-2204.59416789464,-2204.59416789464)
PVTTABLE POINT = (46600000,41.44,390.680421313276,390.680421313276,3.18676834119E-06,3.18676834119E-06,-1.24537250530186,-1.24537250530186,1,4.59772995406038E-05,4.59772995406038E-05,2550.27812099842,2550.27812099842,-191476.14701876,-191476.14701876,0.102099761986376,0.102099761986376,100000000000,-2193.54697949952,-2193.54697949952)
PVTTABLE POINT = (46600000,42.8,388.990164357752,388.990164357752,3.20592695210187E-06,3.20592695210187E-06,-1.24028454523798,-1.24028454523798,1,4.57186191072966E-05,4.57186191072966E-05,2551.06690270686,2551.06690270686,-188007.227645863,-188007.227645863,0.101674103778101,0.101674103778101,100000000000,-2182.54395235903,-2182.54395235903)
PVTTABLE POINT = (46600000,44.16,387.306887372894,387.306887372894,3.22478135988173E-06,3.22478135988173E-06,-1.23510830075753,-1.23510830075753,1,4.54643612375213E-05,4.54643612375213E-05,2551.8141556388,2551.8141556388,-184537.263870218,-184537.263870218,0.101256265393984,0.101256265393984,100000000000,-2171.58488737247,-2171.58488737247)
PVTTABLE POINT = (46600000,45.52,385.630708550365,385.630708550365,3.24332799697674E-06,3.24332799697674E-06,-1.22984653347548,-1.22984653347548,1,4.52144290680153E-05,4.52144290680153E-05,2552.52078356913,2552.52078356913,-181066.311559608,-181066.311559608,0.100846173820466,0.100846173820466,100000000000,-2160.66958419035,-2160.66958419035)
PVTTABLE POINT = (46600000,46.88,383.9617423104,383.9617423104,3.26156355892623E-06,3.26156355892623E-06,-1.22450202734061,-1.22450202734061,1,4.49687283011712E-05,4.49687283011712E-05,2553.18771773957,2553.18771773957,-177594.425333802,-177594.425333802,0.100443755342882,0.100443755342882,100000000000,-2149.79784111492,-2149.79784111492)
PVTTABLE POINT = (46600000,48.24,382.300099274078,382.300099274078,3.27948500427823E-06,3.27948500427823E-06,-1.21907758475295,-1.21907758475295,1,4.47271671490327E-05,4.47271671490327E-05,2553.81591504112,2553.81591504112,-174121.65852843,-174121.65852843,0.100048935604203,0.100048935604203,100000000000,-2138.96945501035,-2138.96945501035)
PVTTABLE POINT = (46600000,49.6,380.645886240847,380.645886240847,3.2970895539965E-06,3.2970895539965E-06,-1.21357602272672,-1.21357602272672,1,4.44896562773175E-05,4.44896562773175E-05,2554.40635618531,2554.40635618531,-170648.063161347,-170648.063161347,9.96616396632203E-02,9.96616396632203E-02,100000000000,-2128.18422122259,-2128.18422122259)
PVTTABLE POINT = (46600000,50.96,378.999206171224,378.999206171224,3.314374690372E-06,3.314374690372E-06,-1.20800016910861,-1.20800016910861,1,4.42561087495338E-05,4.42561087495338E-05,2554.96004386932,2554.96004386932,-167173.68990148,-167173.68990148,9.92817920520612E-02,9.92817920520612E-02,100000000000,-2117.44193350857,-2117.44193350857)
PVTTABLE POINT = (46600000,52.32,377.360158174597,377.360158174597,3.331338155454E-06,3.331338155454E-06,-1.20235285886013,-1.20235285886013,1,4.40264399712558E-05,4.40264399712558E-05,2555.4780009403,2555.4780009403,-163698.588040177,-163698.588040177,9.89093168329422E-02,9.89093168329422E-02,100000000000,-2106.74238397466,-2106.74238397466)
PVTTABLE POINT = (46600000,53.68,375.72883750204,375.72883750204,3.3479779490177E-06,3.3479779490177E-06,-1.19663693041292,-1.19663693041292,1,4.38005676346183E-05,4.38005676346183E-05,2555.96126856401,2555.96126856401,-160222.805465054,-160222.805465054,9.85441376540497E-02,9.85441376540497E-02,100000000000,-2096.0853630239,-2096.0853630239)
PVTTABLE POINT = (46600000,55.04,374.105335544023,374.105335544023,3.36429232608598E-06,3.36429232608598E-06,-1.19085522210458,-1.19085522210458,1,4.35784116630937E-05,4.35784116630937E-05,2556.41090440246,2556.41090440246,-156746.388636314,-156746.388636314,9.81861778044703E-02,9.81861778044703E-02,100000000000,-2085.47065931209,-2085.47065931209)
PVTTABLE POINT = (46600000,56.4,372.489739832919,372.489739832919,3.38027979402459E-06,3.38027979402459E-06,-1.18501056870288,-1.18501056870288,1,4.33598941566077E-05,4.33598941566077E-05,2556.82798080553,2556.82798080553,-153269.382565551,-153269.382565551,9.78353602680841E-02,9.78353602680841E-02,100000000000,-2074.89805971219,-2074.89805971219)
PVTTABLE POINT = (46600000,57.76,370.882134050162,370.882134050162,3.39593910923052E-06,3.39593910923052E-06,-1.17910579802496,-1.17910579802496,1,4.3144939337052E-05,4.3144939337052E-05,2557.21358302082,2557.21358302082,-149791.830796989,-149791.830796989,9.74916077763511E-02,9.74916077763511E-02,100000000000,-2064.36734928686,-2064.36734928686)
PVTTABLE POINT = (46600000,59.12,369.282598037947,369.282598037947,3.41126927343448E-06,3.41126927343448E-06,-1.17314372765786,-1.17314372765786,1,4.29334734942477E-05,4.29334734942477E-05,2557.56880742622,2557.56880742622,-146313.77539115,-146313.77539115,9.71548428599216E-02,9.71548428599216E-02,100000000000,-2053.87831126894,-2053.87831126894)
PVTTABLE POINT = (46600000,60.48,367.691207815312,367.691207815312,3.4262695296389E-06,3.4262695296389E-06,-1.16712716178622,-1.16712716178622,1,4.27254249324124E-05,4.27254249324124E-05,2557.89475978908,2557.89475978908,-142835.256910899,-142835.256910899,9.68249878990107E-02,9.68249878990107E-02,100000000000,-2043.4307270494,-2043.4307270494)
PVTTABLE POINT = (46600000,61.84,366.108035598457,366.108035598457,3.44093935771364E-06,3.44093935771364E-06,-1.16105888813205,-1.16105888813205,1,4.25207239171784E-05,4.25207239171784E-05,2558.19255355597,2558.19255355597,-139356.314409844,-139356.314409844,0.096501965172486,0.096501965172486,100000000000,-2033.02437617265,-2033.02437617265)
PVTTABLE POINT = (46600000,63.2,364.533149825148,364.533149825148,3.45527846967182E-06,3.45527846967182E-06,-1.15494167501123,-1.15494167501123,1,4.23193026232129E-05,4.23193026232129E-05,2558.46330817643,2558.46330817643,-135876.985423039,-135876.985423039,9.61856969056181E-02,9.61856969056181E-02,100000000000,-2022.6590363387,-2022.6590363387)
PVTTABLE POINT = (46600000,64.56,362.966615183048,362.966615183048,3.46928680464877E-06,3.46928680464877E-06,-1.14877826851071,-1.14877826851071,1,4.21210950824798E-05,4.21210950824798E-05,2558.7081474642,2558.7081474642,-132397.30595993,-132397.30595993,9.58761053164566E-02,9.58761053164566E-02,100000000000,-2012.33448341208,-2012.33448341208)
PVTTABLE POINT = (46600000,65.92,361.40849264179,361.40849264179,3.482964523607E-06,3.482964523607E-06,-1.14257138978954,-1.14257138978954,1,4.19260371331899E-05,4.19260371331899E-05,2558.92819799891,2558.92819799891,-128917.310499523,-128917.310499523,9.55731126607936E-02,9.55731126607936E-02,100000000000,-2002.05049143701,-2002.05049143701)
PVTTABLE POINT = (46600000,67.28,359.858839488649,359.858839488649,3.49631200379045E-06,3.49631200379045E-06,-1.1363237325068,-1.1363237325068,1,4.17340663694743E-05,4.17340663694743E-05,2559.12458757095,2559.12458757095,-125437.031987672,-125437.031987672,9.52766412756885E-02,9.52766412756885E-02,100000000000,-1991.80683265856,-1991.80683265856)
PVTTABLE POINT = (46600000,68.64,358.317709367614,358.317709367614,3.50932983295112E-06,3.50932983295112E-06,-1.13003796037838,-1.13003796037838,1,4.154512209182E-05,4.154512209182E-05,2559.29844367223,2559.29844367223,-121956.501836476,-121956.501836476,9.49866136215269E-02,9.49866136215269E-02,100000000000,-1981.60327754963,-1981.60327754963)
PVTTABLE POINT = (47200000,2,443.582473766287,443.582473766287,2.48172147986184E-06,2.48172147986184E-06,-1.33272506457366,-1.33272506457366,1,5.63543338114226E-05,5.63543338114226E-05,2500.74394122087,2500.74394122087,-291107.810104312,-291107.810104312,0.118736116650117,0.118736116650117,100000000000,-2536.73998572443,-2536.73998572443)
PVTTABLE POINT = (47200000,3.36,441.770985017937,441.770985017937,2.50654988551574E-06,2.50654988551574E-06,-1.33120587945297,-1.33120587945297,1,5.59090832289108E-05,5.59090832289108E-05,2502.94876546602,2502.94876546602,-287705.293730736,-287705.293730736,0.118057348352952,0.118057348352952,100000000000,-2524.40440933817,-2524.40440933817)
PVTTABLE POINT = (47200000,4.72,439.961656480759,439.961656480759,2.53127803190776E-06,2.53127803190776E-06,-1.329548374354,-1.329548374354,1,5.54724562213723E-05,5.54724562213723E-05,2505.10630092354,2505.10630092354,-284299.810900583,-284299.810900583,0.117387910880572,0.117387910880572,100000000000,-2512.11865421707,-2512.11865421707)
PVTTABLE POINT = (47200000,6.08,438.154675876099,438.154675876099,2.55589739608608E-06,2.55589739608608E-06,-1.32775314524717,-1.32775314524717,1,5.50442595948155E-05,5.50442595948155E-05,2507.21611399854,2507.21611399854,-280891.426227133,-280891.426227133,0.116727773996238,0.116727773996238,100000000000,-2499.88246582433,-2499.88246582433)
PVTTABLE POINT = (47200000,7.44,436.350230046282,436.350230046282,2.58039950372238E-06,2.58039950372238E-06,-1.32582088875023,-1.32582088875023,1,5.46243040199658E-05,5.46243040199658E-05,2509.27782151301,2509.27782151301,-277480.204879129,-277480.204879129,0.116076905585157,0.116076905585157,100000000000,-2487.69559531789,-2487.69559531789)
PVTTABLE POINT = (47200000,8.8,434.54850481813,434.54850481813,2.60477594024348E-06,2.60477594024348E-06,-1.32375240152143,-1.32375240152143,1,5.42124040033606E-05,5.42124040033606E-05,2511.2910911283,2511.2910911283,-274066.212511905,-274066.212511905,0.115435271657919,0.115435271657919,100000000000,-2475.5577991954,-2475.5577991954)
PVTTABLE POINT = (47200000,10.16,432.749684867424,432.749684867424,2.62901836189535E-06,2.62901836189535E-06,-1.32154857945069,-1.32154857945069,1,5.3808377856907E-05,5.3808377856907E-05,2513.25564166974,2513.25564166974,-270649.515198017,-270649.515198017,0.114802836357865,0.114802836357865,100000000000,-2463.46883894605,-2463.46883894605)
PVTTABLE POINT = (47200000,11.52,430.953953584621,430.953953584621,2.65311850670717E-06,2.65311850670717E-06,-1.3192104166504,-1.3192104166504,1,5.34120476659313E-05,5.34120476659313E-05,2515.17124335197,2515.17124335197,-267230.179357492,-267230.179357492,0.114179561972278,0.114179561972278,100000000000,-2451.42848070928,-2451.42848070928)
PVTTABLE POINT = (47200000,12.88,429.161492942066,429.161492942066,2.6770682053236E-06,2.6770682053236E-06,-1.31673900424813,-1.31673900424813,1,5.30232392557516E-05,5.30232392557516E-05,2517.03771790409,2517.03771790409,-263808.271687844,-263808.271687844,0.113565408947347,0.113565408947347,100000000000,-2439.43649494093,-2439.43649494093)
PVTTABLE POINT = (47200000,14.24,427.372483362984,427.372483362984,2.70085939167345E-06,2.70085939167345E-06,-1.31413552898426,-1.31413552898426,1,5.26417821568056E-05,5.26417821568056E-05,2518.85493859385,2518.85493859385,-260383.859093988,-260383.859093988,0.112960335906768,0.112960335906768,100000000000,-2427.49265608682,-2427.49265608682)
PVTTABLE POINT = (47200000,15.6,425.587103592509,425.587103592509,2.72448411344402E-06,2.72448411344402E-06,-1.31140127161845,-1.31140127161845,1,5.22675095683703E-05,5.22675095683703E-05,2520.62283015077,2520.62283015077,-256957.008618184,-256957.008618184,0.112364299673891,0.112364299673891,100000000000,-2415.59674226429,-2415.59674226429)
PVTTABLE POINT = (47200000,16.96,423.805530571007,423.805530571007,2.74793454233035E-06,2.74793454233035E-06,-1.30853760514946,-1.30853760514946,1,5.19002583209081E-05,5.19002583209081E-05,2522.34136858834,2522.34136858834,-253527.787370163,-253527.787370163,0.111777255297266,0.111777255297266,100000000000,-2403.74853495168,-2403.74853495168)
PVTTABLE POINT = (47200000,18.32,422.027939309943,422.027939309943,2.77120298403042E-06,2.77120298403042E-06,-1.30554599285368,-1.30554599285368,1,5.15398688370815E-05,5.15398688370815E-05,2524.01058092575,2524.01058092575,-250096.262457554,-250096.262457554,0.111199156079458,0.111199156079458,100000000000,-2391.94781868626,-2391.94781868626)
PVTTABLE POINT = (47200000,19.68,420.254502770541,420.254502770541,2.7942818879573E-06,2.7942818879573E-06,-1.30242798614839,-1.30242798614839,1,5.11861850914746E-05,5.11861850914746E-05,2525.63054481024,2525.63054481024,-246662.500916769,-246662.500916769,0.110629953608976,0.110629953608976,100000000000,-2380.19438077068,-2380.19438077068)
PVTTABLE POINT = (47200000,21.04,418.485391745457,418.485391745457,2.81716385664146E-06,2.81716385664146E-06,-1.29918522228633,-1.29918522228633,1,5.0839054569069E-05,5.0839054569069E-05,2527.20138804124,2527.20138804124,-243226.56964445,-243226.56964445,0.110069597795153,0.110069597795153,100000000000,-2368.48801098813,-2368.48801098813)
PVTTABLE POINT = (47200000,22.4,416.720774743706,416.720774743706,2.8398416547968E-06,2.8398416547968E-06,-1.295819421889,-1.295819421889,1,5.04983282225156E-05,5.04983282225156E-05,2528.72328799818,2528.72328799818,-239788.535329653,-239788.535329653,0.109518036905822,0.109518036905822,100000000000,-2356.8285013266,-2356.8285013266)
PVTTABLE POINT = (47200000,23.76,414.96081787904,414.96081787904,2.86230821802615E-06,2.86230821802615E-06,-1.29233238632651,-1.29233238632651,1,5.0163860428254E-05,5.0163860428254E-05,2530.19647097384,2530.19647097384,-236348.464386854,-236348.464386854,0.108975217607597,0.108975217607597,100000000000,-2345.21564571223,-2345.21564571223)
PVTTABLE POINT = (47200000,25.12,413.205684762,413.205684762,2.88455666114294E-06,2.88455666114294E-06,-1.28872599495242,-1.28872599495242,1,4.98355089415276E-05,4.98355089415276E-05,2531.62121141579,2531.62121141579,-232906.422889934,-232906.422889934,0.108441085008598,0.108441085008598,100000000000,-2333.64923975207,-2333.64923975207)
PVTTABLE POINT = (47200000,26.48,411.455536395815,411.455536395815,2.90658028608778E-06,2.90658028608778E-06,-1.28500220220252,-1.28500220220252,1,4.95131348503473E-05,4.95131348503473E-05,2532.99783107865,2532.99783107865,-229462.476507257,-229462.476507257,0.107915582703418,0.107915582703418,100000000000,-2322.12908048626,-2322.12908048626)
PVTTABLE POINT = (47200000,27.84,409.710531076332,409.710531076332,2.92837258942029E-06,2.92837258942029E-06,-1.28116303456694,-1.28116303456694,1,4.9196602528457E-05,4.9196602528457E-05,2534.32669809023,2534.32669809023,-226016.690437955,-226016.690437955,0.107398652820176,0.107398652820176,100000000000,-2310.65496614997,-2310.65496614997)
PVTTABLE POINT = (47200000,29.2,407.970824296152,407.970824296152,2.94992726936821E-06,2.94992726936821E-06,-1.27721058744535,-1.27721058744535,1,4.88857795873583E-05,4.88857795873583E-05,2535.60822593495,2535.60822593495,-222569.129349543,-222569.129349543,0.10689023606943,0.10689023606943,100000000000,-2299.22669594501,-2299.22669594501)
PVTTABLE POINT = (47200000,30.56,406.23656865311,406.23656865311,2.97123823241793E-06,2.97123823241793E-06,-1.27314702189544,-1.27314702189544,1,4.85805368274507E-05,4.85805368274507E-05,2536.84287235816,2536.84287235816,-219119.857316973,-219119.857316973,0.106390271794806,0.106390271794806,100000000000,-2287.84406982135,-2287.84406982135)
PVTTABLE POINT = (47200000,31.92,404.507913763247,404.507913763247,2.99229959943245E-06,2.99229959943245E-06,-1.2689745612849,-1.2689745612849,1,4.82807481883472E-05,4.82807481883472E-05,2538.03113819537,2538.03113819537,-215668.937763227,-215668.937763227,0.105898698025122,0.105898698025122,100000000000,-2276.50688826861,-2276.50688826861)
PVTTABLE POINT = (47200000,33.28,402.785006178395,402.785006178395,3.0131057112847E-06,3.0131057112847E-06,-1.26469548785792,-1.26469548785792,1,4.79862906984258E-05,4.79862906984258E-05,2539.17356613051,2539.17356613051,-212216.433401544,-212216.433401544,0.10541545152784,0.10541545152784,100000000000,-2265.21495211746,-2265.21495211746)
PVTTABLE POINT = (47200000,34.64,401.067989308482,401.067989308482,3.03365113399627E-06,3.03365113399627E-06,-1.26031213922654,-1.26031213922654,1,4.76970444236786E-05,4.76970444236786E-05,2540.27073938755,2540.27073938755,-208762.406179398,-208762.406179398,0.104940467863668,0.104940467863668,100000000000,-2253.96806235116,-2253.96806235116)
PVTTABLE POINT = (47200000,36,399.357003348655,399.357003348655,3.0539306633736E-06,3.0539306633736E-06,-1.2558269047983,-1.2558269047983,1,4.74128924159215E-05,4.74128924159215E-05,2541.32328036019,2541.32328036019,-205306.917224282,-205306.917224282,0.104473681442116,0.104473681442116,100000000000,-2242.76601992716,-2242.76601992716)
PVTTABLE POINT = (47200000,37.36,397.652185211296,397.652185211296,3.0739393291357E-06,3.0739393291357E-06,-1.25124222215076,-1.25124222215076,1,4.71337206604295E-05,4.71337206604295E-05,2542.33184918414,2542.33184918414,-201850.026791407,-201850.026791407,0.104015025577853,0.104015025577853,100000000000,-2231.60862560869,-2231.60862560869)
PVTTABLE POINT = (47200000,38.72,395.953668463005,395.953668463005,3.0936723985296E-06,3.0936723985296E-06,-1.2465605733642,-1.2465605733642,1,4.68594180230603E-05,4.68594180230603E-05,2543.29714225711,2543.29714225711,-198391.794213367,-198391.794213367,0.103564432547674,0.103564432547674,100000000000,-2220.49567980641,-2220.49567980641)
PVTTABLE POINT = (47200000,40.08,394.261583266582,394.261583266582,3.11312537943169E-06,3.11312537943169E-06,-1.24178448132333,-1.24178448132333,1,4.65898761969326E-05,4.65898761969326E-05,2544.21989071126,2544.21989071126,-194932.277851863,-194932.277851863,0.103121833647934,0.103121833647934,100000000000,-2209.4269824301,-2209.4269824301)
PVTTABLE POINT = (47200000,41.44,392.576056328065,392.576056328065,3.13229402293499E-06,3.13229402293499E-06,-1.23691650599883,-1.23691650599883,1,4.63249896487253E-05,4.63249896487253E-05,2545.10085884331,2545.10085884331,-191471.535051522,-191471.535051522,0.102687159252273,0.102687159252273,100000000000,-2198.40233275022,-2198.40233275022)
PVTTABLE POINT = (47200000,42.8,390.897210848825,390.897210848825,3.15117432542456E-06,3.15117432542456E-06,-1.2319592407196,-1.2319592407196,1,4.60646555646607E-05,4.60646555646607E-05,2545.94084250742,2545.94084250742,-188009.622095887,-188009.622095887,0.102260338869494,0.102260338869494,100000000000,-2187.42152926932,-2187.42152926932)
PVTTABLE POINT = (47200000,44.16,389.225166482736,389.225166482736,3.16976253014494E-06,3.16976253014494E-06,-1.22691530844605,-1.22691530844605,1,4.58087737962405E-05,4.58087737962405E-05,2546.74066747589,2546.74066747589,-184546.594165604,-184546.594165604,0.101841301201436,0.101841301201436,100000000000,-2176.48436960321,-2176.48436960321)
PVTTABLE POINT = (47200000,45.52,387.560039298401,387.560039298401,3.18805512826544E-06,3.18805512826544E-06,-1.22178735805473,-1.22178735805473,1,4.55572468057971E-05,4.55572468057971E-05,2547.50118777295,2547.50118777295,-181082.505298872,-181082.505298872,0.101429974200717,0.101429974200717,100000000000,-2165.59065037173,-2165.59065037173)
PVTTABLE POINT = (47200000,46.88,385.901941746423,385.901941746423,3.20604885945078E-06,3.20604885945078E-06,-1.21657806064444,-1.21657806064444,1,4.53099796119258E-05,4.53099796119258E-05,2548.22328398673,2548.22328398673,-177617.408354156,-177617.408354156,0.101026285128201,0.101026285128201,100000000000,-2154.74016709895,-2154.74016709895)
PVTTABLE POINT = (47200000,48.24,384.250982631677,384.250982631677,3.22374071194627E-06,3.22374071194627E-06,-1.21129010587313,-1.21129010587313,1,4.50668797348637E-05,4.50668797348637E-05,2548.9078615644,2548.9078615644,-174151.354975225,-174151.354975225,0.100630160610078,0.100630160610078,100000000000,-2143.93271412275,-2143.93271412275)
PVTTABLE POINT = (47200000,49.6,382.60726709054,382.60726709054,3.24112792218829E-06,3.24112792218829E-06,-1.20592619833522,-1.20592619833522,1,4.48278571418747E-05,4.48278571418747E-05,2549.55584909577,2549.55584909577,-170684.395558511,-170684.395558511,0.100241526694439,0.100241526694439,100000000000,-2133.16808451348,-2133.16808451348)
PVTTABLE POINT = (47200000,50.96,380.970896573011,380.970896573011,3.25820797395231E-06,3.25820797395231E-06,-1.20048905398795,-1.20048905398795,1,4.45928241927074E-05,4.45928241927074E-05,2550.16819658988,2550.16819658988,-167216.5792228,-167216.5792228,0.099860308907221,0.099860308907221,100000000000,-2122.44607000162,-2122.44607000162)
PVTTABLE POINT = (47200000,52.32,379.341968829655,379.341968829655,3.27497859705198E-06,3.27497859705198E-06,-1.19498139663533,-1.19498139663533,1,4.43616955851816E-05,4.43616955851816E-05,2550.74587374978,2550.74587374978,-163747.953781277,-163747.953781277,9.94864323074446E-02,9.94864323074446E-02,100000000000,-2111.7664609141,-2111.7664609141)
PVTTABLE POINT = (47200000,53.68,377.72057790329,377.72057790329,3.2914377656042E-06,3.2914377656042E-06,-1.18940595447759,-1.18940595447759,1,4.41343883009681E-05,4.41343883009681E-05,2551.28986824992,2551.28986824992,-160278.565715918,-160278.565715918,9.91198215416332E-02,9.91198215416332E-02,100000000000,-2101.12904611919,-2101.12904611919)
PVTTABLE POINT = (47200000,55.04,376.106814125307,376.106814125307,3.30758369587614E-06,3.30758369587614E-06,-1.18376545673372,-1.18376545673372,1,4.39108215516153E-05,4.39108215516153E-05,2551.80118402089,2551.80118402089,-156808.460154214,-156808.460154214,9.87604008973305E-02,9.87604008973305E-02,100000000000,-2090.53361297968,-2090.53361297968)
PVTTABLE POINT = (47200000,56.4,374.500764116544,374.500764116544,3.3234148437312E-06,3.3234148437312E-06,-1.17806263034402,-1.17806263034402,1,4.36909167248809E-05,4.36909167248809E-05,2552.28083954566,2552.28083954566,-153337.680848221,-153337.680848221,9.84080943556387E-02,9.84080943556387E-02,100000000000,-2079.97994731407,-2079.97994731407)
PVTTABLE POINT = (47200000,57.76,372.90251079257,372.90251079257,3.33892990169187E-06,3.33892990169187E-06,-1.17230019675919,-1.17230019675919,1,4.34745973314229E-05,4.34745973314229E-05,2552.72986617173,2552.72986617173,-149866.27015592,-149866.27015592,9.80628256427028E-02,9.80628256427028E-02,100000000000,-2069.46783336557,-2069.46783336557)
PVTTABLE POINT = (47200000,59.12,371.312133373289,371.312133373289,3.35412779563826E-06,3.35412779563826E-06,-1.16648086882189,-1.16648086882189,1,4.32617889519008E-05,4.32617889519008E-05,2553.14930644306,2553.14930644306,-146394.269024859,-146394.269024859,9.77245182800759E-02,9.77245182800759E-02,100000000000,-2058.99705377859,-2058.99705377859)
PVTTABLE POINT = (47200000,60.48,369.729707396711,369.729707396711,3.36900768116172E-06,3.36900768116172E-06,-1.16060734774625,-1.16060734774625,1,4.30524191845386E-05,4.30524191845386E-05,2553.54021245566,2553.54021245566,-142921.716978045,-142921.716978045,9.73930956339044E-02,9.73930956339044E-02,100000000000,-2048.56738958249,-2048.56738958249)
PVTTABLE POINT = (47200000,61.84,368.155304736757,368.155304736757,3.38356893959334E-06,3.38356893959334E-06,-1.1546823202001,-1.1546823202001,1,4.28464175931962E-05,4.28464175931962E-05,2553.90364424027,2553.90364424027,-139448.652102058,-139448.652102058,9.70684809628828E-02,9.70684809628828E-02,100000000000,-2038.17862018232,-2038.17862018232)
PVTTABLE POINT = (47200000,63.2,366.588993624975,366.588993624975,3.39781117372816E-06,3.39781117372816E-06,-1.14870845549449,-1.14870845549449,1,4.2643715655996E-05,4.2643715655996E-05,2554.24066817572,2554.24066817572,-135975.111037342,-135975.111037342,9.67505974649288E-02,9.67505974649288E-02,100000000000,-2027.8305233562,-2027.8305233562)
PVTTABLE POINT = (47200000,64.56,365.030838675987,365.030838675987,3.41173420326537E-06,3.41173420326537E-06,-1.14268840288396,-1.14268840288396,1,4.24442467145461E-05,4.24442467145461E-05,2554.55235543594,2554.55235543594,-132501.128970629,-132501.128970629,0.096439368322539,0.096439368322539,100000000000,-2017.52287525912,-2017.52287525912)
PVTTABLE POINT = (47200000,65.92,363.480900916537,363.480900916537,3.4253380599859E-06,3.4253380599859E-06,-1.13662478898126,-1.13662478898126,1,4.22479459238023E-05,4.22479459238023E-05,2554.83978047349,2554.83978047349,-129026.739629458,-129026.739629458,9.61347167467909E-02,9.61347167467909E-02,100000000000,-2007.25545043281,-2007.25545043281)
PVTTABLE POINT = (47200000,67.28,361.93923781798,361.93923781798,3.43862298268833E-06,3.43862298268833E-06,-1.1305202152889,-1.1305202152889,1,4.20547502026065E-05,4.20547502026065E-05,2555.10401954245,2555.10401954245,-125551.97527872,-125551.97527872,0.09583656601996,0.09583656601996,100000000000,-1997.02802182142,-1997.02802182142)
PVTTABLE POINT = (47200000,68.64,360.405903332041,360.405903332041,3.45158941190424E-06,3.45158941190424E-06,-1.12437725585001,-1.12437725585001,1,4.18645981849369E-05,4.18645981849369E-05,2555.3461492629,2555.3461492629,-122076.866719192,-122076.866719192,0.095544839536729,0.095544839536729,100000000000,-1986.8403607927,-1986.8403607927)
PVTTABLE POINT = (47800000,2,445.059251722496,445.059251722496,2.44107866910427E-06,2.44107866910427E-06,-1.32186690990687,-1.32186690990687,1,5.67640955599505E-05,5.67640955599505E-05,2494.99203637286,2494.99203637286,-290867.350211076,-290867.350211076,0.119333057622565,0.119333057622565,100000000000,-2540.77382420447,-2540.77382420447)
PVTTABLE POINT = (47800000,3.36,443.262502331528,443.262502331528,2.46538453873275E-06,2.46538453873275E-06,-1.32038912468527,-1.32038912468527,1,5.63161140602889E-05,5.63161140602889E-05,2497.19420717804,2497.19420717804,-287472.658448425,-287472.658448425,0.118654500527902,0.118654500527902,100000000000,-2528.46661538262,-2528.46661538262)
PVTTABLE POINT = (47800000,4.72,441.467854337484,441.467854337484,2.48959457434825E-06,2.48959457434825E-06,-1.31877670856021,-1.31877670856021,1,5.58767947204366E-05,5.58767947204366E-05,2499.35100143825,2499.35100143825,-284075.002538971,-284075.002538971,0.117985222531612,0.117985222531612,100000000000,-2516.20909697998,-2516.20909697998)
PVTTABLE POINT = (47800000,6.08,439.675490456541,439.675490456541,2.51370061150474E-06,2.51370061150474E-06,-1.31703023909548,-1.31703023909548,1,5.54459445194434E-05,5.54459445194434E-05,2501.46199694191,2501.46199694191,-280674.444487342,-280674.444487342,0.117325193326661,0.117325193326661,100000000000,-2504.00100637228,-2504.00100637228)
PVTTABLE POINT = (47800000,7.44,437.885592554136,437.885592554136,2.53769453142601E-06,2.53769453142601E-06,-1.31515038973735,-1.31515038973735,1,5.50233742605994E-05,5.50233742605994E-05,2503.52681953632,2503.52681953632,-277271.046839741,-277271.046839741,0.116674380781344,0.116674380781344,100000000000,-2491.84208669829,-2491.84208669829)
PVTTABLE POINT = (47800000,8.8,436.098341514938,436.098341514938,2.56156827143951E-06,2.56156827143951E-06,-1.31313792922967,-1.31313792922967,1,5.46088985429613E-05,5.46088985429613E-05,2505.54514351803,2505.54514351803,-273864.872618311,-273864.872618311,0.116032750942246,0.116032750942246,100000000000,-2479.73208651491,-2479.73208651491)
PVTTABLE POINT = (47800000,10.16,434.313917113752,434.313917113752,2.58531383534739E-06,2.58531383534739E-06,-1.31099372084066,-1.31099372084066,1,5.42023357313999E-05,5.42023357313999E-05,2507.51669193187,2507.51669193187,-270455.985255036,-270455.985255036,0.115400268040961,0.115400268040961,100000000000,-2467.67075945913,-2467.67075945913)
PVTTABLE POINT = (47800000,11.52,432.532497887591,432.532497887591,2.60892330370505E-06,2.60892330370505E-06,-1.30871872140286,-1.30871872140286,1,5.38035079251934E-05,5.38035079251934E-05,2509.4412367774,2509.4412367774,-267044.448525283,-267044.448525283,0.114776894504531,0.114776894504531,100000000000,-2455.65786391658,-2455.65786391658)
PVTTABLE POINT = (47800000,12.88,430.754261009194,430.754261009194,2.63238884397793E-06,2.63238884397793E-06,-1.30631398016849,-1.30631398016849,1,5.3412240925203E-05,5.3412240925203E-05,2511.31859912194,2511.31859912194,-263630.326481143,-263630.326481143,0.114162590969501,0.114162590969501,100000000000,-2443.69316269747,-2443.69316269747)
PVTTABLE POINT = (47800000,14.24,428.979382162211,428.979382162211,2.6557027205476E-06,2.6557027205476E-06,-1.30378063748292,-1.30378063748292,1,5.30283641996597E-05,5.30283641996597E-05,2513.14864911955,2513.14864911955,-260213.683384675,-260213.683384675,0.113557316299513,0.113557316299513,100000000000,-2431.77642271977,-2431.77642271977)
PVTTABLE POINT = (47800000,15.6,427.208035418324,427.208035418324,2.67885730453859E-06,2.67885730453859E-06,-1.30111992327997,-1.30111992327997,1,5.26517108485971E-05,5.26517108485971E-05,2514.93130593589,2514.93130593589,-256794.583641185,-256794.583641185,0.112961027606309,0.112961027606309,100000000000,-2419.90741470003,-2419.90741470003)
PVTTABLE POINT = (47800000,16.96,425.440393116523,425.440393116523,2.70184508343822E-06,2.70184508343822E-06,-1.29833315540329,-1.29833315540329,1,5.22821175669674E-05,5.22821175669674E-05,2516.666537579,2516.666537579,-253373.091732676,-253373.091732676,0.112373680274048,0.112373680274048,100000000000,-2408.08591285203,-2408.08591285203)
PVTTABLE POINT = (47800000,18.32,423.676625744792,423.676625744792,2.72465867048227E-06,2.72465867048227E-06,-1.29542173775859,-1.29542173775859,1,5.19194246064781E-05,5.19194246064781E-05,2518.35436063659,2518.35436063659,-249949.272151591,-249949.272151591,0.111795227986777,0.111795227986777,100000000000,-2396.31169459354,-2396.31169459354)
PVTTABLE POINT = (47800000,19.68,421.916901824411,421.916901824411,2.74729081378043E-06,2.74729081378043E-06,-1.29238715830248,-1.29238715830248,1,5.15634757361891E-05,5.15634757361891E-05,2519.99483992071,2519.99483992071,-246523.189334978,-246523.189334978,0.111225622758937,0.111225622758937,100000000000,-2384.58454026126,-2384.58454026126)
PVTTABLE POINT = (47800000,21.04,420.161387797106,420.161387797106,2.76973440515636E-06,2.76973440515636E-06,-1.28923098687391,-1.28923098687391,1,5.12141182019129E-05,5.12141182019129E-05,2521.58808802105,2521.58808802105,-243094.907599191,-243094.907599191,0.110664814968733,0.110664814968733,100000000000,-2372.90423283428,-2372.90423283428)
PVTTABLE POINT = (47800000,22.4,418.410247915245,418.410247915245,2.7919824886785E-06,2.7919824886785E-06,-1.28595487287503,-1.28595487287503,1,5.08712026844623E-05,5.08712026844623E-05,2523.13426476837,2523.13426476837,-239664.491075278,-239664.491075278,0.110112753394232,0.110112753394232,100000000000,-2361.27055766618,-2361.27055766618)
PVTTABLE POINT = (47800000,23.76,416.663644135296,416.663644135296,2.81402826885896E-06,2.81402826885896E-06,-1.28256054280868,-1.28256054280868,1,5.05345832567894E-05,5.05345832567894E-05,2524.63357661001,2524.63357661001,-236232.003645139,-236232.003645139,0.109569385251996,0.109569385251996,100000000000,-2349.68330222593,-2349.68330222593)
PVTTABLE POINT = (47800000,25.12,414.921736014718,414.921736014718,2.83586511849913E-06,2.83586511849913E-06,-1.27904979768037,-1.27904979768037,1,5.02041173400659E-05,5.02041173400659E-05,2526.08627589973,2526.08627589973,-232797.508878604,-232797.508878604,0.109034656238107,0.109034656238107,100000000000,-2338.14225584774,-2338.14225584774)
PVTTABLE POINT = (47800000,26.48,413.18468061248,413.18468061248,2.85748658616242E-06,2.85748658616242E-06,-1.27542451027284,-1.27542451027284,1,4.98796656587538E-05,4.98796656587538E-05,2527.49266010438,2527.49266010438,-229361.069971532,-229361.069971532,0.108508510571398,0.108508510571398,100000000000,-2326.6472094901,-2326.6472094901)
PVTTABLE POINT = (47800000,27.84,411.452632393362,411.452632393362,2.8788864032558E-06,2.8788864032558E-06,-1.27168662230204,-1.27168662230204,1,4.95610921947167E-05,4.95610921947167E-05,2528.85307093018,2528.85307093018,-225922.74968504,-225922.74968504,0.107990891038701,0.107990891038701,100000000000,-2315.19795550398,-2315.19795550398)
PVTTABLE POINT = (47800000,29.2,409.725743136203,409.725743136203,2.90005849070345E-06,2.90005849070345E-06,-1.26783814146322,-1.26783814146322,1,4.92482641404253E-05,4.92482641404253E-05,2530.16789337181,2530.16789337181,-222482.610285975,-222482.610285975,0.107481739041964,0.107481739041964,100000000000,-2303.79428741036,-2303.79428741036)
PVTTABLE POINT = (47800000,30.56,408.004161846238,408.004161846238,2.92099696519802E-06,2.92099696519802E-06,-1.26388113837684,-1.26388113837684,1,4.8941051851313E-05,4.8941051851313E-05,2531.43755468762,2531.43755468762,-219040.713488734,-219040.713488734,0.106980994647024,0.106980994647024,100000000000,-2292.43599968726,-2292.43599968726)
PVTTABLE POINT = (47800000,31.92,406.288034671644,406.288034671644,2.94169614501596E-06,2.94169614501596E-06,-1.25981774344356,-1.25981774344356,1,4.86393287973351E-05,4.86393287973351E-05,2532.66252330452,2532.66252330452,-215597.120398519,-215597.120398519,0.106488596633885,0.106488596633885,100000000000,-2281.12288756618,-2281.12288756618)
PVTTABLE POINT = (47800000,33.28,404.577504824427,404.577504824427,2.96215055538598E-06,2.96215055538598E-06,-1.25565014361824,-1.25565014361824,1,4.83429715137904E-05,4.83429715137904E-05,2533.84330765652,2533.84330765652,-212151.891456132,-212151.891456132,0.106004482548306,0.106004482548306,100000000000,-2269.85474683818,-2269.85474683818)
PVTTABLE POINT = (47800000,34.64,402.872712505744,402.872712505744,2.98235493340101E-06,2.98235493340101E-06,-1.25138057911296,-1.25138057911296,1,4.80518595514639E-05,4.80518595514639E-05,2534.9804549607,2534.9804549607,-208705.086384389,-208705.086384389,0.10552858875453,0.10552858875453,100000000000,-2258.63137366941,-2258.63137366941)
PVTTABLE POINT = (47800000,36,401.173794835747,401.173794835747,3.00230423246604E-06,3.00230423246604E-06,-1.2470113400391,-1.2470113400391,1,4.77658754261487E-05,4.77658754261487E-05,2536.07454993506,2536.07454993506,-205256.764136241,-205256.764136241,0.105060850488984,0.105060850488984,100000000000,-2247.4525644264,-2247.4525644264)
PVTTABLE POINT = (47800000,37.36,399.480885788033,399.480885788033,3.02199362627614E-06,3.02199362627614E-06,-1.24254476299857,-1.24254476299857,1,4.74849045676087E-05,4.74849045676087E-05,2537.1262134624,2537.1262134624,-201806.98284468,-201806.98284468,0.104601201914779,0.104601201914779,100000000000,-2236.31811551079,-2236.31811551079)
PVTTABLE POINT = (47800000,38.72,397.794116128762,397.794116128762,3.04141851232075E-06,3.04141851232075E-06,-1.23798322763445,-1.23798322763445,1,4.72088352680419E-05,4.72088352680419E-05,2538.13610120479,2538.13610120479,-198355.799774484,-198355.799774484,0.104149576176842,0.104149576176842,100000000000,-2225.22782320365,-2225.22782320365)
PVTTABLE POINT = (47800000,40.08,396.11361336048,396.11361336048,3.06057451491209E-06,3.06057451491209E-06,-1.23332915315106,-1.23332915315106,1,4.69375586301074E-05,4.69375586301074E-05,2539.1049021732,2539.1049021732,-194903.271275889,-194903.271275889,0.103705905457535,0.103705905457535,100000000000,-2214.18148351938,-2214.18148351938)
PVTTABLE POINT = (47800000,41.44,394.439501670697,394.439501670697,3.07945748773752E-06,3.07945748773752E-06,-1.22858499481361,-1.22858499481361,1,4.66709685145753E-05,4.66709685145753E-05,2540.0333372569,2540.0333372569,-191449.452740233,-191449.452740233,0.103270121032585,0.103270121032585,100000000000,-2203.17889206899,-2203.17889206899)
PVTTABLE POINT = (47800000,42.8,392.77190188523,392.77190188523,3.09806351593727E-06,3.09806351593727E-06,-1.22375324043718,-1.22375324043718,1,4.64089614876643E-05,4.64089614876643E-05,2540.92215771739,2540.92215771739,-187994.398557615,-187994.398557615,0.1028421533272,0.1028421533272,100000000000,-2192.21984393282,-2192.21984393282)
PVTTABLE POINT = (47800000,44.16,391.110931426324,391.110931426324,3.11638891771079E-06,3.11638891771079E-06,-1.21883640687494,-1.21883640687494,1,4.61514367681269E-05,4.61514367681269E-05,2541.77214365156,2541.77214365156,-184538.162076639,-184538.162076639,0.102421931972212,0.102421931972212,100000000000,-2181.30413354242,-2181.30413354242)
PVTTABLE POINT = (47800000,45.52,389.456704275545,389.456704275545,3.13443024545659E-06,3.13443024545659E-06,-1.21383703651494,-1.21383703651494,1,4.58982961741444E-05,4.58982961741444E-05,2542.58410242884,2542.58410242884,-181080.795566249,-181080.795566249,0.10200938586013,0.10200938586013,100000000000,-2170.43155457171,-2170.43155457171)
PVTTABLE POINT = (47800000,46.88,387.809330941421,387.809330941421,3.15218428645198E-06,3.15218428645198E-06,-1.20875769379483,-1.20875769379483,1,4.56494440700931E-05,4.56494440700931E-05,2543.35886710707,2543.35886710707,-177622.350179722,-177622.350179722,0.101604443200948,0.101604443200948,100000000000,-2159.60189983709,-2159.60189983709)
PVTTABLE POINT = (47800000,48.24,386.168918431816,386.168918431816,3.1696480630809E-06,3.1696480630809E-06,-1.20360096174347,-1.20360096174347,1,4.54047873132423E-05,4.54047873132423E-05,2544.09729483181,2544.09729483181,-174162.87592081,-174162.87592081,0.101207031577621,0.101207031577621,100000000000,-2148.81496120642,-2148.81496120642)
PVTTABLE POINT = (47800000,49.6,384.535570230971,384.535570230971,3.18681883261898E-06,3.18681883261898E-06,-1.19836943855799,-1.19836943855799,1,4.51642352004437E-05,4.51642352004437E-05,2544.80026522364,2544.80026522364,-170702.421612085,-170702.421612085,0.100817078001067,0.100817078001067,100000000000,-2138.07052951677,-2138.07052951677)
PVTTABLE POINT = (47800000,50.96,382.909386281186,382.909386281186,3.20369408658691E-06,3.20369408658691E-06,-1.19306573422462,-1.19306573422462,1,4.49276994148709E-05,4.49276994148709E-05,2545.46867875818,2545.46867875818,-167241.034865468,-167241.034865468,0.100434508964596,0.100434508964596,100000000000,-2127.36839450059,-2127.36839450059)
PVTTABLE POINT = (47800000,52.32,381.290462969049,381.290462969049,3.22027154968398E-06,3.22027154968398E-06,-1.18769246719113,-1.18769246719113,1,4.46950939728683E-05,4.46950939728683E-05,2546.10345514304,2546.10345514304,-163778.76205497,-163778.76205497,0.100059250497675,0.100059250497675,100000000000,-2116.70834472032,-2116.70834472032)
PVTTABLE POINT = (47800000,53.68,379.678893116163,379.678893116163,3.23654917831515E-06,3.23654917831515E-06,-1.18225226109842,-1.18225226109842,1,4.44663351709633E-05,4.44663351709633E-05,2546.70553169633,2546.70553169633,-160315.648291644,-160315.648291644,9.96912282189292E-02,9.96912282189292E-02,100000000000,-2106.0901675111,-2106.0901675111)
PVTTABLE POINT = (47800000,55.04,378.074765974265,378.074765974265,3.2525251587259E-06,3.2525251587259E-06,-1.17674774157823,-1.17674774157823,1,4.42413415330993E-05,4.42413415330993E-05,2547.27586173068,2547.27586173068,-156851.737400728,-156851.737400728,9.93303673882879E-02,9.93303673882879E-02,100000000000,-2095.51364893135,-2095.51364893135)
PVTTABLE POINT = (47800000,56.4,376.478167224657,376.478167224657,3.26819790476001E-06,3.26819790476001E-06,-1.17118153312351,-1.17118153312351,1,4.4020033758142E-05,4.4020033758142E-05,2547.81541294706,2547.81541294706,-153387.071900994,-153387.071900994,0.098976592958207,0.098976592958207,100000000000,-2084.97857372107,-2084.97857372107)
PVTTABLE POINT = (47800000,57.76,374.88917898184,374.88917898184,3.28356605525675E-06,3.28356605525675E-06,-1.16555625603775,-1.16555625603775,1,4.38023346677109E-05,4.38023346677109E-05,2548.32516584215,2548.32516584215,-149921.692986254,-149921.692986254,9.86298296238907E-02,9.86298296238907E-02,100000000000,-2074.48472526762,-2074.48472526762)
PVTTABLE POINT = (47800000,59.12,373.307879801235,373.307879801235,3.29862847110383E-06,3.29862847110383E-06,-1.15987452346869,-1.15987452346869,1,4.35881691543856E-05,4.35881691543856E-05,2548.80611213308,2548.80611213308,-146455.640509043,-146455.640509043,9.82900018724468E-02,9.82900018724468E-02,100000000000,-2064.03188557864,-2064.03188557864)
PVTTABLE POINT = (47800000,60.48,371.734344690885,371.734344690885,3.31338423196428E-06,3.31338423196428E-06,-1.1541389385317,-1.1541389385317,1,4.33774641303361E-05,4.33774641303361E-05,2549.25925320305,2549.25925320305,-142988.952966409,-142988.952966409,9.79570340309184E-02,9.79570340309184E-02,100000000000,-2053.61983526194,-2053.61983526194)
PVTTABLE POINT = (47800000,61.84,370.168645126998,370.168645126998,3.32783263269476E-06,3.32783263269476E-06,-1.14835209152745,-1.14835209152745,1,4.31701484764221E-05,4.31701484764221E-05,2549.68559857121,2549.68559857121,-139521.667487816,-139521.667487816,9.76308503131376E-02,9.76308503131376E-02,100000000000,-2043.24835351207,-2043.24835351207)
PVTTABLE POINT = (47800000,63.2,368.610849073217,368.610849073217,3.34197317947434E-06,3.34197317947434E-06,-1.14251655725809,-1.14251655725809,1,4.29661529918057E-05,4.29661529918057E-05,2550.08616439,2550.08616439,-136053.819825102,-136053.819825102,9.73113748653567E-02,9.73113748653567E-02,100000000000,-2032.91721810331,-2032.91721810331)
PVTTABLE POINT = (47800000,64.56,367.061021003458,367.061021003458,3.35580558566225E-06,3.35580558566225E-06,-1.13663489244554,-1.13663489244554,1,4.27654103441193E-05,4.27654103441193E-05,2550.4619719728,2550.4619719728,-132585.444344465,-132585.444344465,0.096998531810613,0.096998531810613,100000000000,-2022.62620538886,-2022.62620538886)
PVTTABLE POINT = (47800000,65.92,365.519221928203,365.519221928203,3.36932976740401E-06,3.36932976740401E-06,-1.13070963325515,-1.13070963325515,1,4.25678550202277E-05,4.25678550202277E-05,2550.8140463547,2550.8140463547,-129116.574020422,-129116.574020422,9.66922452917949E-02,9.66922452917949E-02,100000000000,-2012.37509030576,-2012.37509030576)
PVTTABLE POINT = (47800000,67.28,363.985509424073,363.985509424073,3.3825458390051E-06,3.3825458390051E-06,-1.12474329292744,-1.12474329292744,1,4.23734232776222E-05,4.23734232776222E-05,2551.14341488897,2551.14341488897,-125647.240431712,-125647.240431712,9.63924395133787E-02,9.63924395133787E-02,100000000000,-2002.16364638555,-2002.16364638555)
PVTTABLE POINT = (47800000,68.64,362.459937666557,362.459937666557,3.39545410809146E-06,3.39545410809146E-06,-1.1187383595201,-1.1187383595201,1,4.21820530964808E-05,4.21820530964808E-05,2551.45110588143,2551.45110588143,-122177.473759071,-122177.473759071,9.60990387818087E-02,9.60990387818087E-02,100000000000,-1991.99164577015,-1991.99164577015)
PVTTABLE POINT = (48400000,2,446.512010972407,446.512010972407,2.40164998423043E-06,2.40164998423043E-06,-1.31123616490649,-1.31123616490649,1,5.717271850765E-05,5.717271850765E-05,2489.38176164101,2489.38176164101,-290615.120002021,-290615.120002021,0.119925670802625,0.119925670802625,100000000000,-2544.74875944475,-2544.74875944475)
PVTTABLE POINT = (48400000,3.36,444.72969287911,444.72969287911,2.42545137714669E-06,2.42545137714669E-06,-1.30979796346972,-1.30979796346972,1,5.67219944727366E-05,5.67219944727366E-05,2491.58119713924,2491.58119713924,-287228.060279497,-287228.060279497,0.119247310073431,0.119247310073431,100000000000,-2532.46922003544,-2532.46922003544)
PVTTABLE POINT = (48400000,4.72,442.949419943336,442.949419943336,2.4491610970579E-06,2.4491610970579E-06,-1.30822866605057,-1.30822866605057,1,5.62799705866597E-05,5.62799705866597E-05,2493.73708408744,2493.73708408744,-283838.038888498,-283838.038888498,0.118578177869464,0.118578177869464,100000000000,-2520.2392442327,-2520.2392442327)
PVTTABLE POINT = (48400000,6.08,441.171370085031,441.171370085031,2.47277131771304E-06,2.47277131771304E-06,-1.30652883290501,-1.30652883290501,1,5.58464540186059E-05,5.58464540186059E-05,2495.84901106123,2495.84901106123,-280445.115339994,-280445.115339994,0.117918243815901,0.117918243815901,100000000000,-2508.05856169826,-2508.05856169826)
PVTTABLE POINT = (48400000,7.44,439.395720399979,439.395720399979,2.49627425582656E-06,2.49627425582656E-06,-1.30469911570304,-1.30469911570304,1,5.54212557226713E-05,5.54212557226713E-05,2497.9166124874,2497.9166124874,-277049.349673358,-277049.349673358,0.117267475764923,0.117267475764923,100000000000,-2495.92690792226,-2495.92690792226)
PVTTABLE POINT = (48400000,8.8,437.622647035843,437.622647035843,2.51966218086844E-06,2.51966218086844E-06,-1.30274025696427,-1.30274025696427,1,5.50041904097962E-05,5.50041904097962E-05,2499.9395690047,2499.9395690047,-273650.802393756,-273650.802393756,0.116625839798207,0.116625839798207,100000000000,-2483.84402388787,-2483.84402388787)
PVTTABLE POINT = (48400000,10.16,435.85232506909,435.85232506909,2.54292742479563E-06,2.54292742479563E-06,-1.30065308931772,-1.30065308931772,1,5.45950765182711E-05,5.45950765182711E-05,2501.91760773925,2501.91760773925,-270249.534409099,-270249.534409099,0.115993300233057,0.115993300233057,100000000000,-2471.80965574254,-2471.80965574254)
PVTTABLE POINT = (48400000,11.52,434.084928383043,434.084928383043,2.56606239169776E-06,2.56606239169776E-06,-1.29843853458735,-1.29843853458735,1,5.41937361828454E-05,5.41937361828454E-05,2503.85050249356,2503.85050249356,-266845.606966683,-266845.606966683,0.115369819632113,0.115369819632113,100000000000,-2459.82355447589,-2459.82355447589)
PVTTABLE POINT = (48400000,12.88,432.3206295473,432.3206295473,2.5890595673302E-06,2.5890595673302E-06,-1.29609760270513,-1.29609760270513,1,5.37999952024679E-05,5.37999952024679E-05,2505.73807384827,2505.73807384827,-263439.081589632,-263439.081589632,0.114755358816555,0.114755358816555,100000000000,-2447.88547560471,-2447.88547560471)
PVTTABLE POINT = (48400000,14.24,430.559599698743,430.559599698743,2.61191152850785E-06,2.61191152850785E-06,-1.29363139045462,-1.29363139045462,1,5.34136830066922E-05,5.34136830066922E-05,2507.5801891763,2507.5801891763,-260030.020013254,-260030.020013254,0.114149876882726,0.114149876882726,100000000000,-2435.9951788651,-2435.9951788651)
PVTTABLE POINT = (48400000,15.6,428.802008424362,428.802008424362,2.63461095233354E-06,2.63461095233354E-06,-1.2910410800481,-1.2910410800481,1,5.30346326207801E-05,5.30346326207801E-05,2509.37676256902,2509.37676256902,-256618.484121453,-256618.484121453,0.113553331222061,0.113553331222061,100000000000,-2424.15242791198,-2424.15242791198)
PVTTABLE POINT = (48400000,16.96,427.048023646138,427.048023646138,2.65715062523526E-06,2.65715062523526E-06,-1.2883279375415,-1.2883279375415,1,5.2662680629539E-05,5.2662680629539E-05,2511.12775467484,2511.12775467484,-253204.535883283,-253204.535883283,0.112965677544208,0.112965677544208,100000000000,-2412.3569900263,-2412.3569900263)
PVTTABLE POINT = (48400000,18.32,425.297811508182,425.297811508182,2.67952345178771E-06,2.67952345178771E-06,-1.28549331109148,-1.28549331109148,1,5.22976671399303E-05,5.22976671399303E-05,2512.83317245058,2512.83317245058,-249788.237289795,-249788.237289795,0.112386869903234,0.112386869903234,100000000000,-2400.60863582995,-2400.60863582995)
PVTTABLE POINT = (48400000,19.68,423.551536266348,423.551536266348,2.70172246329372E-06,2.70172246329372E-06,-1.28253862905984,-1.28253862905984,1,5.19394357424875E-05,5.19394357424875E-05,2514.49306882641,2514.49306882641,-246369.650291275,-246369.650291275,0.11181686072675,0.11181686072675,100000000000,-2388.9071390088,-2388.9071390088)
PVTTABLE POINT = (48400000,21.04,421.809360180527,421.809360180527,2.72374082610277E-06,2.72374082610277E-06,-1.27946539797106,-1.27946539797106,1,5.15878334715847E-05,5.15878334715847E-05,2516.10754228573,2516.10754228573,-242948.83673499,-242948.83673499,0.111255600847849,0.111255600847849,100000000000,-2377.25227604371,-2377.25227604371)
PVTTABLE POINT = (48400000,22.4,420.071443409817,420.071443409817,2.74557184964432E-06,2.74557184964432E-06,-1.27627520032901,-1.27627520032901,1,5.12427107645973E-05,5.12427107645973E-05,2517.67673636106,2517.67673636106,-239525.858303583,-239525.858303583,0.110703039539672,0.110703039539672,100000000000,-2365.64382595013,-2365.64382595013)
PVTTABLE POINT = (48400000,23.76,418.337943910751,418.337943910751,2.76720899415528E-06,2.76720899415528E-06,-1.27296969229974,-1.27296969229974,1,5.09039214200002E-05,5.09039214200002E-05,2519.20083904815,2519.20083904815,-236100.77645418,-236100.77645418,0.110159124552474,0.110159124552474,100000000000,-2354.08157002593,-2354.08157002593)
PVTTABLE POINT = (48400000,25.12,416.609017338761,416.609017338761,2.78864587808181E-06,2.78864587808181E-06,-1.26955060126735,-1.26955060126735,1,5.0571322554447E-05,5.0571322554447E-05,2520.6800821399,2520.6800821399,-232673.652358373,-232673.652358373,0.109623802153005,0.109623802153005,100000000000,-2342.56529160804,-2342.56529160804)
PVTTABLE POINT = (48400000,26.48,414.884816953058,414.884816953058,2.80987628513719E-06,2.80987628513719E-06,-1.26601972327057,-1.26601972327057,1,5.02447745588804E-05,5.02447745588804E-05,2522.11474048282,2522.11474048282,-229244.54684315,-229244.54684315,0.109097017166061,0.109097017166061,100000000000,-2331.09477583771,-2331.09477583771)
PVTTABLE POINT = (48400000,27.84,413.165493525062,413.165493525062,2.83089417099905E-06,2.83089417099905E-06,-1.26237892032811,-1.26237892032811,1,4.99241410537196E-05,4.99241410537196E-05,2523.50513115838,2523.50513115838,-225813.520332894,-225813.520332894,0.108578713018016,0.108578713018016,100000000000,-2319.66980943471,-2319.66980943471)
PVTTABLE POINT = (48400000,29.2,411.451195250552,411.451195250552,2.8516936696303E-06,2.8516936696303E-06,-1.25863011766092,-1.25863011766092,1,4.96092888431768E-05,4.96092888431768E-05,2524.85161259215,2524.85161259215,-222380.632792533,-222380.632792533,0.108068831782181,0.108068831782181,100000000000,-2308.29018048043,-2308.29018048043)
PVTTABLE POINT = (48400000,30.56,409.74206766565,409.74206766565,2.87226909921015E-06,2.87226909921015E-06,-1.25477530082008,-1.25477530082008,1,4.93000878687552E-05,4.93000878687552E-05,2526.1545835939,2526.1545835939,-218945.943671966,-218945.943671966,0.107567314225807,0.107567314225807,100000000000,-2296.95567820997,-2296.95567820997)
PVTTABLE POINT = (48400000,31.92,408.038253566776,408.038253566776,2.89261496766282E-06,2.89261496766282E-06,-1.25081651272908,-1.25081651272908,1,4.89964111619789E-05,4.89964111619789E-05,2527.41448233194,2527.41448233194,-215509.511851829,-215509.511851829,0.107074099858571,0.107074099858571,100000000000,-2285.66609281341,-2285.66609281341)
PVTTABLE POINT = (48400000,33.28,406.339892934677,406.339892934677,2.91272597777344E-06,2.91272597777344E-06,-1.24675585064957,-1.24675585064957,1,4.86981347964119E-05,4.86981347964119E-05,2528.6317852451,2528.6317852451,-212071.395590692,-212071.395590692,0.106589126982357,0.106589126982357,100000000000,-2274.42121524613,-2274.42121524613)
PVTTABLE POINT = (48400000,34.64,404.647122862625,404.647122862625,2.93259703188208E-06,2.93259703188208E-06,-1.24259546307974,-1.24259546307974,1,4.84051378390192E-05,4.84051378390192E-05,2529.80700589624,2529.80700589624,-208631.652473797,-208631.652473797,0.106112332742188,0.106112332742188,100000000000,-2263.22083704821,-2263.22083704821)
PVTTABLE POINT = (48400000,36,402.960077488886,402.960077488886,2.95222323614868E-06,2.95222323614868E-06,-1.23833754659471,-1.23833754659471,1,4.8117302300928E-05,4.8117302300928E-05,2530.94069377094,2530.94069377094,-205190.33936337,-205190.33936337,0.105643653178119,0.105643653178119,100000000000,-2252.06475017321,-2252.06475017321)
PVTTABLE POINT = (48400000,37.36,401.278887933504,401.278887933504,2.9715999043833E-06,2.9715999043833E-06,-1.23398434263812,-1.23398434263812,1,4.78345130876438E-05,4.78345130876438E-05,2532.03343302552,2532.03343302552,-201747.512350619,-201747.512350619,0.105183023277949,0.105183023277949,100000000000,-2240.95274682584,-2240.95274682584)
PVTTABLE POINT = (48400000,38.72,399.603682239487,399.603682239487,2.99072256143775E-06,2.99072256143775E-06,-1.22953813427458,-1.22953813427458,1,4.75566579487811E-05,4.75566579487811E-05,2533.08584118842,2533.08584118842,-198303.226709454,-198303.226709454,0.10473037703057,0.10473037703057,100000000000,-2229.88461930892,-2229.88461930892)
PVTTABLE POINT = (48400000,40.08,397.934585318433,397.934585318433,3.00958694615638E-06,3.00958694615638E-06,-1.22500124291201,-1.22500124291201,1,4.72836274273656E-05,4.72836274273656E-05,2534.09856781916,2534.09856781916,-194857.536852011,-194857.536852011,0.104285647479825,0.104285647479825,100000000000,-2218.86015987935,-2218.86015987935)
PVTTABLE POINT = (48400000,41.44,396.271718900614,396.271718900614,3.02818901388532E-06,3.02818901388532E-06,-1.22037602500343,-1.22037602500343,1,4.70153148087669E-05,4.70153148087669E-05,2535.07229312916,2535.07229312916,-191410.496286026,-191410.496286026,0.103848766778708,0.103848766778708,100000000000,-2207.87916061306,-2207.87916061306)
PVTTABLE POINT = (48400000,42.8,394.615201489575,394.615201489575,3.0465249385414E-06,3.0465249385414E-06,-1.2156648687372,-1.2156648687372,1,4.6751616069319E-05,4.6751616069319E-05,2536.00772656881,2536.00772656881,-187962.157574101,-187962.157574101,0.103419666243766,0.103419666243766,100000000000,-2196.94141327904,-2196.94141327904)
PVTTABLE POINT = (48400000,44.16,392.96514832122,392.96514832122,3.0645911142431E-06,3.0645911142431E-06,-1.2108701907248,-1.2108701907248,1,4.64924298246884E-05,4.64924298246884E-05,2536.90560538504,2536.90560538504,-184512.572294919,-184512.572294919,0.102998276409565,0.102998276409565,100000000000,-2186.04670922201,-2186.04670922201)
PVTTABLE POINT = (48400000,45.52,391.321671327408,391.321671327408,3.0823841565077E-06,3.0823841565077E-06,-1.20599443269488,-1.20599443269488,1,4.62376572780483E-05,4.62376572780483E-05,2537.7666931539,2537.7666931539,-181061.791006437,-181061.791006437,0.102584527083102,0.102584527083102,100000000000,-2175.19483925397,-2175.19483925397)
PVTTABLE POINT = (48400000,46.88,389.684879104033,389.684879104033,3.09990090302035E-06,3.09990090302035E-06,-1.20104005820234,-1.20104005820234,1,4.59872021681146E-05,4.59872021681146E-05,2538.59177829245,2538.59177829245,-177609.863211086,-177609.863211086,0.10217834739801,0.10217834739801,100000000000,-2164.38559355431,-2164.38559355431)
PVTTABLE POINT = (48400000,48.24,388.054876883567,388.054876883567,3.11713841398171E-06,3.11713841398171E-06,-1.19600954936059,-1.19600954936059,1,4.57409707171043E-05,4.57409707171043E-05,2539.38167255422,2539.38167255422,-174156.837323009,-174156.837323009,0.101779665868468,0.101779665868468,100000000000,-2153.61876157836,-2153.61876157836)
PVTTABLE POINT = (48400000,49.6,386.431766512023,386.431766512023,3.13409397204276E-06,3.13409397204276E-06,-1.1909054036051,-1.1909054036051,1,4.54988715786707E-05,4.54988715786707E-05,2540.13720951275,2540.13720951275,-170702.760637356,-170702.760637356,0.101388410442682,0.101388410442682,100000000000,-2142.8941319743,-2142.8941319743)
PVTTABLE POINT = (48400000,50.96,384.815646430297,384.815646430297,3.15076508183614E-06,3.15076508183614E-06,-1.18573013049598,-1.18573013049598,1,4.52608157858718E-05,4.52608157858718E-05,2540.85924303719,2540.85924303719,-167247.679301642,-167247.679301642,0.101004508555841,0.101004508555841,100000000000,-2132.21149250815,-2132.21149250815)
PVTTABLE POINT = (48400000,52.32,383.206611659828,383.206611659828,3.16714946911481E-06,3.16714946911481E-06,-1.18048624856691,-1.18048624856691,1,4.50267166992275E-05,4.50267166992275E-05,2541.54864576423,2541.54864576423,-163791.638289183,-163791.638289183,0.100627887182453,0.100627887182453,100000000000,-2121.57062999679,-2121.57062999679)
PVTTABLE POINT = (48400000,53.68,381.604753792504,381.604753792504,3.18324507950974E-06,3.18324507950974E-06,-1.1751762822274,-1.1751762822274,1,4.47964899549193E-05,4.47964899549193E-05,2542.20630757036,2542.20630757036,-160334.681374618,-160334.681374618,0.100258472887968,0.100258472887968,100000000000,-2110.97133024871,-2110.97133024871)
PVTTABLE POINT = (48400000,55.04,380.010160984747,380.010160984747,3.19905007691962E-06,3.19905007691962E-06,-1.16980275872506,-1.16980275872506,1,4.45700534131837E-05,4.45700534131837E-05,2542.83313404835,2542.83313404835,-156876.851111488,-156876.851111488,9.98961918795889E-02,9.98961918795889E-02,100000000000,-2100.41337801231,-2100.41337801231)
PVTTABLE POINT = (48400000,56.4,378.422917955681,378.422917955681,3.21456284154607E-06,3.21456284154607E-06,-1.16436820517393,-1.16436820517393,1,4.43473271069523E-05,4.43473271069523E-05,2543.43004499185,2543.43004499185,-153418.188811907,-153418.188811907,9.95409700562215E-02,9.95409700562215E-02,100000000000,-2089.89655693161,-2089.89655693161)
PVTTABLE POINT = (48400000,57.76,376.843105989291,376.843105989291,3.22978196758904E-06,3.22978196758904E-06,-1.15887514565482,-1.15887514565482,1,4.41282331907863E-05,4.41282331907863E-05,2543.99797289155,2543.99797289155,-149958.73452826,-149958.73452826,0.099192733057465,0.099192733057465,100000000000,-2079.42064950901,-2079.42064950901)
PVTTABLE POINT = (48400000,59.12,375.27080294048,375.27080294048,3.24470626061755E-06,3.24470626061755E-06,-1.1533260983928,-1.1533260983928,1,4.39126958901552E-05,4.39126958901552E-05,2544.53786144661,2544.53786144661,-146498.527036958,-146498.527036958,9.88514063115935E-02,9.88514063115935E-02,100000000000,-2068.98543707508,-2068.98543707508)
PVTTABLE POINT = (48400000,60.48,373.706083244904,373.706083244904,3.25933473463173E-06,3.25933473463173E-06,-1.14772357301693,-1.14772357301693,1,4.37006414511039E-05,4.37006414511039E-05,2545.05066409449,2545.05066409449,-143037.603824195,-143037.603824195,9.85169150824654E-02,9.85169150824654E-02,100000000000,-2058.59069976485,-2058.59069976485)
PVTTABLE POINT = (48400000,61.84,372.149017932478,372.149017932478,3.2736666088324E-06,3.2736666088324E-06,-1.1420700679065,-1.1420700679065,1,4.34919980903538E-05,4.34919980903538E-05,2545.53734256253,2545.53734256253,-139576.001073687,-139576.001073687,9.81891845153077E-02,9.81891845153077E-02,100000000000,-2048.23621650063,-2048.23621650063)
PVTTABLE POINT = (48400000,63.2,370.599674644429,370.599674644429,3.28770130411533E-06,3.28770130411533E-06,-1.13636806762792,-1.13636806762792,1,4.32866959458801E-05,4.32866959458801E-05,2545.99886544407,2545.99886544407,-136113.753656374,-136113.753656374,9.78681396813305E-02,9.78681396813305E-02,100000000000,-2037.92176498097,-2037.92176498097)
PVTTABLE POINT = (48400000,64.56,369.058117653769,369.058117653769,3.30143843930696E-06,3.30143843930696E-06,-1.13062004046571,-1.13062004046571,1,4.3084667028005E-05,4.3084667028005E-05,2546.43620680196,2546.43620680196,-132650.895122031,-132650.895122031,9.75537056211296E-02,9.75537056211296E-02,100000000000,-2027.64712167555,-2027.64712167555)
PVTTABLE POINT = (48400000,65.92,367.524407889067,367.524407889067,3.31487782715941E-06,3.31487782715941E-06,-1.1248284360508,-1.1248284360508,1,4.28858451710458E-05,4.28858451710458E-05,2546.85034480211,2546.85034480211,-129187.45769277,-129187.45769277,9.72458073868413E-02,9.72458073868413E-02,100000000000,-2017.41206182565,-2017.41206182565)
PVTTABLE POINT = (48400000,67.28,365.99860296137,365.99860296137,3.32801947012222E-06,3.32801947012222E-06,-1.11899568308861,-1.11899568308861,1,4.26901659855534E-05,4.26901659855534E-05,2547.24226037943,2547.24226037943,-125723.472258357,-125723.472258357,9.69443700830209E-02,9.69443700830209E-02,100000000000,-2007.21635945015,-2007.21635945015)
PVTTABLE POINT = (48400000,68.64,364.48075719415,364.48075719415,3.34086355590848E-06,3.34086355590848E-06,-1.11312418718943,-1.11312418718943,1,4.24975668111755E-05,4.24975668111755E-05,2547.6129359383,2547.6129359383,-122258.968373349,-122258.968373349,9.66493189062175E-02,9.66493189062175E-02,100000000000,-1997.05978735653,-1997.05978735653)
PVTTABLE POINT = (49000000,2,447.941463859703,447.941463859703,2.36338218203929E-06,2.36338218203929E-06,-1.30082499972899,-1.30082499972899,1,5.75802514366723E-05,5.75802514366723E-05,2483.90766320354,2483.90766320354,-290351.506088991,-290351.506088991,0.120514065197818,0.120514065197818,100000000000,-2548.66656010379,-2548.66656010379)
PVTTABLE POINT = (49000000,3.36,446.173279580623,446.173279580623,2.38669630187102E-06,2.38669630187102E-06,-1.29942467378647,-1.29942467378647,1,5.71267742618758E-05,5.71267742618758E-05,2486.10429606411,2486.10429606411,-286971.893243675,-286971.893243675,0.119835886708768,0.119835886708768,100000000000,-2536.4140188119,-2536.4140188119)
PVTTABLE POINT = (49000000,4.72,444.407086641955,444.407086641955,2.4099226651241E-06,2.4099226651241E-06,-1.29789664131389,-1.29789664131389,1,5.66820346355045E-05,5.66820346355045E-05,2488.25912913542,2488.25912913542,-283589.32135359,-283589.32135359,0.119166887286861,0.119166887286861,100000000000,-2524.21091813189,-2524.21091813189)
PVTTABLE POINT = (49000000,6.08,442.643058364602,442.643058364602,2.43305376486225E-06,2.43305376486225E-06,-1.29624144626538,-1.29624144626538,1,5.62458399326023E-05,5.62458399326023E-05,2490.37176121743,2490.37176121743,-280203.847544203,-280203.847544203,0.118507036491651,0.118507036491651,100000000000,-2512.05698036251,-2512.05698036251)
PVTTABLE POINT = (49000000,7.44,440.881367270326,440.881367270326,2.45608213463416E-06,2.45608213463416E-06,-1.29445971981424,-1.29445971981424,1,5.58180012748807E-05,5.58180012748807E-05,2492.44183489197,2492.44183489197,-276815.52945689,-276815.52945689,0.11785630215971,0.11785630215971,100000000000,-2499.95193369357,-2499.95193369357)
PVTTABLE POINT = (49000000,8.8,439.122184963485,439.122184963485,2.47900035766865E-06,2.47900035766865E-06,-1.29255217980775,-1.29255217980775,1,5.53983335030402E-05,5.53983335030402E-05,2494.46903685618,2494.46903685618,-273424.425189143,-273424.425189143,0.117214650406693,0.117214650406693,100000000000,-2487.89551187941,-2487.89551187941)
PVTTABLE POINT = (49000000,10.16,437.365682013619,437.365682013619,2.50180107601518E-06,2.50180107601518E-06,-1.29051963005772,-1.29051963005772,1,5.49866551477121E-05,5.49866551477121E-05,2496.45309817615,2496.45309817615,-270030.593234406,-270030.593234406,0.116582045632906,0.116582045632906,100000000000,-2475.88745391895,-2475.88745391895)
PVTTABLE POINT = (49000000,11.52,435.612027839112,435.612027839112,2.52447699960467E-06,2.52447699960467E-06,-1.28836295946816,-1.28836295946816,1,5.45827883990518E-05,5.45827883990518E-05,2498.39379445982,2498.39379445982,-266634.092421595,-266634.092421595,0.115958450532329,0.115958450532329,100000000000,-2463.92750374224,-2463.92750374224)
PVTTABLE POINT = (49000000,12.88,433.861390592155,433.861390592155,2.5470209152058E-06,2.5470209152058E-06,-1.28608314100191,-1.28608314100191,1,5.41865590750132E-05,5.41865590750132E-05,2500.29094594837,2500.29094594837,-263234.981854457,-263234.981854457,0.115343826105011,0.115343826105011,100000000000,-2452.01540990391,-2452.01540990391)
PVTTABLE POINT = (49000000,14.24,432.113937045214,432.113937045214,2.56942569525248E-06,2.56942569525248E-06,-1.28368123048886,-1.28368123048886,1,5.37977965883361E-05,5.37977965883361E-05,2502.14441752562,2502.14441752562,-259833.320850849,-259833.320850849,0.114738131672769,0.114738131672769,100000000000,-2440.15092528369,-2440.15092528369)
PVTTABLE POINT = (49000000,15.6,430.369832479231,430.369832479231,2.59168430651819E-06,2.59168430651819E-06,-1.28115836527883,-1.28115836527883,1,5.3416333912282E-05,5.3416333912282E-05,2503.95411864544,2503.95411864544,-256429.168882066,-256429.168882066,0.11414132489809,0.11414132489809,100000000000,-2428.33380679406,-2428.33380679406)
PVTTABLE POINT = (49000000,16.96,428.629240573761,428.629240573761,2.6137898186139E-06,2.6137898186139E-06,-1.27851576274278,-1.27851576274278,1,5.30420075451492E-05,5.30420075451492E-05,2505.72000317737,2505.72000317737,-253022.585512321,-253022.585512321,0.113553361806121,0.113553361806121,100000000000,-2416.56381509539,-2416.56381509539)
PVTTABLE POINT = (49000000,18.32,426.892323299244,426.892323299244,2.63573541228649E-06,2.63573541228649E-06,-1.27575471862657,-1.27575471862657,1,5.26746574736076E-05,5.26746574736076E-05,2507.44206917069,2507.44206917069,-249613.63033849,-249613.63033849,0.112974196809649,0.112974196809649,100000000000,-2404.84071431859,-2404.84071431859)
PVTTABLE POINT = (49000000,19.68,425.159240811618,425.159240811618,2.65751438749558E-06,2.65751438749558E-06,-1.27287660526216,-1.27287660526216,1,5.23141271348886E-05,5.23141271348886E-05,2509.120358538,2509.120358538,-246202.362930238,-246202.362930238,0.112403782736923,0.112403782736923,100000000000,-2393.16427179553,-2393.16427179553)
PVTTABLE POINT = (49000000,21.04,423.430151349452,423.430151349452,2.67912017124758E-06,2.67912017124758E-06,-1.26988286964132,-1.26988286964132,1,5.19602633778688E-05,5.19602633778688E-05,2510.75495665921,2510.75495665921,-242788.842770615,-242788.842770615,0.111842070862199,0.111842070862199,100000000000,-2381.53425779736,-2381.53425779736)
PVTTABLE POINT = (49000000,22.4,421.705211133798,421.705211133798,2.70054632516643E-06,2.70054632516643E-06,-1.26677503135783,-1.26677503135783,1,5.16129164230918E-05,5.16129164230918E-05,2512.34599190729,2512.34599190729,-239373.129197269,-239373.129197269,0.111289010938854,0.111289010938854,100000000000,-2369.95044528087,-2369.95044528087)
PVTTABLE POINT = (49000000,23.76,419.984574270923,419.984574270923,2.72178655278199E-06,2.72178655278199E-06,-1.2635546804241,-1.2635546804241,1,5.1271939821765E-05,5.1271939821765E-05,2513.89363509745,2513.89363509745,-235955.281344326,-235955.281344326,0.110744551234934,0.110744551234934,100000000000,-2358.41260964299,-2358.41260964299)
PVTTABLE POINT = (49000000,25.12,418.268392658087,418.268392658087,2.74283470651774E-06,2.74283470651774E-06,-1.26022347496918,-1.26022347496918,1,5.09371904137808E-05,5.09371904137808E-05,2515.39809886165,2515.39809886165,-232535.358085098,-232535.358085098,0.110208638570962,0.110208638570962,100000000000,-2346.92052848365,-2346.92052848365)
PVTTABLE POINT = (49000000,26.48,416.556815892541,416.556815892541,2.76368479436092E-06,2.76368479436092E-06,-1.2567831388248,-1.2567831388248,1,5.06085282848035E-05,5.06085282848035E-05,2516.85963695053,2516.85963695053,-229113.417975672,-229113.417975672,0.109681218359868,0.109681218359868,100000000000,-2335.47398137702,-2335.47398137702)
PVTTABLE POINT = (49000000,27.84,414.849991183864,414.849991183864,2.78433098619956E-06,2.78433098619956E-06,-1.25323545900707,-1.25323545900707,1,5.028581672247E-05,5.028581672247E-05,2518.27854346522,2518.27854346522,-225689.519199504,-225689.519199504,0.109162234648871,0.109162234648871,100000000000,-2324.07274965121,-2324.07274965121)
PVTTABLE POINT = (49000000,29.2,413.148063269809,413.148063269809,2.8047676198119E-06,2.8047676198119E-06,-1.24958228310134,-1.24958228310134,1,4.99689221717526E-05,4.99689221717526E-05,2519.65515202162,2519.65515202162,-222263.719513105,-222263.719513105,0.108651630163143,0.108651630163143,100000000000,-2312.71661617662,-2312.71661617662)
PVTTABLE POINT = (49000000,30.56,411.45117433575,411.45117433575,2.8249892064955E-06,2.8249892064955E-06,-1.24582551655826,-1.24582551655826,1,4.96577141895321E-05,4.96577141895321E-05,2520.98983484999,2520.98983484999,-218836.076192903,-218836.076192903,0.108149346351102,0.108149346351102,100000000000,-2301.40536516288,-2301.40536516288)
PVTTABLE POINT = (49000000,31.92,409.759463937875,409.759463937875,2.8449904363244E-06,2.8449904363244E-06,-1.24196711990904,-1.24196711990904,1,4.93520653984327E-05,4.93520653984327E-05,2522.28300183296,2522.28300183296,-215406.645983383,-215406.645983383,0.107655323431166,0.107655323431166,100000000000,-2290.13878196452,-2290.13878196452)
PVTTABLE POINT = (49000000,33.28,408.073068930209,408.073068930209,2.86476618302456E-06,2.86476618302456E-06,-1.2380091059085,-1.2380091059085,1,4.90518514399689E-05,4.90518514399689E-05,2523.53509948509,2523.53509948509,-211975.485046552,-211975.485046552,0.107169500439803,0.107169500439803,100000000000,-2278.9166528954,-2278.9166528954)
PVTTABLE POINT = (49000000,34.64,406.39212339557,406.39212339557,2.88431150845894E-06,2.88431150845894E-06,-1.23395353661414,-1.23395353661414,1,4.87569509270577E-05,4.87569509270577E-05,2524.74660987746,2524.74660987746,-208542.648912861,-208542.648912861,0.106691815280708,0.106691815280708,100000000000,-2267.73876505177,-2267.73876505177)
PVTTABLE POINT = (49000000,36,404.716758580538,404.716758580538,2.90362166671529E-06,2.90362166671529E-06,-1.22980252041003,-1.22980252041003,1,4.84672453959499E-05,4.84672453959499E-05,2525.91804951084,2525.91804951084,-205108.192433599,-205108.192433599,0.106222204774959,0.106222204774959,100000000000,-2256.60490614427,-2256.60490614427)
PVTTABLE POINT = (49000000,37.36,403.047102834497,403.047102834497,2.92269210779137E-06,2.92269210779137E-06,-1.22555820898402,-1.22555820898402,1,4.81826192576316E-05,4.81826192576316E-05,2527.04996814102,2527.04996814102,-201672.169734864,-201672.169734864,0.105760604711992,0.105760604711992,100000000000,-2245.5148643385,-2245.5148643385)
PVTTABLE POINT = (49000000,38.72,401.383281552822,401.383281552822,2.94151848087363E-06,2.94151848087363E-06,-1.22122279426706,-1.22122279426706,1,4.79029597487545E-05,4.79029597487545E-05,2528.14294756017,2528.14294756017,-198234.634173163,-198234.634173163,0.105306949901232,0.105306949901232,100000000000,-2234.46842810441,-2234.46842810441)
PVTTABLE POINT = (49000000,40.08,399.725417124246,399.725417124246,2.96009663720686E-06,2.96009663720686E-06,-1.21679850534327,-1.21679850534327,1,4.76281568821463E-05,4.76281568821463E-05,2529.19760033817,2529.19760033817,-194795.63829269,-194795.63829269,0.104861174224241,0.104861174224241,100000000000,-2223.46538607431,-2223.46538607431)
PVTTABLE POINT = (49000000,41.44,398.073628882445,398.073628882445,2.97842263255419E-06,2.97842263255419E-06,-1.21228760533924,-1.21228760533924,1,4.73581033969589E-05,4.73581033969589E-05,2530.21456852764,2530.21456852764,-191355.233784349,-191355.233784349,0.104423210687239,0.104423210687239,100000000000,-2212.50552690952,-2212.50552690952)
PVTTABLE POINT = (49000000,42.8,396.428033061865,396.428033061865,2.99649272924791E-06,2.99649272924791E-06,-1.20769238830125,-1.20769238830125,1,4.70926947085081E-05,4.70926947085081E-05,2531.1945223369,2531.1945223369,-187913.471446552,-187913.471446552,0.103992991473843,0.103992991473843,100000000000,-2201.5886391755,-2201.5886391755)
PVTTABLE POINT = (49000000,44.16,394.788742757793,394.788742757793,3.01430339783307E-06,3.01430339783307E-06,-1.20301517606858,-1.20301517606858,1,4.68318288578614E-05,4.68318288578614E-05,2532.13815877478,2532.13815877478,-184470.401147851,-184470.401147851,0.103570447997918,0.103570447997918,100000000000,-2190.7145112255,-2190.7145112255)
PVTTABLE POINT = (49000000,45.52,393.155867890688,393.155867890688,3.0318513183075E-06,3.0318513183075E-06,-1.19825831515123,-1.19825831515123,1,4.65754064612284E-05,4.65754064612284E-05,2533.0462002713,2533.0462002713,-181026.071791421,-181026.071791421,0.103155510956384,0.103155510956384,100000000000,-2179.88293109251,-2179.88293109251)
PVTTABLE POINT = (49000000,46.88,391.52951517474,391.52951517474,3.04913338096281E-06,3.04913338096281E-06,-1.19342417361994,-1.19342417361994,1,4.63233306592084E-05,4.63233306592084E-05,2533.91939327834,2533.91939327834,-177580.531281437,-177580.531281437,0.102748110381869,0.102748110381869,100000000000,-2169.09368638937,-2169.09368638937)
PVTTABLE POINT = (49000000,48.24,389.909788090654,389.909788090654,3.06614668683265E-06,3.06614668683265E-06,-1.18851513801641,-1.18851513801641,1,4.60755070659513E-05,4.60755070659513E-05,2534.75850685422,2534.75850685422,-174133.826491366,-174133.826491366,0.102348175695102,0.102348175695102,100000000000,-2158.34656421709,-2158.34656421709)
PVTTABLE POINT = (49000000,49.6,388.296786862617,388.296786862617,3.08288854775528E-06,3.08288854775528E-06,-1.18353361029097,-1.18353361029097,1,4.58318437182836E-05,4.58318437182836E-05,2535.56433123625,2535.56433123625,-170686.003234193,-170686.003234193,0.101955635756913,0.101955635756913,100000000000,-2147.641351081,-2147.641351081)
PVTTABLE POINT = (49000000,50.96,386.690608439403,386.690608439403,3.09935648605906E-06,3.09935648605906E-06,-1.17848200477514,-1.17848200477514,1,4.55922510248533E-05,4.55922510248533E-05,2536.33767640509,2536.33767640509,-167237.106234591,-167237.106234591,0.101570418919762,0.101570418919762,100000000000,-2136.97783281473,-2136.97783281473)
PVTTABLE POINT = (49000000,52.32,385.091346479568,385.091346479568,3.11554823388046E-06,3.11554823388046E-06,-1.17336274519578,-1.17336274519578,1,4.53566417153469E-05,4.53566417153469E-05,2537.07937064477,2537.07937064477,-163787.179103047,-163787.179103047,0.101192453078684,0.101192453078684,100000000000,-2126.35579451183,-2126.35579451183)
PVTTABLE POINT = (49000000,53.68,383.499091340682,383.499091340682,3.1314617321248E-06,3.1314617321248E-06,-1.16817826173753,-1.16817826173753,1,4.51249307898284E-05,4.51249307898284E-05,2537.79025910216,2537.79025910216,-160336.264311958,-160336.264311958,0.100821665721567,0.100821665721567,100000000000,-2115.77502046476,-2115.77502046476)
PVTTABLE POINT = (49000000,55.04,381.913930072508,381.913930072508,3.14709512908158E-06,3.14709512908158E-06,-1.16293098815956,-1.16293098815956,1,4.48970354682508E-05,4.48970354682508E-05,2538.47120234948,2538.47120234948,-156884.403173662,-156884.403173662,0.10045798397868,0.10045798397868,100000000000,-2105.23529411117,-2105.23529411117)
PVTTABLE POINT = (49000000,56.4,380.335946414067,380.335946414067,3.16244677870652E-06,3.16244677870652E-06,-1.15762335897264,-1.15762335897264,1,4.46728751401887E-05,4.46728751401887E-05,2539.12307495343,2539.12307495343,-153431.635820448,-153431.635820448,0.10010133467137,0.10010133467137,100000000000,-2094.73639798722,-2094.73639798722)
PVTTABLE POINT = (49000000,57.76,378.765220794505,378.765220794505,3.17751523858336E-06,3.17751523858336E-06,-1.15225780668181,-1.15225780668181,1,4.44523713148401E-05,4.44523713148401E-05,2539.74676405425,2539.74676405425,-149978.001186479,-149978.001186479,9.97516443598651E-02,9.97516443598651E-02,100000000000,-2084.27811368769,-2084.27811368769)
PVTTABLE POINT = (49000000,59.12,377.201830337648,377.201830337648,3.19229926757933E-06,3.19229926757933E-06,-1.14683675909976,-1.14683675909976,1,4.42354475713423E-05,4.42354475713423E-05,2540.34316795811,2540.34316795811,-146523.536991658,-146523.536991658,9.94088393901105E-02,9.94088393901105E-02,100000000000,-2073.8602218328,-2073.8602218328)
PVTTABLE POINT = (49000000,60.48,375.645848870173,375.645848870173,3.20679782320858E-06,3.20679782320858E-06,-1.14136263673567,-1.14136263673567,1,4.40220295094462E-05,4.40220295094462E-05,2540.91319474578,2540.91319474578,-143068.279727386,-143068.279727386,9.90728459395861E-02,9.90728459395861E-02,100000000000,-2063.4825020413,-2063.4825020413)
PVTTABLE POINT = (49000000,61.84,374.09734693327,374.09734693327,3.2210100587184E-06,3.2210100587184E-06,-1.13583785026348,-1.13583785026348,1,4.38120447005923E-05,4.38120447005923E-05,2541.4577609007,2541.4577609007,-139612.264644209,-139612.264644209,9.87435900620509E-02,9.87435900620509E-02,100000000000,-2053.14473290985,-2053.14473290985)
PVTTABLE POINT = (49000000,63.2,372.556391797693,372.556391797693,3.23493531991372E-06,3.23493531991372E-06,-1.13026479807374,-1.13026479807374,1,4.36054226394291E-05,4.36054226394291E-05,2541.9777899591,2541.9777899591,-136155.525741307,-136155.525741307,9.84209977311677E-02,9.84209977311677E-02,100000000000,-2042.84669199826,-2042.84669199826)
PVTTABLE POINT = (49000000,64.56,371.023047482081,371.023047482081,3.24857314173533E-06,3.24857314173533E-06,-1.12464586391218,-1.12464586391218,1,4.34020946958113E-05,4.34020946958113E-05,2542.47421118485,2542.47421118485,-132698.095757805,-132698.095757805,9.81049948829671E-02,9.81049948829671E-02,100000000000,-2032.58815582047,-2032.58815582047)
PVTTABLE POINT = (49000000,65.92,369.497374774428,369.497374774428,3.26192324460792E-06,3.26192324460792E-06,-1.11898341460822,-1.11898341460822,1,4.32019940673177E-05,4.32019940673177E-05,2542.94795827158,2542.94795827158,-129240.006165875,-129240.006165875,9.77955074571162E-02,9.77955074571162E-02,100000000000,-2022.3688998409,-2022.3688998409)
PVTTABLE POINT = (49000000,67.28,367.979431256585,367.979431256585,3.27498553057398E-06,3.27498553057398E-06,-1.11327979789579,-1.11327979789579,1,4.30050557323208E-05,4.30050557323208E-05,2543.39996807415,2543.39996807415,-125781.287165571,-125781.287165571,0.09749246143696,0.09749246143696,100000000000,-2012.18869847615,-2012.18869847615)
PVTTABLE POINT = (49000000,68.64,366.469271331655,366.469271331655,3.28776007922975E-06,3.28776007922975E-06,-1.10753734032893,-1.10753734032893,1,4.28112164036434E-05,4.28112164036434E-05,2543.83117937175,2543.83117937175,-122321.967681379,-122321.967681379,9.71957828883106E-02,9.71957828883106E-02,100000000000,-2002.04732510153,-2002.04732510153)
PVTTABLE POINT = (49600000,2,449.348291712437,449.348291712437,2.32622508257502E-06,2.32622508257502E-06,-1.29062595466577,-1.29062595466577,1,5.7986740459982E-05,5.7986740459982E-05,2478.56456994597,2478.56456994597,-290076.877033173,-290076.877033173,0.12109834536374,0.12109834536374,100000000000,-2552.528915692,-2552.528915692)
PVTTABLE POINT = (49600000,3.36,447.593953842345,447.593953842345,2.34906832792834E-06,2.34906832792834E-06,-1.28926189577226,-1.28926189577226,1,5.75305004999084E-05,5.75305004999084E-05,2480.75834571211,2480.75834571211,-286704.532926633,-286704.532926633,0.120420335655362,0.120420335655362,100000000000,-2540.30272668922,-2540.30272668922)
PVTTABLE POINT = (49600000,4.72,445.84155577656,445.84155577656,2.37182750647157E-06,2.37182750647157E-06,-1.28777338240826,-1.28777338240826,1,5.70830349052307E-05,5.70830349052307E-05,2482.91199585821,2482.91199585821,-283329.232523744,-283329.232523744,0.119751456634692,0.119751456634692,100000000000,-2528.1258589221,-2528.1258589221)
PVTTABLE POINT = (49600000,6.08,444.091266423193,444.091266423193,2.39449541301423E-06,2.39449541301423E-06,-1.28616094314876,-1.28616094314876,1,5.66441512713123E-05,5.66441512713123E-05,2485.02512887724,2485.02512887724,-279951.030666295,-279951.030666295,0.119091677797527,0.119091677797527,100000000000,-2515.99802765662,-2515.99802765662)
PVTTABLE POINT = (49600000,7.44,442.343253914813,442.343253914813,2.41706488057142E-06,2.41706488057142E-06,-1.28442518984596,-1.28442518984596,1,5.62136609029785E-05,5.62136609029785E-05,2487.09739510222,2487.09739510222,-276569.982700115,-276569.982700115,0.118440966965103,0.118440966965103,100000000000,-2503.9189541099,-2503.9189541099)
PVTTABLE POINT = (49600000,8.8,440.597685495532,440.597685495532,2.43952878900885E-06,2.43952878900885E-06,-1.28256681710219,-1.28256681710219,1,5.57913787872053E-05,5.57913787872053E-05,2489.1284870145,2489.1284870145,-273186.144417946,-273186.144417946,0.117799290285762,0.117799290285762,100000000000,-2491.88836513204,-2491.88836513204)
PVTTABLE POINT = (49600000,10.16,438.854727408911,438.854727408911,2.46188007363665E-06,2.46188007363665E-06,-1.28058660158908,-1.28058660158908,1,5.5377123564475E-05,5.5377123564475E-05,2491.1181394774,2491.1181394774,-269799.572001962,-269799.572001962,0.117166612239986,0.117166612239986,100000000000,-2479.90599289429,-2479.90599289429)
PVTTABLE POINT = (49600000,11.52,437.114544786894,437.114544786894,2.48411173372881E-06,2.48411173372881E-06,-1.27848540121447,-1.27848540121447,1,5.49707174988288E-05,5.49707174988288E-05,2493.06612989409,2493.06612989409,-266410.321966006,-266410.321966006,0.116542895648774,0.116542895648774,100000000000,-2467.97157458374,-2467.97157458374)
PVTTABLE POINT = (49600000,12.88,435.377301539975,435.377301539975,2.50621684094578E-06,2.50621684094578E-06,-1.27626415413865,-1.27626415413865,1,5.45719864466458E-05,5.45719864466458E-05,2494.97227828936,2494.97227828936,-263018.451097677,-263018.451097677,0.11592810168527,0.11592810168527,100000000000,-2456.08485210471,-2456.08485210471)
PVTTABLE POINT = (49600000,14.24,433.643160248817,433.643160248817,2.52818854763726E-06,2.52818854763726E-06,-1.27392387764248,-1.27392387764248,1,5.4180759824182E-05,5.4180759824182E-05,2496.83644731472,2496.83644731472,-259624.01640035,-259624.01640035,0.115322189889584,0.115322189889584,100000000000,-2444.24557178702,-2444.24557178702)
PVTTABLE POINT = (49600000,15.6,431.91228205749,431.91228205749,2.55002009500342E-06,2.55002009500342E-06,-1.2714656668503,-1.2714656668503,1,5.37968705739006E-05,5.37968705739006E-05,2498.6585421768,2498.6585421768,-256227.075035243,-256227.075035243,0.114725118186714,0.114725118186714,100000000000,-2432.45348410137,-2432.45348410137)
PVTTABLE POINT = (49600000,16.96,430.184826568561,430.184826568561,2.57170482109257E-06,2.57170482109257E-06,-1.26889069331094,-1.26889069331094,1,5.34201551296289E-05,5.34201551296289E-05,2500.43851048924,2500.43851048924,-252827.684263636,-252827.684263636,0.114136842907461,0.114136842907461,100000000000,-2420.70834338177,-2420.70834338177)
PVTTABLE POINT = (49600000,18.32,428.460951740194,428.460951740194,2.59323616861431E-06,2.59323616861431E-06,-1.26620020344097,-1.26620020344097,1,5.30504533805762E-05,5.30504533805762E-05,2502.17634204853,2502.17634204853,-249425.90138934,-249425.90138934,0.11355731881223,0.11355731881223,100000000000,-2409.00990755549,-2409.00990755549)
PVTTABLE POINT = (49600000,19.68,426.740813785467,426.740813785467,2.61460769254777E-06,2.61460769254777E-06,-1.26339551683438,-1.26339551683438,1,5.26876086342515E-05,5.26876086342515E-05,2503.87206853446,2503.87206853446,-246021.783701525,-246021.783701525,0.112986499117612,0.112986499117612,100000000000,-2397.35793788045,-2397.35793788045)
PVTTABLE POINT = (49600000,21.04,425.024567074075,425.024567074075,2.63581306752524E-06,2.63581306752524E-06,-1.26047802444381,-1.26047802444381,1,5.23314675783169E-05,5.23314675783169E-05,2505.52576313631,2505.52576313631,-242615.388418001,-242615.388418001,0.112424335525592,0.112424335525592,100000000000,-2385.75219869021,-2385.75219869021)
PVTTABLE POINT = (49600000,22.4,423.312364036586,423.312364036586,2.65684609497242E-06,2.65684609497242E-06,-1.25744918663851,-1.25744918663851,1,5.19818802414175E-05,5.19818802414175E-05,2507.13754010584,2507.13754010584,-239206.772629067,-239206.772629067,0.111870778255271,0.111870778255271,100000000000,-2374.19245714681,-2374.19245714681)
PVTTABLE POINT = (49600000,23.76,421.604355071423,421.604355071423,2.67770070998753E-06,2.67770070998753E-06,-1.25431053114482,-1.25431053114482,1,5.1638699953028E-05,5.1638699953028E-05,2508.70755423875,2508.70755423875,-235795.993242003,-235795.993242003,0.111325776076954,0.111325776076954,100000000000,-2362.67848300147,-2362.67848300147)
PVTTABLE POINT = (49600000,25.12,419.900688454721,419.900688454721,2.69837098794248E-06,2.69837098794248E-06,-1.25106365087532,-1.25106365087532,1,5.13017833023591E-05,5.13017833023591E-05,2510.23600028626,2510.23600028626,-232383.10692633,-232383.10692633,0.110789276348449,0.110789276348449,100000000000,-2351.21004836327,-2351.21004836327)
PVTTABLE POINT = (49600000,26.48,418.201510253215,418.201510253215,2.71885115079037E-06,2.71885115079037E-06,-1.24771020165309,-1.24771020165309,1,5.09709900963663E-05,5.09709900963663E-05,2511.72311229891,2511.72311229891,-228968.170059903,-228968.170059903,0.110261225053439,0.110261225053439,100000000000,-2339.78692747595,-2339.78692747595)
PVTTABLE POINT = (49600000,27.84,416.506964240278,416.506964240278,2.73913557306478E-06,2.73913557306478E-06,-1.24425189983793,-1.24425189983793,1,5.06461833169046E-05,5.06461833169046E-05,2513.1691629046,2513.1691629046,-225551.238675953,-225551.238675953,0.10974156684177,0.10974156684177,100000000000,-2328.40889650288,-2328.40889650288)
PVTTABLE POINT = (49600000,29.2,414.817191815262,414.817191815262,2.75921878755771E-06,2.75921878755771E-06,-1.2406905198615,-1.2406905198615,1,5.03272290770781E-05,5.03272290770781E-05,2514.57446252354,2514.57446252354,-222132.368411142,-222132.368411142,0.109230245071485,0.109230245071485,100000000000,-2317.07573332028,-2317.07573332028)
PVTTABLE POINT = (49600000,30.56,413.132331926241,413.132331926241,2.77909549066395E-06,2.77909549066395E-06,-1.23702789167893,-1.23702789167893,1,5.00139965768283E-05,5.00139965768283E-05,2515.9393585225,2515.9393585225,-218711.61445474,-218711.61445474,0.108727201852472,0.108727201852472,100000000000,-2305.78721731869,-2305.78721731869)
PVTTABLE POINT = (49600000,31.92,411.45252099628,411.45252099628,2.79876054738124E-06,2.79876054738124E-06,-1.23326589814419,-1.23326589814419,1,4.97063580578104E-05,4.97063580578104E-05,2517.26423431134,2517.26423431134,-215289.031498986,-215289.031498986,0.108232378091544,0.108232378091544,100000000000,-2294.54312921286,-2294.54312921286)
PVTTABLE POINT = (49600000,33.28,409.777892853312,409.777892853312,2.81820899595688E-06,2.81820899595688E-06,-1.22940647231717,-1.22940647231717,1,4.94041887576068E-05,4.94041887576068E-05,2518.54950838477,2518.54950838477,-211864.673690707,-211864.673690707,0.107745713538807,0.107745713538807,100000000000,-2283.34325085998,-2283.34325085998)
PVTTABLE POINT = (49600000,34.64,408.108578663726,408.108578663726,2.8374360521728E-06,2.8374360521728E-06,-1.22545159471011,-1.22545159471011,1,4.91073668633265E-05,4.91073668633265E-05,2519.7956333123,2519.7956333123,-208438.594584291,-208438.594584291,0.107267146835158,0.107267146835158,100000000000,-2272.18736508627,-2272.18736508627)
PVTTABLE POINT = (49600000,36,406.444706869734,406.444706869734,2.85643711326236E-06,2.85643711326236E-06,-1.22140329048148,-1.22140329048148,1,4.88157734646424E-05,4.88157734646424E-05,2521.00309467996,2521.00309467996,-205010.84709606,-205010.84709606,0.106796615560754,0.106796615560754,100000000000,-2261.07525552196,-2261.07525552196)
PVTTABLE POINT = (49600000,37.36,404.786403130587,404.786403130587,2.8752077614538E-06,2.8752077614538E-06,-1.21726362658533,-1.21726362658533,1,4.8529292506316E-05,4.8529292506316E-05,2522.17240998691,2522.17240998691,-201581.483460108,-201581.483460108,0.106334056284303,0.106334056284303,100000000000,-2250.00670644472,-2250.00670644472)
PVTTABLE POINT = (49600000,38.72,403.133790267691,403.133790267691,2.89374376713644E-06,2.89374376713644E-06,-1.21303470888398,-1.21303470888398,1,4.82478107402627E-05,4.82478107402627E-05,2523.30412750051,2523.30412750051,-198150.555185676,-198150.555185676,0.105879404613034,0.105879404613034,100000000000,-2238.98150263125,-2238.98150263125)
PVTTABLE POINT = (49600000,40.08,401.486988213673,401.486988213673,2.91204109164719E-06,2.91204109164719E-06,-1.20871867923226,-1.20871867923226,1,4.79712176772085E-05,4.79712176772085E-05,2524.39882507355,2524.39882507355,-194718.113016108,-194718.113016108,0.105432595243194,0.105432595243194,100000000000,-2227.99942921736,-2227.99942921736)
PVTTABLE POINT = (49600000,41.44,399.846113965425,399.846113965425,2.93009588967635E-06,2.93009588967635E-06,-1.20431771254116,-1.20431771254116,1,4.76994055379914E-05,4.76994055379914E-05,2525.4571089271,2525.4571089271,-191284.206889439,-191284.206889439,0.10499356201093,0.10499356201093,100000000000,-2217.06027156613,-2217.06027156613)
PVTTABLE POINT = (49600000,42.8,398.211281541154,398.211281541154,2.94790451129287E-06,2.94790451129287E-06,-1.19983401382878,-1.19983401382878,1,4.74322692045596E-05,4.74322692045596E-05,2526.47961240274,2526.47961240274,-187848.885900655,-187848.885900655,0.104562237943435,0.104562237943435,100000000000,-2206.16381514433,-2206.16381514433)
PVTTABLE POINT = (49600000,44.16,396.582601941442,396.582601941442,2.96546350359074E-06,2.96546350359074E-06,-1.19526981526638,-1.19526981526638,1,4.71697061707188E-05,4.71697061707188E-05,2527.466994688,2527.466994688,-184412.19826568,-184412.19826568,0.104138555310209,0.104138555310209,100000000000,-2195.30984540687,-2195.30984540687)
PVTTABLE POINT = (49600000,45.52,394.960183114327,394.960183114327,2.98276961195942E-06,2.98276961195942E-06,-1.19062737322713,-1.19062737322713,1,4.69116164926812E-05,4.69116164926812E-05,2528.41993951856,2528.41993951856,-180974.191287101,-180974.191287101,0.103722445674323,0.103722445674323,100000000000,-2184.49814768922,-2184.49814768922)
PVTTABLE POINT = (49600000,46.88,393.34412992439,393.34412992439,2.99981978098222E-06,2.99981978098222E-06,-1.18590896534493,-1.18590896534493,1,4.66579027394685E-05,4.66579027394685E-05,2529.3391538611,2529.3391538611,-177534.911321676,-177534.911321676,0.103313839943566,0.103313839943566,100000000000,-2173.72850710768,-2173.72850710768)
PVTTABLE POINT = (49600000,48.24,391.73454412583,391.73454412583,3.01661115496812E-06,3.01661115496812E-06,-1.18111688759063,-1.18111688759063,1,4.64084699432196E-05,4.64084699432196E-05,2530.22536658042,2530.22536658042,-174094.403749645,-174094.403749645,0.102912668421357,0.102912668421357,100000000000,-2163.00070846744,-2163.00070846744)
PVTTABLE POINT = (49600000,49.6,390.131524339503,390.131524339503,3.03314107812331E-06,3.03314107812331E-06,-1.17625345137252,-1.17625345137252,1,4.61632255494559E-05,4.61632255494559E-05,2531.07932709457,2531.07932709457,-170652.712945866,-170652.712945866,0.102518860857313,0.102518860857313,100000000000,-2152.3145361782,-2152.3145361782)
PVTTABLE POINT = (49600000,50.96,388.535166033878,388.535166033878,3.04940709436998E-06,3.04940709436998E-06,-1.17132098066787,-1.17132098066787,1,4.59220793673523E-05,4.59220793673523E-05,2531.90180402161,2531.90180402161,-167209.882252777,-167209.882252777,0.102132346497386,0.102132346497386,100000000000,-2141.66977417716,-2141.66977417716)
PVTTABLE POINT = (49600000,52.32,386.945561509875,386.945561509875,3.06540694682082E-06,3.06540694682082E-06,-1.16632180919199,-1.16632180919199,1,4.56849435200661E-05,4.56849435200661E-05,2532.69358382145,2532.69358382145,-163765.953955207,-163765.953955207,0.101753054133459,0.101753054133459,100000000000,-2131.06620585951,-2131.06620585951)
PVTTABLE POINT = (49600000,53.68,385.362799889521,385.362799889521,3.08113857691871E-06,3.08113857691871E-06,-1.16125827761079,-1.16125827761079,1,4.54517323951705E-05,4.54517323951705E-05,2533.45546943651,2533.45546943651,-160320.969257042,-160320.969257042,0.101380912152317,0.101380912152317,100000000000,-2120.50361401577,-2120.50361401577)
PVTTABLE POINT = (49600000,55.04,383.786967108366,383.786967108366,3.09660012325174E-06,3.09660012325174E-06,-1.15613273080288,-1.15613273080288,1,4.52223625952413E-05,4.52223625952413E-05,2534.18827893425,2534.18827893425,-156874.968259721,-156874.968259721,0.101015848583924,0.101015848583924,100000000000,-2109.98178077631,-2109.98178077631)
PVTTABLE POINT = (49600000,56.4,382.218145911585,382.218145911585,3.11178992005487E-06,3.11178992005487E-06,-1.15094751517652,-1.15094751517652,1,4.49967528886435E-05,4.49967528886435E-05,2534.89284415519,2534.89284415519,-153427.9899426,-153427.9899426,0.100657791148903,0.100657791148903,100000000000,-2099.50048756244,-2099.50048756244)
PVTTABLE POINT = (49600000,57.76,380.656415853685,380.656415853685,3.12670649540983E-06,3.12670649540983E-06,-1.14570497604658,-1.14570497604658,1,4.47748241605622E-05,4.47748241605622E-05,2535.57000936936,2535.57000936936,-149980.072145123,-149980.072145123,0.100306667305182,0.100306667305182,100000000000,-2089.0595150442,-2089.0595150442)
PVTTABLE POINT = (49600000,59.12,379.101853301746,379.101853301746,3.14134856915588E-06,3.14134856915588E-06,-1.1404074550763,-1.1404074550763,1,4.45564993643233E-05,4.45564993643233E-05,2536.2206299443,2536.2206299443,-146531.251550833,-146531.251550833,9.99624042937177E-02,9.99624042937177E-02,100000000000,-2078.65864310439,-2078.65864310439)
PVTTABLE POINT = (49600000,60.48,377.554531442079,377.554531442079,3.1557150505243E-06,3.1557150505243E-06,-1.13505728778832,-1.13505728778832,1,4.43417034730439E-05,4.43417034730439E-05,2536.84557102761,2536.84557102761,-143081.563673173,-143081.563673173,9.96249291832454E-02,9.96249291832454E-02,100000000000,-2068.29765080884,-2068.29765080884)
PVTTABLE POINT = (49600000,61.84,376.014520290236,376.014520290236,3.16980503551029E-06,3.16980503551029E-06,-1.12965680114886,-1.12965680114886,1,4.4130363431656E-05,4.4130363431656E-05,2537.44570624667,2537.44570624667,-139631.042843072,-139631.042843072,0.099294168914014,0.099294168914014,100000000000,-2057.97631638253,-2057.97631638253)
PVTTABLE POINT = (49600000,63.2,374.481886704243,374.481886704243,3.18361780399606E-06,3.18361780399606E-06,-1.12420831122881,-1.12420831122881,1,4.39224081093411E-05,4.39224081093411E-05,2538.02191642826,2538.02191642826,-136179.722198289,-136179.722198289,9.89700503404449E-02,9.89700503404449E-02,100000000000,-2047.69441719146,-2047.69441719146)
PVTTABLE POINT = (49600000,64.56,372.95669440096,372.95669440096,3.19715281663948E-06,3.19715281663948E-06,-1.11871412094505,-1.11871412094505,1,4.37177682524138E-05,4.37177682524138E-05,2538.57508834055,2538.57508834055,-132727.633674473,-132727.633674473,9.86525002726816E-02,9.86525002726816E-02,100000000000,-2037.45172973007,-2037.45172973007)
PVTTABLE POINT = (49600000,65.92,371.439003975467,371.439003975467,3.21040971154287E-06,3.21040971154287E-06,-1.11317651788479,-1.11317651788479,1,4.35163764376896E-05,4.35163764376896E-05,2539.10611345973,2539.10611345973,-129274.807997935,-129274.807997935,9.83414455169928E-02,9.83414455169928E-02,100000000000,-2027.24802961376,-2027.24802961376)
PVTTABLE POINT = (49600000,67.28,369.928872923336,369.928872923336,3.22338830071651E-06,3.22338830071651E-06,-1.10759777221552,-1.10759777221552,1,4.3318167026372E-05,4.3318167026372E-05,2539.61588676345,2539.61588676345,-125821.274680055,-125821.274680055,9.80368129149984E-02,9.80368129149984E-02,100000000000,-2017.08309157662,-2017.08309157662)
PVTTABLE POINT = (49600000,68.64,368.426355665697,368.426355665697,3.236088566352E-06,3.236088566352E-06,-1.10198013468277,-1.10198013468277,1,4.31230761184899E-05,4.31230761184899E-05,2540.1053055531,2540.1053055531,-122367.062013336,-122367.062013336,0.097738529381691,0.097738529381691,100000000000,-2006.95668947384,-2006.95668947384)
PVTTABLE POINT = (50200000,2,450.733146615023,450.733146615023,2.29013135246095E-06,2.29013135246095E-06,-1.28063191823692,-1.28063191823692,1,5.83922291883609E-05,5.83922291883609E-05,2473.34757523176,2473.34757523176,-289791.58443313,-289791.58443313,0.121678611655411,0.121678611655411,100000000000,-2556.33744122612,-2556.33744122612)
PVTTABLE POINT = (50200000,3.36,448.992377358216,448.992377358216,2.31251936404449E-06,2.31251936404449E-06,-1.27930261051492,-1.27930261051492,1,5.79332177058355E-05,5.79332177058355E-05,2475.53845084699,2475.53845084699,-286426.337592691,-286426.337592691,0.121000757891776,0.121000757891776,100000000000,-2544.13698285038,-2544.13698285038)
PVTTABLE POINT = (50200000,4.72,447.2534985196,447.2534985196,2.33482678829279E-06,2.33482678829279E-06,-1.27785197050693,-1.27785197050693,1,5.74830168302406E-05,5.74830168302406E-05,2477.69080472411,2477.69080472411,-283058.137310613,-283058.137310613,0.120331987480316,0.120331987480316,100000000000,-2531.98572976754,-2531.98572976754)
PVTTABLE POINT = (50200000,6.08,445.516674770576,445.516674770576,2.35704670539551E-06,2.35704670539551E-06,-1.27628051225662,-1.27628051225662,1,5.70414343905719E-05,5.70414343905719E-05,2479.80425454741,2479.80425454741,-279687.03624095,-279687.03624095,0.119672269854688,0.119672269854688,100000000000,-2519.88339052168,-2519.88339052168)
PVTTABLE POINT = (50200000,7.44,443.782070029289,443.782070029289,2.37917223164982E-06,2.37917223164982E-06,-1.27458882937699,-1.27458882937699,1,5.66082818890658E-05,5.66082818890658E-05,2481.8784580172,2481.8784580172,-276313.087530534,-276313.087530534,0.119021572820874,0.119021572820874,100000000000,-2507.82967966582,-2507.82967966582)
PVTTABLE POINT = (50200000,8.8,442.049847352743,442.049847352743,2.40119652759592E-06,2.40119652759592E-06,-1.27277759454036,-1.27277759454036,1,5.61833744742397E-05,5.61833744742397E-05,2483.9131131349,2483.9131131349,-272936.344764342,-272936.344764342,0.118379862558465,0.118379862558465,100000000000,-2495.8243174514,-2495.8243174514)
PVTTABLE POINT = (50200000,10.16,440.320168829711,440.320168829711,2.42311280610435E-06,2.42311280610435E-06,-1.2708475588243,-1.2708475588243,1,5.5766530912642E-05,5.5766530912642E-05,2485.90795841802,2485.90795841802,-269556.861910546,-269556.861910546,0.117747103625216,0.117747103625216,100000000000,-2483.86702952423,-2483.86702952423)
PVTTABLE POINT = (50200000,11.52,438.593195474628,438.593195474628,2.4449143403941E-06,2.4449143403941E-06,-1.26879955091504,-1.26879955091504,1,5.5357573559341E-05,5.5357573559341E-05,2487.86277304441,2487.86277304441,-266174.693265292,-266174.693265292,0.117123258964792,0.117123258964792,100000000000,-2471.95754662669,-2471.95754662669)
PVTTABLE POINT = (50200000,12.88,436.869087122664,436.869087122664,2.46659447196039E-06,2.46659447196039E-06,-1.2666344761698,-1.2666344761698,1,5.49563283271838E-05,5.49563283271838E-05,2489.77737692496,2489.77737692496,-262789.893397352,-262789.893397352,0.116508289917681,0.116508289917681,100000000000,-2460.09560430655,-2460.09560430655)
PVTTABLE POINT = (50200000,14.24,435.148002326171,435.148002326171,2.48814661839122E-06,2.48814661839122E-06,-1.26435331554053,-1.26435331554053,1,5.45626246548565E-05,5.45626246548565E-05,2491.65163070476,2491.65163070476,-259402.517092716,-259402.517092716,0.115902156235181,0.115902156235181,100000000000,-2448.28094263261,-2448.28094263261)
PVTTABLE POINT = (50200000,15.6,433.43009825268,433.43009825268,2.50956428105246E-06,2.50956428105246E-06,-1.2619571243617,-1.2619571243617,1,5.4176295473779E-05,5.4176295473779E-05,2493.48543569225,2493.48543569225,-256012.619299234,-256012.619299234,0.115304816096381,0.115304816096381,100000000000,-2436.51330591711,-2436.51330591711)
PVTTABLE POINT = (50200000,16.96,431.715530584643,431.715530584643,2.53084105262133E-06,2.53084105262133E-06,-1.25944703100526,-1.25944703100526,1,5.37971771738675E-05,5.37971771738675E-05,2495.27873371702,2495.27873371702,-252620.255071399,-252620.255071399,0.114716226128056,0.114716226128056,100000000000,-2424.7924424452,-2424.7924424452)
PVTTABLE POINT = (50200000,18.32,430.004453421086,430.004453421086,2.55197062444888E-06,2.55197062444888E-06,-1.25682423540662,-1.25682423540662,1,5.34251095681991E-05,5.34251095681991E-05,2497.03150691621,2497.03150691621,-249225.479515382,-249225.479515382,0.114136341427349,0.114136341427349,100000000000,-2413.11810421159,-2413.11810421159)
PVTTABLE POINT = (50200000,19.68,428.297019181363,428.297019181363,2.57294679373257E-06,2.57294679373257E-06,-1.25409000746567,-1.25409000746567,1,5.30599358566169E-05,5.30599358566169E-05,2498.74377745055,2498.74377745055,-245828.347734395,-245828.347734395,0.113565115587151,0.113565115587151,100000000000,-2401.49004666447,-2401.49004666447)
PVTTABLE POINT = (50200000,21.04,426.593378511153,426.593378511153,2.59376347048086E-06,2.59376347048086E-06,-1.25124568532735,-1.25124568532735,1,5.27015025883089E-05,5.27015025883089E-05,2500.41560715086,2500.41560715086,-242428.914774488,-242428.914774488,0.113002500724043,0.113002500724043,100000000000,-2389.90802845681,-2389.90802845681)
PVTTABLE POINT = (50200000,22.4,424.893680190885,424.893680190885,2.61441468425245E-06,2.61441468425245E-06,-1.2482926735468,-1.2482926735468,1,5.23496596234026E-05,5.23496596234026E-05,2502.04709709607,2502.04709709607,-239027.235570886,-239027.235570886,0.112448447508677,0.112448447508677,100000000000,-2378.37181120525,-2378.37181120525)
PVTTABLE POINT = (50200000,23.76,423.198071046731,423.198071046731,2.63489459065373E-06,2.63489459065373E-06,-1.24523244114441,-1.24523244114441,1,5.20042600936133E-05,5.20042600936133E-05,2503.6383871243,2503.6383871243,-235623.364894927,-235623.364894927,0.111902905198461,0.111902905198461,100000000000,-2366.88115925654,-2366.88115925654)
PVTTABLE POINT = (50200000,25.12,421.506695864314,421.506695864314,2.65519747757878E-06,2.65519747757878E-06,-1.24206651955635,-1.24206651955635,1,5.16651603619853E-05,5.16651603619853E-05,2505.18965527858,2505.18965527858,-232217.357301725,-232217.357301725,0.111365821672417,0.111365821672417,100000000000,-2355.43583946179,-2355.43583946179)
PVTTABLE POINT = (50200000,26.48,419.819697305273,419.819697305273,2.67531777117751E-06,2.67531777117751E-06,-1.23879650048668,-1.23879650048668,1,5.13322199817714E-05,5.13322199817714E-05,2506.70111718901,2506.70111718901,-228809.267078624,-228809.267078624,0.110837143468044,0.110837143468044,100000000000,-2344.03562095845,-2344.03562095845)
PVTTABLE POINT = (50200000,27.84,418.137215826812,418.137215826812,2.6952500415384E-06,2.6952500415384E-06,-1.23542403366736,-1.23542403366736,1,5.10053016544891E-05,5.10053016544891E-05,2508.17302539343,2508.17302539343,-225399.148194532,-225399.148194532,0.110316815820077,0.110316815820077,100000000000,-2332.68027496015,-2332.68027496015)
PVTTABLE POINT = (50200000,29.2,416.459389604353,416.459389604353,2.71498900807345E-06,2.71498900807345E-06,-1.23195082453257,-1.23195082453257,1,5.06842711872015E-05,5.06842711872015E-05,2509.60566859892,2509.60566859892,-221987.054250222,-221987.054250222,0.109804782700956,0.109804782700956,100000000000,-2321.36957455458,-2321.36957455458)
PVTTABLE POINT = (50200000,30.56,414.786354457409,414.786354457409,2.73452954459414E-06,2.73452954459414E-06,-1.22837863181433,-1.22837863181433,1,5.03689974490641E-05,5.03689974490641E-05,2510.99937088636,2510.99937088636,-218573.03842968,-218573.03842968,0.109300986862878,0.109300986862878,100000000000,-2310.10329450924,-2310.10329450924)
PVTTABLE POINT = (50200000,31.92,413.118243778774,413.118243778774,2.75386668406839E-06,2.75386668406839E-06,-1.22470926506615,-1.22470926506615,1,5.0059352327187E-05,5.0059352327187E-05,2512.3544908609,2512.3544908609,-215157.153452568,-215157.153452568,0.108805369881269,0.108805369881269,100000000000,-2298.88121108523,-2298.88121108523)
PVTTABLE POINT = (50200000,33.28,411.455188467128,411.455188467128,2.77299562304966E-06,2.77299562304966E-06,-1.22094458212219,-1.22094458212219,1,4.97552106818554E-05,4.97552106818554E-05,2513.67142075086,2513.67142075086,-211739.451527871,-211739.451527871,0.108317872199528,0.108317872199528,100000000000,-2287.70310185914,-2287.70310185914)
PVTTABLE POINT = (50200000,34.64,409.797316863134,409.797316863134,2.7919117257708E-06,2.7919117257708E-06,-1.21708648649881,-1.21708648649881,1,4.94564503011584E-05,4.94564503011584E-05,2514.9505854581,2514.9505854581,-208319.98430882,-208319.98430882,0.1078384331749,0.1078384331749,100000000000,-2276.56874555289,-2276.56874555289)
PVTTABLE POINT = (50200000,36,408.144754689106,408.144754689106,2.81061052789605E-06,2.81061052789605E-06,-1.21313692474624,-1.21313692474624,1,4.91629518550738E-05,4.91629518550738E-05,2516.19244156284,2516.19244156284,-204898.802849121,-204898.802849121,0.107366991125311,0.107366991125311,100000000000,-2265.47792187167,-2265.47792187167)
PVTTABLE POINT = (50200000,37.36,406.497624992313,406.497624992313,2.82908773992658E-06,2.82908773992658E-06,-1.20909788375755,-1.20909788375755,1,4.88745988490558E-05,4.88745988490558E-05,2517.39747628598,2517.39747628598,-201475.957560576,-201475.957560576,0.106903483377043,0.106903483377043,100000000000,-2254.4304113499,-2254.4304113499)
PVTTABLE POINT = (50200000,38.72,404.856048091955,404.856048091955,2.84733925025543E-06,2.84733925025543E-06,-1.20497138804244,-1.20497138804244,1,4.85912775771772E-05,4.85912775771772E-05,2518.56620641233,2518.56620641233,-198051.498172137,-198051.498172137,0.106447846313082,0.106447846313082,100000000000,-2243.42599520513,-2243.42599520513)
PVTTABLE POINT = (50200000,40.08,403.220141529883,403.220141529883,2.8653611278696E-06,2.8653611278696E-06,-1.20075949697335,-1.20075949697335,1,4.83128770748736E-05,4.83128770748736E-05,2519.69917717782,2519.69917717782,-194625.473690457,-194625.473690457,0.106000015422019,0.106000015422019,100000000000,-2232.46445519993,-2232.46445519993)
PVTTABLE POINT = (50200000,41.44,401.590020025062,401.590020025062,2.88314962469812E-06,2.88314962469812E-06,-1.19646430201119,-1.19646430201119,1,4.80392890713402E-05,4.80392890713402E-05,2520.79696112429,2520.79696112429,-191197.932361967,-191197.932361967,0.105559925347352,0.105559925347352,100000000000,-2221.54557351165,-2221.54557351165)
PVTTABLE POINT = (50200000,42.8,399.965795431832,399.965795431832,2.90070117760571E-06,2.90070117760571E-06,-1.19208792391803,-1.19208792391803,1,4.77704079416308E-05,4.77704079416308E-05,2521.86015692507,2521.86015692507,-187768.921636535,-187768.921636535,0.105127509937076,0.105127509937076,100000000000,-2210.66913260999,-2210.66913260999)
PVTTABLE POINT = (50200000,44.16,398.347576701954,398.347576701954,2.91801241003379E-06,2.91801241003379E-06,-1.18763250996403,-1.18763250996403,1,4.7506130658509E-05,4.7506130658509E-05,2522.88938818498,2522.88938818498,-184338.488132747,-184338.488132747,0.104702702293408,0.104702702293408,100000000000,-2199.83491514229,-2199.83491514229)
PVTTABLE POINT = (50200000,45.52,396.735469850456,396.735469850456,2.93508013329072E-06,2.93508013329072E-06,-1.18310023113563,-1.18310023113563,1,4.72463567441008E-05,4.72463567441008E-05,2523.88530221803,2523.88530221803,-180906.677604821,-180906.677604821,0.104285434822558,0.104285434822558,100000000000,-2189.04270382649,-2189.04270382649)
PVTTABLE POINT = (50200000,46.88,395.129577925279,395.129577925279,2.95190134749509E-06,2.95190134749509E-06,-1.17849327935191,-1.17849327935191,1,4.69909882213986E-05,4.69909882213986E-05,2524.84856880644,2524.84856880644,-177473.53491121,-177473.53491121,0.103875639284401,0.103875639284401,100000000000,-2178.29228135158,-2178.29228135158)
PVTTABLE POINT = (50200000,48.24,393.530000980687,393.530000980687,2.96847324217655E-06,2.96847324217655E-06,-1.17381386469587,-1.17381386469587,1,4.67399295656658E-05,4.67399295656658E-05,2525.77987894428,2525.77987894428,-174039.103984893,-174039.103984893,0.103473246841959,0.103473246841959,100000000000,-2167.58343028546,-2167.58343028546)
PVTTABLE POINT = (50200000,49.6,391.93683605444,391.93683605444,2.98479319653975E-06,2.98479319653975E-06,-1.16906421266718,-1.16906421266718,1,4.64930876557895E-05,4.64930876557895E-05,2526.67994356934,2526.67994356934,-170603.427805395,-170603.427805395,0.103078188110581,0.103078188110581,100000000000,-2156.9159329901,-2156.9159329901)
PVTTABLE POINT = (50200000,50.96,390.350177148677,390.350177148677,3.00085877939819E-06,3.00085877939819E-06,-1.16424656146258,-1.16424656146258,1,4.6250371725631E-05,4.6250371725631E-05,2527.54949228632,2527.54949228632,-167166.548372526,-167166.548372526,0.102690393206715,0.102690393206715,100000000000,-2146.28957154382,-2146.28957154382)
PVTTABLE POINT = (50200000,52.32,388.770115214479,388.770115214479,3.01666774878538E-06,3.01666774878538E-06,-1.15936315929007,-1.15936315929007,1,4.60116933154198E-05,4.60116933154198E-05,2528.38927208493,2528.38927208493,-163728.506681863,-163728.506681863,0.102309791796202,0.102309791796202,100000000000,-2135.70412767053,-2135.70412767053)
PVTTABLE POINT = (50200000,53.68,387.196738140059,387.196738140059,3.0322180512518E-06,3.0322180512518E-06,-1.15441626172256,-1.15441626172256,1,4.57769662232385E-05,4.57769662232385E-05,2529.20004605594,2529.20004605594,-160289.342701987,-160289.342701987,0.101936313141974,0.101936313141974,100000000000,-2125.15938267588,-2125.15938267588)
PVTTABLE POINT = (50200000,55.04,385.63013074252,385.63013074252,3.04750782085697E-06,3.04750782085697E-06,-1.14940812909649,-1.14940812909649,1,4.55461064566435E-05,4.55461064566435E-05,2529.98259210847,2529.98259210847,-156849.095353451,-156849.095353451,0.101569886151105,0.101569886151105,100000000000,-2114.65511738994,-2114.65511738994)
PVTTABLE POINT = (50200000,56.4,384.070374763117,384.070374763117,3.06253537786649E-06,3.06253537786649E-06,-1.14434102396048,-1.14434102396048,1,4.53190321844665E-05,4.53190321844665E-05,2530.73770169151,2530.73770169151,-153407.802489503,-153407.802489503,0.101210439421122,0.101210439421122,100000000000,-2104.19111211649,-2104.19111211649)
PVTTABLE POINT = (50200000,57.76,382.517548865951,382.517548865951,3.07729922716479E-06,3.07729922716479E-06,-1.13921720857897,-1.13921720857897,1,4.50956636888397E-05,4.50956636888397E-05,2531.46617852266,2531.46617852266,-149965.500878531,-149965.500878531,0.100857901285509,0.100857901285509,100000000000,-2093.7671465885,-2093.7671465885)
PVTTABLE POINT = (50200000,59.12,380.971728640023,380.971728640023,3.09179805639486E-06,3.09179805639486E-06,-1.1340389424953,-1.1340389424953,1,4.48759233174865E-05,4.48759233174865E-05,2532.16883732692,2532.16883732692,-146522.226188241,-146522.226188241,0.100512199858352,0.100512199858352,100000000000,-2083.38299992981,-2083.38299992981)
PVTTABLE POINT = (50200000,60.48,379.432986604553,379.432986604553,3.10603073383681E-06,3.10603073383681E-06,-1.12880848015839,-1.12880848015839,1,4.46597354363185E-05,4.46597354363185E-05,2532.84650258832,2532.84650258832,-143078.012971537,-143078.012971537,0.100173263078055,0.100173263078055,100000000000,-2073.03845062262,-2073.03845062262)
PVTTABLE POINT = (50200000,61.84,377.901392217486,377.901392217486,3.1199963060374E-06,3.1199963060374E-06,-1.12352806861686,-1.12352806861686,1,4.44470263823791E-05,4.44470263823791E-05,2533.50000731694,2533.50000731694,-139632.894654086,-139632.894654086,9.98410187500803E-02,9.98410187500803E-02,100000000000,-2062.7332764808,-2062.7332764808)
PVTTABLE POINT = (50200000,63.2,376.377011887082,376.377011887082,3.13369399520346E-06,3.13369399520346E-06,-1.11819994528411,-1.11819994528411,1,4.42377244171693E-05,4.42377244171693E-05,2534.13019183375,2534.13019183375,-136186.903523557,-136186.903523557,0.099515394588673,0.099515394588673,100000000000,-2052.46725462858,-2052.46725462858)
PVTTABLE POINT = (50200000,64.56,374.859908986502,374.859908986502,3.14712319637204E-06,3.14712319637204E-06,-1.11282633577749,-1.11282633577749,1,4.40317596803938E-05,4.40317596803938E-05,2534.73790257576,2534.73790257576,-132740.070720484,-132740.070720484,9.91963182575147E-02,9.91963182575147E-02,100000000000,-2042.24016148465,-2042.24016148465)
PVTTABLE POINT = (50200000,65.92,373.350143871272,373.350143871272,3.16028347437066E-06,3.16028347437066E-06,-1.10740945183436,-1.10740945183436,1,4.38290641441614E-05,4.38290641441614E-05,2535.32399092344,2535.32399092344,-129292.42623076,-129292.42623076,9.88837174092831E-02,9.88837174092831E-02,100000000000,-2032.05177275127,-2032.05177275127)
PVTTABLE POINT = (50200000,67.28,371.847773899535,371.847773899535,3.1731745605812E-06,3.1731745605812E-06,-1.10195148930746,-1.10195148930746,1,4.36295715676723E-05,4.36295715676723E-05,2535.88931205267,2535.88931205267,-125843.998879686,-125843.998879686,9.85775197240811E-02,9.85775197240811E-02,100000000000,-2021.90186340824,-2021.90186340824)
PVTTABLE POINT = (50200000,68.64,370.352853454969,370.352853454969,3.18579634952102E-06,3.18579634952102E-06,-1.09645462624184,-1.09645462624184,1,4.34332174524235E-05,4.34332174524235E-05,2536.43472381297,2536.43472381297,-122394.816327581,-122394.816327581,9.82776529467075E-02,9.82776529467075E-02,100000000000,-2011.79020771155,-2011.79020771155)
PVTTABLE POINT = (50800000,2,452.096653055755,452.096653055755,2.25505630630679E-06,2.25505630630679E-06,-1.27083610681898,-1.27083610681898,1,5.87967588852348E-05,5.87967588852348E-05,2468.25202006594,2468.25202006594,-289495.963932914,-289495.963932914,0.122254960460672,0.122254960460672,100000000000,-2560.09368154731,-2560.09368154731)
PVTTABLE POINT = (50800000,3.36,450.369183784627,450.369183784627,2.27700401079588E-06,2.27700401079588E-06,-1.26954012031113,-1.26954012031113,1,5.83349680032877E-05,5.83349680032877E-05,2470.43996256645,2470.43996256645,-286137.649215724,-286137.649215724,0.121577250390308,0.121577250390308,100000000000,-2547.91835508491,-2547.91835508491)
PVTTABLE POINT = (50800000,4.72,448.643557573945,448.643557573945,2.29887441209139E-06,2.29887441209139E-06,-1.2681258008318,-1.2681258008318,1,5.78820234018404E-05,5.78820234018404E-05,2472.5909209185,2472.5909209185,-282776.384001454,-282776.384001454,0.120908577347314,0.120908577347314,100000000000,-2535.79212123416,-2535.79212123416)
PVTTABLE POINT = (50800000,6.08,446.919935024995,446.919935024995,2.32066086050319E-06,2.32066086050319E-06,-1.26659364867376,-1.26659364867376,1,5.74377331557802E-05,5.74377331557802E-05,2474.70452152411,2474.70452152411,-279412.218846916,-279412.218846916,0.120248910704605,0.120248910704605,100000000000,-2523.71468211031,-2523.71468211031)
PVTTABLE POINT = (50800000,7.44,445.198476006887,445.198476006887,2.34235674051413E-06,2.34235674051413E-06,-1.26494424020814,-1.26494424020814,1,5.70019089779509E-05,5.70019089779509E-05,2476.78042908615,2476.78042908615,-276045.204791005,-276045.204791005,0.119598218252821,0.119598218252821,100000000000,-2511.68574589303,-2511.68574589303)
PVTTABLE POINT = (50800000,8.8,443.479339553402,443.479339553402,2.36395547844317E-06,2.36395547844317E-06,-1.26317822739052,-1.26317822739052,1,5.65743661925306E-05,5.65743661925306E-05,2478.81834687191,2478.81834687191,-272675.39330242,-272675.39330242,0.118956466201275,0.118956466201275,100000000000,-2499.7050265232,-2499.7050265232)
PVTTABLE POINT = (50800000,10.16,441.762683760613,441.762683760613,2.38545055006315E-06,2.38545055006315E-06,-1.26129633713195,-1.26129633713195,1,5.61549237071585E-05,5.61549237071585E-05,2480.81801691108,2480.81801691108,-269302.83622708,-269302.83622708,0.118323619182023,0.118323619182023,100000000000,-2487.77224340603,-2487.77224340603)
PVTTABLE POINT = (50800000,11.52,440.04866568545,440.04866568545,2.40683548815372E-06,2.40683548815372E-06,-1.25929937053638,-1.25929937053638,1,5.57434039838402E-05,5.57434039838402E-05,2482.77922012714,2482.77922012714,-265927.585735304,-265927.585735304,0.117699640257051,0.117699640257051,100000000000,-2475.88712112037,-2475.88712112037)
PVTTABLE POINT = (50800000,12.88,438.33744124539,438.33744124539,2.42810388997015E-06,2.42810388997015E-06,-1.25718820200592,-1.25718820200592,1,5.53396330086633E-05,5.53396330086633E-05,2484.7017764019,2484.7017764019,-262549.694268869,-262549.694268869,0.117084490928487,0.117084490928487,100000000000,-2464.04938913448,-2464.04938913448)
PVTTABLE POINT = (50800000,14.24,436.629165119453,436.629165119453,2.44924942460858E-06,2.44924942460858E-06,-1.25496377821624,-1.25496377821624,1,5.49434402603532E-05,5.49434402603532E-05,2486.5855445728,2486.5855445728,-259169.214488018,-259169.214488018,0.116478131151803,0.116478131151803,100000000000,-2452.25878152852,-2452.25878152852)
PVTTABLE POINT = (50800000,15.6,434.92399065068,434.92399065068,2.47026584024901E-06,2.47026584024901E-06,-1.25262711696461,-1.25262711696461,1,5.45546586777037E-05,5.45546586777037E-05,2488.43042236294,2488.43042236294,-255786.199218522,-255786.199218522,0.115880519351908,0.115880519351908,100000000000,-2440.51503672365,-2440.51503672365)
PVTTABLE POINT = (50800000,16.96,433.222069750262,433.222069750262,2.49114697125755E-06,2.49114697125755E-06,-1.25017930589345,-1.25017930589345,1,5.41731246259134E-05,5.41731246259134E-05,2490.23634624401,2490.23634624401,-252400.70139888,-252400.70139888,0.11529161244206,0.11529161244206,100000000000,-2428.81789721798,-2428.81789721798)
PVTTABLE POINT = (50800000,18.32,431.523552803486,431.523552803486,2.51188674512983E-06,2.51188674512983E-06,-1.24762150109311,-1.24762150109311,1,5.37986778618638E-05,5.37986778618638E-05,2492.0032912326,2492.0032912326,-249012.774027748,-249012.774027748,0.114711365845483,0.114711365845483,100000000000,-2417.16710932957,-2417.16710932957)
PVTTABLE POINT = (50800000,19.68,429.828588577662,429.828588577662,2.53247918925836E-06,2.53247918925836E-06,-1.24495492558741,-1.24495492558741,1,5.34311614983741E-05,5.34311614983741E-05,2493.73127062051,2493.73127062051,-245622.470111706,-245622.470111706,0.114139733519603,0.114139733519603,100000000000,-2405.56242294645,-2405.56242294645)
PVTTABLE POINT = (50800000,21.04,428.137324132192,428.137324132192,2.55291843750682E-06,2.55291843750682E-06,-1.24218086770642,-1.24218086770642,1,5.30704219674682E-05,5.30704219674682E-05,2495.42033563986,2495.42033563986,-242229.842613408,-242229.842613408,0.113576667982774,0.113576667982774,100000000000,-2394.00359128384,-2394.00359128384)
PVTTABLE POINT = (50800000,22.4,426.449904730916,426.449904730916,2.57319873657552E-06,2.57319873657552E-06,-1.23930067935086,-1.23930067935086,1,5.27163089826922E-05,5.27163089826922E-05,2497.07057506421,2497.07057506421,-238834.944400263,-238834.944400263,0.11302212034337,0.11302212034337,100000000000,-2382.49037064867,-2382.49037064867)
PVTTABLE POINT = (50800000,23.76,424.766473756897,424.766473756897,2.59331445214251E-06,2.59331445214251E-06,-1.23631577415329,-1.23631577415329,1,5.23686755005194E-05,5.23686755005194E-05,2498.68211474688,2498.68211474688,-235437.82819367,-235437.82819367,0.112476040331137,0.112476040331137,100000000000,-2371.02252021152,-2371.02252021152)
PVTTABLE POINT = (50800000,25.12,423.087172629773,423.087172629773,2.61326007476612E-06,2.61326007476612E-06,-1.23322762554113,-1.23322762554113,1,5.20273776808836E-05,5.20273776808836E-05,2500.25511709803,2500.25511709803,-232038.546518951,-232038.546518951,0.111938376330644,0.111938376330644,100000000000,-2359.59980178592,-2359.59980178592)
PVTTABLE POINT = (50800000,26.48,421.412140725806,421.412140725806,2.63303022553531E-06,2.63303022553531E-06,-1.23003776470731,-1.23003776470731,1,5.16922748468804E-05,5.16922748468804E-05,2501.78978050225,2501.78978050225,-228637.15165602,-228637.15165602,0.111409075416725,0.111409075416725,100000000000,-2348.22197961534,-2348.22197961534)
PVTTABLE POINT = (50800000,27.84,419.741515300749,419.741515300749,2.65261966145539E-06,2.65261966145539E-06,-1.22674777849417,-1.22674777849417,1,5.13632294436761E-05,5.13632294436761E-05,2503.28633867844,2503.28633867844,-225233.695590879,-225233.695590879,0.110888083391745,0.110888083391745,100000000000,-2336.88882016758,-2336.88882016758)
PVTTABLE POINT = (50800000,29.2,418.075431415647,418.075431415647,2.67202328055758E-06,2.67202328055758E-06,-1.22335930719689,-1.22335930719689,1,5.10401069966698E-05,5.10401069966698E-05,2504.74505998416,2504.74505998416,-221828.229968041,-221828.229968041,0.110375344824569,0.110375344824569,100000000000,-2325.60009193698,-2325.60009193698)
PVTTABLE POINT = (50800000,30.56,416.41402186568,416.41402186568,2.6912361267218E-06,2.6912361267218E-06,-1.21987404229254,-1.21987404229254,1,5.07227760689479E-05,5.07227760689479E-05,2506.16624666666,2506.16624666666,-218420.806043918,-218420.806043918,0.109870803091076,0.109870803091076,100000000000,-2314.35556525421,-2314.35556525421)
PVTTABLE POINT = (50800000,31.92,414.757417112137,414.757417112137,2.71025339420358E-06,2.71025339420358E-06,-1.2162937241014,-1.2162937241014,1,5.04111082180774E-05,5.04111082180774E-05,2507.55023406299,2507.55023406299,-215011.474641271,-215011.474641271,0.109374400416078,0.109374400416078,100000000000,-2303.15501210382,-2303.15501210382)
PVTTABLE POINT = (50800000,33.28,413.105745217613,413.105745217613,2.72907043185656E-06,2.72907043185656E-06,-1.21262013938709,-1.21262013938709,1,5.01049779522821E-05,5.01049779522821E-05,2508.89738975169,2508.89738975169,-211600.286104781,-211600.286104781,0.108886077916504,0.108886077916504,100000000000,-2291.99820594947,-2291.99820594947)
PVTTABLE POINT = (50800000,34.64,411.459131784514,411.459131784514,2.74768274704361E-06,2.74768274704361E-06,-1.20885511890225,-1.20885511890225,1,4.98042626860451E-05,4.98042626860451E-05,2510.20811265885,2510.20811265885,-208187.290257801,-208187.290257801,0.108405775645693,0.108405775645693,100000000000,-2280.8849215669,-2280.8849215669)
PVTTABLE POINT = (50800000,36,409.817699896922,409.817699896922,2.76608600923056E-06,2.76608600923056E-06,-1.20500053488661,-1.20500053488661,1,4.95088426951868E-05,4.95088426951868E-05,2511.48283212122,2511.48283212122,-204772.536360355,-204772.536360355,0.107933432638657,0.107933432638657,100000000000,-2269.8149348847,-2269.8149348847)
PVTTABLE POINT = (50800000,37.36,408.181570065902,408.181570065902,2.78427605325766E-06,2.78427605325766E-06,-1.20105829852438,-1.20105829852438,1,4.9218601071461E-05,4.9218601071461E-05,2512.72200690926,2512.72200690926,-201356.073068446,-201356.073068446,0.107468986958187,0.107468986958187,100000000000,-2258.78802283263,-2258.78802283263)
PVTTABLE POINT = (50800000,38.72,406.550860178286,406.550860178286,2.80224888228528E-06,2.80224888228528E-06,-1.19703035736777,-1.19703035736777,1,4.89334236767189E-05,4.89334236767189E-05,2513.92612421326,2513.92612421326,-197937.948394702,-197937.948394702,0.107012375741638,0.107012375741638,100000000000,-2247.80396319773,-2247.80396319773)
PVTTABLE POINT = (50800000,40.08,404.925685448975,404.925685448975,2.82000067041107E-06,2.82000067041107E-06,-1.19291869273366,-1.19291869273366,1,4.86531990966858E-05,4.86531990966858E-05,2515.09569859538,2515.09569859538,-194518.209670442,-194518.209670442,0.106563535248279,0.106563535248279,100000000000,-2236.86253448797,-2236.86253448797)
PVTTABLE POINT = (50800000,41.44,403.306158376809,403.306158376809,2.83752776495762E-06,2.83752776495762E-06,-1.18872531708021,-1.18872531708021,1,4.83778185943994E-05,4.83778185943994E-05,2516.23127091092,2516.23127091092,-191096.903509174,-191096.903509174,0.106122400907067,0.106122400907067,100000000000,-2225.96351580351,-2225.96351580351)
PVTTABLE POINT = (50800000,42.8,401.692388704,401.692388704,2.85482668842997E-06,2.85482668842997E-06,-1.18445227137031,-1.18445227137031,1,4.81071760633562E-05,4.81071760633562E-05,2517.33340720185,2517.33340720185,-187674.075771592,-187674.075771592,0.105688907364724,0.105688907364724,100000000000,-2215.10668671545,-2215.10668671545)
PVTTABLE POINT = (50800000,44.16,400.084483379165,400.084483379165,2.87189414014419E-06,2.87189414014419E-06,-1.18010162242839,-1.18010162242839,1,4.7841167980413E-05,4.7841167980413E-05,2518.40269756581,2518.40269756581,-184249.771532084,-184249.771532084,0.105262988533978,0.105262988533978,100000000000,-2204.29182715194,-2204.29182715194)
PVTTABLE POINT = (50800000,45.52,398.482546523952,398.482546523952,2.88872699752883E-06,2.88872699752883E-06,-1.17567546029741,-1.17567546029741,1,4.75796933584919E-05,4.75796933584919E-05,2519.43975500389,2519.43975500389,-180824.035046801,-180824.035046801,0.10484457764188,0.10484457764188,100000000000,-2193.51871729168,-2193.51871729168)
PVTTABLE POINT = (50800000,46.88,396.886679403256,396.886679403256,2.90532231710221E-06,2.90532231710221E-06,-1.17117589560236,-1.17117589560236,1,4.73226536991353E-05,4.73226536991353E-05,2520.44521425026,2520.44521425026,-177396.909723298,-177396.909723298,0.104433607278046,0.104433607278046,100000000000,-2182.78713746454,-2182.78713746454)
PVTTABLE POINT = (50800000,48.24,395.296980399017,395.296980399017,2.92167733512971E-06,2.92167733512971E-06,-1.16660505692651,-1.16660505692651,1,4.70699529449564E-05,4.70699529449564E-05,2521.41973058692,2521.41973058692,-173968.438091785,-173968.438091785,0.104030009442751,0.104030009442751,100000000000,-2172.09686805942,-2172.09686805942)
PVTTABLE POINT = (50800000,49.6,393.713544987563,393.713544987563,2.93778946796579E-06,2.93778946796579E-06,-1.16196508820659,-1.16196508820659,1,4.68214974320343E-05,4.68214974320343E-05,2522.36397864672,2522.36397864672,-170538.661777994,-170538.661777994,0.103633715594752,0.103633715594752,100000000000,-2161.44768943895,-2161.44768943895)
PVTTABLE POINT = (50800000,50.96,392.136465720494,392.136465720494,2.95365631208688E-06,2.95365631208688E-06,-1.15725814615272,-1.15725814615272,1,4.65771958422958E-05,4.65771958422958E-05,2523.27865120783,2523.27865120783,-167107.621477682,-167107.621477682,0.103244656698745,0.103244656698745,100000000000,-2150.83938186108,-2150.83938186108)
PVTTABLE POINT = (50800000,52.32,390.565832209045,390.565832209045,2.96927564382169E-06,2.96927564382169E-06,-1.15248639769868,-1.15248639769868,1,4.63369591559317E-05,4.63369591559317E-05,2524.16445798266,2524.16445798266,-163675.35693277,-163675.35693277,0.10286276327238,0.10286276327238,100000000000,-2140.27172540747,-2140.27172540747)
PVTTABLE POINT = (50800000,53.68,389.001731111895,389.001731111895,2.98464541878656E-06,2.98464541878656E-06,-1.14765201748806,-1.14765201748806,1,4.61007006038914E-05,4.61007006038914E-05,2525.02212440428,2525.02212440428,-160241.906909148,-160241.906909148,0.102487965432731,0.102487965432731,100000000000,-2129.74449991824,-2129.74449991824)
PVTTABLE POINT = (50800000,55.04,387.444246126371,387.444246126371,2.99976377103418E-06,2.99976377103418E-06,-1.14275718540124,-1.14275718540124,1,4.5868335620497E-05,4.5868335620497E-05,2525.85239041331,2525.85239041331,-156807.309176111,-156807.309176111,0.102120192942148,0.102120192942148,100000000000,-2119.25748493329,-2119.25748493329)
PVTTABLE POINT = (50800000,56.4,385.893457982975,385.893457982975,3.01462901192463E-06,3.01462901192463E-06,-1.13780408412816,-1.13780408412816,1,4.56397817962231E-05,4.56397817962231E-05,2526.65600924816,2526.65600924816,-153371.600487459,-153371.600487459,0.101759375253422,0.101759375253422,100000000000,-2108.81045963974,-2108.81045963974)
PVTTABLE POINT = (50800000,57.76,384.349444443195,384.349444443195,3.02923962872846E-06,3.02923962872846E-06,-1.13279489679144,-1.13279489679144,1,4.54149588306796E-05,4.54149588306796E-05,2527.43374624129,2527.43374624129,-149934.816564223,-149934.816564223,0.101405441554192,0.101405441554192,100000000000,-2098.40320282546,-2098.40320282546)
PVTTABLE POINT = (50800000,59.12,382.812280300496,382.812280300496,3.04359428297198E-06,3.04359428297198E-06,-1.12773180462401,-1.12773180462401,1,4.51937884858411E-05,4.51937884858411E-05,2528.18637762426,2528.18637762426,-146496.992079039,-146496.992079039,0.101058320810528,0.101058320810528,100000000000,-2088.03549283848,-2088.03549283848)
PVTTABLE POINT = (50800000,60.48,381.282037384436,381.282037384436,3.05769180853539E-06,3.05769180853539E-06,-1.12261698470536,-1.12261698470536,1,4.49761945395601E-05,4.49761945395601E-05,2528.91468934413,2528.91468934413,-143058.160642128,-143058.160642128,0.100717941809637,0.100717941809637,100000000000,-2077.70710755209,-2077.70710755209)
PVTTABLE POINT = (50800000,61.84,379.758784567821,379.758784567821,3.07153120951518E-06,3.07153120951518E-06,-1.11745260775993,-1.11745260775993,1,4.47621027394012E-05,4.47621027394012E-05,2529.6194758935,2529.6194758935,-139618.354788878,-139618.354788878,0.100384233201642,0.100384233201642,100000000000,-2067.41782433537,-2067.41782433537)
PVTTABLE POINT = (50800000,63.2,378.242587776809,378.242587776809,3.08511165786213E-06,3.08511165786213E-06,-1.11224083602104,-1.11224083602104,1,4.45514407568349E-05,4.45514407568349E-05,2530.30153915676,2530.30153915676,-136177.605969015,-136177.605969015,0.100057123540386,0.100057123540386,100000000000,-2057.16742002913,-2057.16742002913)
PVTTABLE POINT = (50800000,64.56,376.733510003868,376.733510003868,3.09843249080693E-06,3.09843249080693E-06,-1.10698382116331,-1.10698382116331,1,4.4344138141823E-05,4.4344138141823E-05,2530.96168727457,2530.96168727457,-132735.944537316,-132735.944537316,9.97365413232127E-02,9.97365413232127E-02,100000000000,-2046.95567092689,-2046.95567092689)
PVTTABLE POINT = (50800000,65.92,375.231611323505,375.231611323505,3.1114932080856E-06,3.1114932080856E-06,-1.10168370230637,-1.10168370230637,1,4.41401262778314E-05,4.41401262778314E-05,2531.60073352865,2531.60073352865,-129293.399745868,-129293.399745868,9.94224150297064E-02,9.94224150297064E-02,100000000000,-2036.7823527608,-2036.7823527608)
PVTTABLE POINT = (50800000,67.28,373.736948910656,373.736948910656,3.12429346897694E-06,3.12429346897694E-06,-1.09634260409211,-1.09634260409211,1,4.39393383373003E-05,4.39393383373003E-05,2532.21949524892,2532.21949524892,-125849.999737818,-125849.999737818,9.91146731593364E-02,9.91146731593364E-02,100000000000,-2026.64724069218,-2026.64724069218)
PVTTABLE POINT = (50800000,68.64,372.249577061639,372.249577061639,3.1368330891648E-06,3.1368330891648E-06,-1.09096263483762,-1.09096263483762,1,4.37417092376036E-05,4.37417092376036E-05,2532.81879274459,2532.81879274459,-122405.771542602,-122405.771542602,9.88132442679967E-02,9.88132442679967E-02,100000000000,-2016.55010930671,-2016.55010930671)
PVTTABLE POINT = (51400000,2,453.439409460142,453.439409460142,2.22095772446138E-06,2.22095772446138E-06,-1.26123204568458,-1.26123204568458,1,5.92003686103386E-05,5.92003686103386E-05,2463.27347752968,2463.27347752968,-289190.336157174,-289190.336157174,0.122827484417154,0.122827484417154,100000000000,-2563.79911533155,-2563.79911533155)
PVTTABLE POINT = (51400000,3.36,451.724980299168,451.724980299168,2.24247937535821E-06,2.24247937535821E-06,-1.25996803027332,-1.25996803027332,1,5.87357912670007E-05,5.87357912670007E-05,2465.45846288297,2465.45846288297,-285838.794435336,-285838.794435336,0.12214990633692,0.12214990633692,100000000000,-2551.64834387556,-2551.64834387556)
PVTTABLE POINT = (51400000,4.72,450.012348756234,450.012348756234,2.26392682556542E-06,2.26392682556542E-06,-1.25858856486907,-1.25858856486907,1,5.82800953174606E-05,5.82800953174606E-05,2467.60793909735,2467.60793909735,-282484.305236159,-282484.305236159,0.121481319938264,0.121481319938264,100000000000,-2539.54655545164,-2539.54655545164)
PVTTABLE POINT = (51400000,6.08,448.301671520263,448.301671520263,2.28529368127015E-06,2.28529368127015E-06,-1.25709413673331,-1.25709413673331,1,5.78330890937913E-05,5.78330890937913E-05,2469.72154084544,2469.72154084544,-279126.917104637,-279126.917104637,0.120821694534574,0.120821694534574,100000000000,-2527.49344602257,-2527.49344602257)
PVTTABLE POINT = (51400000,7.44,446.593104567961,446.593104567961,2.30657358104599E-06,2.30657358104599E-06,-1.25548530591617,-1.25548530591617,1,5.73945845316307E-05,5.73945845316307E-05,2471.79893948621,2471.79893948621,-275766.679057693,-275766.679057693,0.120170997900941,0.120170997900941,100000000000,-2515.48871766895,-2515.48871766895)
PVTTABLE POINT = (51400000,8.8,444.886803065134,444.886803065134,2.32776020307744E-06,2.32776020307744E-06,-1.25376270477769,-1.25376270477769,1,5.69643971438832E-05,5.69643971438832E-05,2473.83984330884,2473.83984330884,-272403.640534113,-272403.640534113,0.119529196274775,0.119529196274775,100000000000,-2503.53207829285,-2503.53207829285)
PVTTABLE POINT = (51400000,10.16,443.182921268742,443.182921268742,2.34884727234183E-06,2.34884727234183E-06,-1.2519270373824,-1.2519270373824,1,5.65423459932089E-05,5.65423459932089E-05,2475.84399771478,2475.84399771478,-269037.851344191,-269037.851344191,0.118896254359452,0.118896254359452,100000000000,-2491.62324132763,-2491.62324132763)
PVTTABLE POINT = (51400000,11.52,441.481612429866,441.481612429866,2.36982856773044E-06,2.36982856773044E-06,-1.24997907876852,-1.24997907876852,1,5.6128253663327E-05,5.6128253663327E-05,2477.81118533747,2477.81118533747,-265669.361619167,-265669.361619167,0.118272135330943,0.118272135330943,100000000000,-2479.76192545388,-2479.76192545388)
PVTTABLE POINT = (51400000,12.88,439.783028697751,439.783028697751,2.39069792909093E-06,2.39069792909093E-06,-1.24791967409333,-1.24791967409333,1,5.57219462291673E-05,5.57219462291673E-05,2479.74122609919,2479.74122609919,-262298.221760547,-262298.221760547,0.117656800847388,0.117656800847388,100000000000,-2467.94785432181,-2467.94785432181)
PVTTABLE POINT = (51400000,14.24,438.087321025092,438.087321025092,2.41144926417329E-06,2.41144926417329E-06,-1.24574973765658,-1.24574973765658,1,5.5323253225899E-05,5.5323253225899E-05,2481.63397720487,2481.63397720487,-258924.482389384,-258924.482389384,0.117050211061534,0.117050211061534,100000000000,-2456.18075628006,-2456.18075628006)
PVTTABLE POINT = (51400000,15.6,436.394639074736,436.394639074736,2.43207655546198E-06,2.43207655546198E-06,-1.24347025180458,-1.24347025180458,1,5.49320076168703E-05,5.49320076168703E-05,2483.48933307279,2483.48933307279,-255548.194295618,-255548.194295618,0.116452324635996,0.116452324635996,100000000000,-2444.46036411112,-2444.46036411112)
PVTTABLE POINT = (51400000,16.96,434.705131127947,434.705131127947,2.45257386687705E-06,2.45257386687705E-06,-1.24108226571753,-1.24108226571753,1,5.45480457604916E-05,5.45480457604916E-05,2485.30722520241,2485.30722520241,-252169.408387545,-252169.408387545,0.115863098761226,0.115863098761226,100000000000,-2432.78641477335,-2432.78641477335)
PVTTABLE POINT = (51400000,18.32,433.018943994401,433.018943994401,2.47293535032768E-06,2.47293535032768E-06,-1.23858689408354,-1.23858689408354,1,5.41712073760952E-05,5.41712073760952E-05,2487.08762197968,2487.08762197968,-248788.175641514,-248788.175641514,0.115282489176121,0.115282489176121,100000000000,-2421.15864914991,-2421.15864914991)
PVTTABLE POINT = (51400000,19.68,431.336222924062,431.336222924062,2.49315525210209E-06,2.49315525210209E-06,-1.23598531566272,-1.23598531566272,1,5.38013355088074E-05,5.38013355088074E-05,2488.83052842047,2488.83052842047,-245404.547051929,-245404.547051929,0.114710450191155,0.114710450191155,100000000000,-2409.57681180458,-2409.57681180458)
PVTTABLE POINT = (51400000,21.04,429.657111521077,429.657111521077,2.51322791907814E-06,2.51322791907814E-06,-1.23327877174545,-1.23327877174545,1,5.34382764934675E-05,5.34382764934675E-05,2490.53598585293,2490.53598585293,-242018.573581637,-242018.573581637,0.114146934713946,0.114146934713946,100000000000,-2398.04065074439,-2398.04065074439)
PVTTABLE POINT = (51400000,22.4,427.981751659846,427.981751659846,2.53314780473997E-06,2.53314780473997E-06,-1.23046856450896,-1.23046856450896,1,5.30818799176309E-05,5.30818799176309E-05,2492.20407153981,2492.20407153981,-238630.306112803,-238630.306112803,0.113591894277121,0.113591894277121,100000000000,-2386.54991718961,-2386.54991718961)
PVTTABLE POINT = (51400000,23.76,426.310283403384,426.310283403384,2.55290947498636E-06,2.55290947498636E-06,-1.22755605527695,-1.22755605527695,1,5.27319985836918E-05,5.27319985836918E-05,2493.83489824195,2493.83489824195,-235239.795398318,-235239.795398318,0.113045279068375,0.113045279068375,100000000000,-2375.10436535066,-2375.10436535066)
PVTTABLE POINT = (51400000,25.12,424.642844924119,424.642844924119,2.57250761371754E-06,2.57250761371754E-06,-1.22454266268702,-1.22454266268702,1,5.23884884701661E-05,5.23884884701661E-05,2495.42861372427,2495.42861372427,-231847.092013858,-231847.092013858,0.112507037962589,0.112507037962589,100000000000,-2363.70375221233,-2363.70375221233)
PVTTABLE POINT = (51400000,26.48,422.979572427243,422.979572427243,2.59193702818795E-06,2.59193702818795E-06,-1.22142986077125,-1.22142986077125,1,5.20512086921714E-05,5.20512086921714E-05,2496.98540020599,2496.98540020599,-228452.246310646,-228452.246310646,0.111977118555887,0.111977118555887,100000000000,-2352.3478373253,-2352.3478373253)
PVTTABLE POINT = (51400000,27.84,421.320600076725,421.320600076725,2.61119265411309E-06,2.61119265411309E-06,-1.21821917695517,-1.21821917695517,1,5.17200214611444E-05,5.17200214611444E-05,2498.50547375672,2498.50547375672,-225055.308368996,-225055.308368996,0.11145546720148,0.11145546720148,100000000000,-2341.03638260499,-2341.03638260499)
PVTTABLE POINT = (51400000,29.2,419.6660599241,419.6660599241,2.6302695605201E-06,2.6302695605201E-06,-1.21491218998089,-1.21491218998089,1,5.13947920438371E-05,5.13947920438371E-05,2499.98908364041,2499.98908364041,-221656.327952715,-221656.327952715,0.110942029047187,0.110942029047187,100000000000,-2329.7691521377,-2329.7691521377)
PVTTABLE POINT = (51400000,30.56,418.016081840132,418.016081840132,2.64916295433188E-06,2.64916295433188E-06,-1.21151052776019,-1.21151052776019,1,5.10753887206314E-05,5.10753887206314E-05,2501.43651160917,2501.43651160917,-218255.354464441,-218255.354464441,0.110436748074464,0.110436748074464,100000000000,-2318.5459119943,-2318.5459119943)
PVTTABLE POINT = (51400000,31.92,416.370793449438,416.370793449438,2.6678681846763E-06,2.6678681846763E-06,-1.20801586516355,-1.20801586516355,1,5.0761682743216E-05,5.0761682743216E-05,2502.84807114929,2502.84807114929,-214852.43690196,-214852.43690196,0.109939567138836,0.109939567138836,100000000000,-2307.36643005123,-2307.36643005123)
PVTTABLE POINT = (51400000,33.28,414.730320068164,414.730320068164,2.68638074691253E-06,2.68638074691253E-06,-1.20442992175131,-1.20442992175131,1,5.04535482916669E-05,5.04535482916669E-05,2504.22410668171,2504.22410668171,-211447.623815587,-211447.623815587,0.109450428011559,0.109450428011559,100000000000,-2296.230475819,-2296.230475819)
PVTTABLE POINT = (51400000,34.64,413.094784644774,413.094784644774,2.70469628636793E-06,2.70469628636793E-06,-1.20075445945324,-1.20075445945324,1,5.01508624309752E-05,5.01508624309752E-05,2505.56499271948,2505.56499271948,-208040.963266664,-208040.963266664,0.108969271422398,0.108969271422398,100000000000,-2285.13782027806,-2285.13782027806)
PVTTABLE POINT = (51400000,36,411.464307704037,411.464307704037,2.72281060177963E-06,2.72281060177963E-06,-1.1969912802028,-1.1969912802028,1,4.98535050670663E-05,4.98535050670663E-05,2506.87113298476,2506.87113298476,-204632.502787234,-204632.502787234,0.108496037103376,0.108496037103376,100000000000,-2274.08823572218,-2274.08823572218)
PVTTABLE POINT = (51400000,37.36,409.839007294251,409.839007294251,2.74071964843645E-06,2.74071964843645E-06,-1.19314222353248,-1.19314222353248,1,4.9561358902354E-05,4.9561358902354E-05,2508.14295948814,2508.14295948814,-201222.289340931,-201222.289340931,0.108030663833346,0.108030663833346,100000000000,-2263.08149560919,-2263.08149560919)
PVTTABLE POINT = (51400000,38.72,408.218998937759,408.218998937759,2.75841954101732E-06,2.75841954101732E-06,-1.18920916413673,-1.18920916413673,1,4.92743093908747E-05,4.92743093908747E-05,2509.38093157283,2509.38093157283,-197810.369285161,-197810.369285161,0.107573089483278,0.107573089483278,100000000000,-2252.11737441903,-2252.11737441903)
PVTTABLE POINT = (51400000,40.08,406.604395584806,406.604395584806,2.77590655612399E-06,2.77590655612399E-06,-1.18519400940888,-1.18519400940888,1,4.89922446930462E-05,4.89922446930462E-05,2510.58553492681,2510.58553492681,-194396.788334594,-194396.788334594,0.107123251062103,0.107123251062103,100000000000,-2241.19564751916,-2241.19564751916)
PVTTABLE POINT = (51400000,41.44,404.995307570753,404.995307570753,2.79317713450637E-06,2.79317713450637E-06,-1.18109869695825,-1.18109869695825,1,4.87150556300962E-05,4.87150556300962E-05,2511.75728056565,2511.75728056565,-190981.591526025,-190981.591526025,0.106681084763002,0.106681084763002,100000000000,-2230.3160910373,-2230.3160910373)
PVTTABLE POINT = (51400000,42.8,403.391842576679,403.391842576679,2.81022788298022E-06,2.81022788298022E-06,-1.17692519211418,-1.17692519211418,1,4.84426356382056E-05,4.84426356382056E-05,2512.89670378895,2512.89670378895,-187564.823184634,-187564.823184634,0.106246526010021,0.106246526010021,100000000000,-2219.47848174123,-2219.47848174123)
PVTTABLE POINT = (51400000,44.16,401.794105593383,401.794105593383,2.82705557603776E-06,2.82705557603776E-06,-1.17267548542272,-1.17267548542272,1,4.81748807224114E-05,4.81748807224114E-05,2514.00436311351,2514.00436311351,-184146.526891687,-184146.526891687,0.105819509504874,0.105819509504874,100000000000,-2208.68259692577,-2208.68259692577)
PVTTABLE POINT = (51400000,45.52,400.202198888795,400.202198888795,2.84365715715279E-06,2.84365715715279E-06,-1.16835159014265,-1.16835159014265,1,4.79116894103151E-05,4.79116894103151E-05,2515.08083918598,2515.08083918598,-180726.745453691,-180726.745453691,0.105399969273839,0.105399969273839,100000000000,-2197.92821430683,-2197.92821430683)
PVTTABLE POINT = (51400000,46.88,398.616221978782,398.616221978782,2.86002973978291E-06,2.86002973978291E-06,-1.16395553974635,-1.16395553974635,1,4.765296270564E-05,4.765296270564E-05,2516.12673367811,2516.12673367811,-177305.520873052,-177305.520873052,0.104987838714622,0.104987838714622,100000000000,-2187.21511192231,-2187.21511192231)
PVTTABLE POINT = (51400000,48.24,397.036271601358,397.036271601358,2.87617060807231E-06,2.87617060807231E-06,-1.15948938543179,-1.15948938543179,1,4.73986040416829E-05,4.73986040416829E-05,2517.14266816758,2517.14266816758,-173882.894320238,-173882.894320238,0.104583050643095,0.104583050643095,100000000000,-2176.54306803982,-2176.54306803982)
PVTTABLE POINT = (51400000,49.6,395.462441694253,395.462441694253,2.89207721725946E-06,2.89207721725946E-06,-1.15495519365106,-1.15495519365106,1,4.71485192347043E-05,4.71485192347043E-05,2518.1292830073,2518.1292830073,-170458.906107477,-170458.906107477,0.104185537339806,0.104185537339806,100000000000,-2165.91186107118,-2165.91186107118)
PVTTABLE POINT = (51400000,50.96,393.894823375839,393.894823375839,2.90774719379501E-06,2.90774719379501E-06,-1.15035504366104,-1.15035504366104,1,4.69026164372994E-05,4.69026164372994E-05,2519.08723618605,2519.08723618605,-167033.595663994,-167033.595663994,0.103795230596153,0.103795230596153,100000000000,-2155.32126949338,-2155.32126949338)
PVTTABLE POINT = (51400000,52.32,392.333504929367,392.333504929367,2.92317833517582E-06,2.92317833517582E-06,-1.14569102510148,-1.14569102510148,1,4.66608060917942E-05,4.66608060917942E-05,2520.01720218348,2520.01720218348,-163607.001512805,-163607.001512805,0.103412061760154,0.103412061760154,100000000000,-2144.77107177608,-2144.77107177608)
PVTTABLE POINT = (51400000,53.68,390.778571790473,390.778571790473,2.93836860950196E-06,2.93836860950196E-06,-1.14096523560555,-1.14096523560555,1,4.64230008837086E-05,4.64230008837086E-05,2520.91987082216,2520.91987082216,-160179.161249072,-160179.161249072,0.10303596178172,0.10303596178172,100000000000,-2134.26104631531,-2134.26104631531)
PVTTABLE POINT = (51400000,55.04,389.23010653791,389.23010653791,2.95331615476414E-06,2.95331615476414E-06,-1.13617977844765,-1.13617977844765,1,4.61891156953271E-05,4.61891156953271E-05,2521.79594611941,2521.79594611941,-156750.111520014,-156750.111520014,0.102666861257343,0.102666861257343,100000000000,-2123.79097137345,-2123.79097137345)
PVTTABLE POINT = (51400000,56.4,387.688188887457,387.688188887457,2.96801927786971E-06,2.96801927786971E-06,-1.1313367602331,-1.1313367602331,1,4.59590675594188E-05,4.59590675594188E-05,2522.64614514172,2522.64614514172,-153319.888006385,-153319.888006385,0.102304690474147,0.102304690474147,100000000000,-2113.36062502498,-2113.36062502498)
PVTTABLE POINT = (51400000,57.76,386.152895688926,386.152895688926,2.98247645341589E-06,2.98247645341589E-06,-1.1264382886339,-1.1264382886339,1,4.5732775613145E-05,4.5732775613145E-05,2523.47119686419,2523.47119686419,-149888.5254055,-149888.5254055,0.101949379453215,0.101949379453215,100000000000,-2102.96978510831,-2102.96978510831)
PVTTABLE POINT = (51400000,59.12,384.624300926232,384.624300926232,2.99668632221958E-06,2.99668632221958E-06,-1.12148647017481,-1.12148647017481,1,4.55101610521946E-05,4.55101610521946E-05,2524.27184103762,2524.27184103762,-146456.057415816,-146456.057415816,0.101600857992144,0.101600857992144,100000000000,-2092.61822918306,-2092.61822918306)
PVTTABLE POINT = (51400000,60.48,383.10247572042,383.10247572042,3.01064768961352E-06,3.01064768961352E-06,-1.11648340807317,-1.11648340807317,1,4.52911470851828E-05,4.52911470851828E-05,2525.04882706558,2525.04882706558,-143022.516723033,-143022.516723033,0.101259055706766,0.101259055706766,100000000000,-2082.3057344929,-2082.3057344929)
PVTTABLE POINT = (51400000,61.84,381.587488335606,381.587488335606,3.0243595235188E-06,3.0243595235188E-06,-1.11143120013625,-1.11143120013625,1,4.50756588883499E-05,4.50756588883499E-05,2525.80291289369,2525.80291289369,-139587.934987734,-139587.934987734,0.100923902071987,0.100923902071987,100000000000,-2072.03207793373,-2072.03207793373)
PVTTABLE POINT = (51400000,63.2,380.079404187725,380.079404187725,3.03782095230461E-06,3.03782095230461E-06,-1.1063319367191,-1.1063319367191,1,4.48636235605967E-05,4.48636235605967E-05,2526.53486391353,2526.53486391353,-136152.342834505,-136152.342834505,0.100595326461685,0.100595326461685,100000000000,-2061.79703602686,-2061.79703602686)
PVTTABLE POINT = (51400000,64.56,378.578285856024,378.578285856024,3.0510312624457E-06,3.0510312624457E-06,-1.10118769874585,-1.10118769874585,1,4.46549700788868E-05,4.46549700788868E-05,2527.24545188297,2527.24545188297,-132715.769842552,-132715.769842552,0.100273258187653,0.100273258187653,100000000000,-2051.60038489727,-2051.60038489727)
PVTTABLE POINT = (51400000,65.92,377.084193097192,377.084193097192,3.06398989598912E-06,3.06398989598912E-06,-1.09600055579709,-1.09600055579709,1,4.44496292540512E-05,4.44496292540512E-05,2527.93545386503,2527.93545386503,-129278.244537762,-129278.244537762,0.099957626537522,0.099957626537522,100000000000,-2041.44190025647,-2041.44190025647)
PVTTABLE POINT = (51400000,67.28,375.597182862054,375.597182862054,3.07669644784121E-06,3.07669644784121E-06,-1.0907725642655,-1.0907725642655,1,4.42475336870244E-05,4.42475336870244E-05,2528.60565118709,2528.60565118709,-125839.794386201,-125839.794386201,9.96483608116453E-02,9.96483608116453E-02,100000000000,-2031.32135739001,-2031.32135739001)
PVTTABLE POINT = (51400000,68.64,374.117309314714,374.117309314714,3.08915066288657E-06,3.08915066288657E-06,-1.08550576558192,-1.08550576558192,1,4.40486177255405E-05,4.40486177255405E-05,2529.25682842212,2529.25682842212,-122400.445789007,-122400.445789007,9.93453903589217E-02,9.93453903589217E-02,100000000000,-2021.23853114929,-2021.23853114929)
PVTTABLE POINT = (52000000,2,454.761989619414,454.761989619414,2.18779568556884E-06,2.18779568556884E-06,-1.25181355134259,-1.25181355134259,1,5.96030953531458E-05,5.96030953531458E-05,2458.40773837582,2458.40773837582,-288875.007579438,-288875.007579438,0.123396272614222,0.123396272614222,100000000000,-2567.45515881816,-2567.45515881816)
PVTTABLE POINT = (52000000,3.36,453.060349052809,453.060349052809,2.20890490129237E-06,2.20890490129237E-06,-1.2505802311814,-1.2505802311814,1,5.9135725258872E-05,5.9135725258872E-05,2460.58975044832,2460.58975044832,-285530.085444647,-285530.085444647,0.122718815335868,0.122718815335868,100000000000,-2555.32838619768,-2555.32838619768)
PVTTABLE POINT = (52000000,4.72,451.360462472012,451.360462472012,2.22994284974606E-06,2.22994284974606E-06,-1.24923423377012,-1.24923423377012,1,5.86772711192847E-05,5.86772711192847E-05,2462.73766926448,2462.73766926448,-282182.218914355,-282182.218914355,0.122050305341981,0.122050305341981,100000000000,-2543.25048998236,-2543.25048998236)
PVTTABLE POINT = (52000000,6.08,449.662482803075,449.662482803075,2.25090337968809E-06,2.25090337968809E-06,-1.2477760340037,-1.2477760340037,1,5.82275415340521E-05,5.82275415340521E-05,2464.85113734523,2464.85113734523,-278831.454602446,-278831.454602446,0.12139071188748,0.12139071188748,100000000000,-2531.22116024346,-2531.22116024346)
PVTTABLE POINT = (52000000,7.44,447.96656227876,447.96656227876,2.27178037061035E-06,2.27178037061035E-06,-1.24620617646283,-1.24620617646283,1,5.77863486728647E-05,5.77863486728647E-05,2466.92983237682,2466.92983237682,-275477.839585094,-275477.839585094,0.120740002731587,0.120740002731587,100000000000,-2519.24009322146,-2519.24009322146)
PVTTABLE POINT = (52000000,8.8,446.272852344068,446.272852344068,2.29256773955551E-06,2.29256773955551E-06,-1.24452527494966,-1.24452527494966,1,5.73535082494509E-05,5.73535082494509E-05,2468.97346743623,2468.97346743623,-272121.421352773,-272121.421352773,0.120098144138143,0.120098144138143,100000000000,-2507.30699103616,-2507.30699103616)
PVTTABLE POINT = (52000000,10.16,444.581503562484,444.581503562484,2.31325944789377E-06,2.31325944789377E-06,-1.2427340119045,-1.2427340119045,1,5.69288394944144E-05,5.69288394944144E-05,2470.98179115873,2470.98179115873,-268762.247762012,-268762.247762012,0.119465100878846,0.119465100878846,100000000000,-2495.42156140278,-2495.42156140278)
PVTTABLE POINT = (52000000,11.52,442.892665523092,442.892665523092,2.33384950804255E-06,2.33384950804255E-06,-1.24083313770484,-1.24083313770484,1,5.65121651269192E-05,5.65121651269192E-05,2472.9545878467,2472.9545878467,-265400.36698695,-265400.36698695,0.118840836239367,0.118840836239367,100000000000,-2483.58351735422,-2483.58351735422)
PVTTABLE POINT = (52000000,12.88,441.206486748719,441.206486748719,2.35433199011262E-06,2.35433199011262E-06,-1.23882346984807,-1.23882346984807,1,5.61033113252593E-05,5.61033113252593E-05,2474.89167751939,2474.89167751939,-262035.827470789,-262035.827470789,0.118225312028306,0.118225312028306,100000000000,-2471.79257696952,-2471.79257696952)
PVTTABLE POINT = (52000000,14.24,439.523114605277,439.523114605277,2.37470102846402E-06,2.37470102846402E-06,-1.23670589201976,-1.23670589201976,1,5.57021076963388E-05,5.57021076963388E-05,2476.79291590352,2476.79291590352,-258668.67787722,-258668.67787722,0.117618488588926,0.117618488588926,100000000000,-2460.0484631087,-2460.0484631087)
PVTTABLE POINT = (52000000,15.6,437.842695212443,437.842695212443,2.39495082815595E-06,2.39495082815595E-06,-1.23448135304987,-1.23448135304987,1,5.53083872440981E-05,5.53083872440981E-05,2478.65819436463,2478.65819436463,-255298.9670419,-255298.9670419,0.117020324813605,0.117020324813605,100000000000,-2448.35090315405,-2448.35090315405)
PVTTABLE POINT = (52000000,16.96,436.165373355835,436.165373355835,2.41507567127446E-06,2.41507567127446E-06,-1.2321508657595,-1.2321508657595,1,5.49219863369173E-05,5.49219863369173E-05,2480.48743977937,2480.48743977937,-251926.743924063,-251926.743924063,0.116430778160915,0.116430778160915,100000000000,-2436.69962875791,-2436.69962875791)
PVTTABLE POINT = (52000000,18.32,434.491292400826,434.491292400826,2.43506992312292E-06,2.43506992312292E-06,-1.22971550570112,-1.22971550570112,1,5.454274467403E-05,5.454274467403E-05,2482.28061434913,2482.28061434913,-248552.057558346,-248552.057558346,0.115849804675263,0.115849804675263,100000000000,-2425.09437559715,-2425.09437559715)
PVTTABLE POINT = (52000000,19.68,432.82059420815,432.82059420815,2.45492803826004E-06,2.45492803826004E-06,-1.22717640979573,-1.22717640979573,1,5.41705052509828E-05,5.41705052509828E-05,2484.03771535562,2484.03771535562,-245174.957006908,-245174.957006908,0.115277359008979,0.115277359008979,100000000000,-2413.53488313432,-2413.53488313432)
PVTTABLE POINT = (52000000,21.04,431.153419051419,431.153419051419,2.47464456637125E-06,2.47464456637125E-06,-1.22453477487053,-1.22453477487053,1,5.38051143241738E-05,5.38051143241738E-05,2485.75877485915,2485.75877485915,-241795.491311914,-241795.491311914,0.114713394446762,0.114713394446762,100000000000,-2402.02089438558,-2402.02089438558)
PVTTABLE POINT = (52000000,22.4,429.489905536702,429.489905536702,2.49421415795965E-06,2.49421415795965E-06,-1.2217918561012,-1.2217918561012,1,5.34464213745067E-05,5.34464213745067E-05,2487.44385934052,2487.44385934052,-238413.709448482,-238413.709448482,0.114157862932374,0.114157862932374,100000000000,-2390.55215569561,-2390.55215569561)
PVTTABLE POINT = (52000000,23.76,427.830190524281,427.830190524281,2.5136315698433E-06,2.5136315698433E-06,-1.21894896536292,-1.21894896536292,1,5.30942790701954E-05,5.30942790701954E-05,2489.09306928769,2489.09306928769,-235029.660278137,-235029.660278137,0.113610715097462,0.113610715097462,100000000000,-2379.1284165193,-2379.1284165193)
PVTTABLE POINT = (52000000,25.12,426.17440905271,426.17440905271,2.5328916704466E-06,2.5328916704466E-06,-1.21600746949489,-1.21600746949489,1,5.27485432287578E-05,5.27485432287578E-05,2490.70653872861,2490.70653872861,-231643.392502881,-231643.392502881,0.113071900292395,0.113071900292395,100000000000,-2367.74942921059,-2367.74942921059)
PVTTABLE POINT = (52000000,26.48,424.522694265295,424.522694265295,2.55198944487395E-06,2.55198944487395E-06,-1.21296878848293,-1.21296878848293,1,5.24090727782361E-05,5.24090727782361E-05,2492.28443471149,2492.28443471149,-228254.95461992,-228254.95461992,0.112541366618989,0.112541366618989,100000000000,-2356.41494881825,-2356.41494881825)
PVTTABLE POINT = (52000000,27.84,422.875177339086,422.875177339086,2.57091999975499E-06,2.57091999975499E-06,-1.20983439356545,-1.20983439356545,1,5.20757297176798E-05,5.20757297176798E-05,2493.82695673439,2493.82695673439,-224864.394877142,-224864.394877142,0.112019060964988,0.112019060964988,100000000000,-2345.12473288883,-2345.12473288883)
PVTTABLE POINT = (52000000,29.2,421.23198741651,421.23198741651,2.58967856785135E-06,2.58967856785135E-06,-1.20660580526783,-1.20660580526783,1,5.17483790769344E-05,5.17483790769344E-05,2495.3343361257,2495.3343361257,-221471.7612294,-221471.7612294,0.111504929040182,0.111504929040182,100000000000,-2333.87854127669,-2333.87854127669)
PVTTABLE POINT = (52000000,30.56,419.593251539712,419.593251539712,2.60826051241571E-06,2.60826051241571E-06,-1.20328459137072,-1.20328459137072,1,5.14268888757722E-05,5.14268888757722E-05,2496.80683537764,2496.80683537764,-218077.10129567,-218077.10129567,0.110998915414024,0.110998915414024,100000000000,-2322.67613596118,-2322.67613596118)
PVTTABLE POINT = (52000000,31.92,417.959094587702,417.959094587702,2.62666133129513E-06,2.62666133129513E-06,-1.19987236481789,-1.19987236481789,1,5.11111300824073E-05,5.11111300824073E-05,2498.24474743462,2498.24474743462,-214680.46231715,-214680.46231715,0.110500963554601,0.110500963554601,100000000000,-2311.51728087099,-2311.51728087099)
PVTTABLE POINT = (52000000,33.28,416.329639216393,416.329639216393,2.64487666077118E-06,2.64487666077118E-06,-1.19637078156925,-1.19637078156925,1,5.08009765714354E-05,5.08009765714354E-05,2499.64839493888,2499.64839493888,-211281.891116349,-211281.891116349,0.110011015868854,0.110011015868854,100000000000,-2300.40174171573,-2300.40174171573)
PVTTABLE POINT = (52000000,34.64,414.705005801579,414.705005801579,2.66290227913062E-06,2.66290227913062E-06,-1.19278153840493,-1.19278153840493,1,5.04963050812394E-05,5.04963050812394E-05,2501.01812943554,2501.01812943554,-207881.434057237,-207881.434057237,0.109529013743883,0.109529013743883,100000000000,-2289.32928582451,-2289.32928582451)
PVTTABLE POINT = (52000000,36,413.085312384945,413.085312384945,2.68073410996132E-06,2.68073410996132E-06,-1.18910637068629,-1.18910637068629,1,5.01969951709035E-05,5.01969951709035E-05,2502.3543305395,2502.3543305395,-204479.1370065,-204479.1370065,0.109054897589221,0.109054897589221,100000000000,-2278.29968199188,-2278.29968199188)
PVTTABLE POINT = (52000000,37.36,411.470674623135,411.470674623135,2.69836822516876E-06,2.69836822516876E-06,-1.18534705007983,-1.18534705007983,1,4.99029291766775E-05,4.99029291766775E-05,2503.65740506674,2503.65740506674,-201075.045295948,-201075.045295948,0.108588606879948,0.108588606879948,100000000000,-2267.31270033071,-2267.31270033071)
PVTTABLE POINT = (52000000,38.72,409.861205739947,409.861205739947,2.71580084771006E-06,2.71580084771006E-06,-1.18150538224988,-1.18150538224988,1,4.96139921680337E-05,4.96139921680337E-05,2504.92778613249,2504.92778613249,-197669.203686138,-197669.203686138,0.108130080200506,0.108130080200506,100000000000,-2256.36811213224,-2256.36811213224)
PVTTABLE POINT = (52000000,40.08,408.257016481677,408.257016481677,2.73302835404268E-06,2.73302835404268E-06,-1.17758320452623,-1.17758320452623,1,4.93300719033598E-05,4.93300719033598E-05,2506.16593221896,2506.16593221896,-194261.656331228,-194261.656331228,0.107679255289094,0.107679255289094,100000000000,-2245.46568973316,-2245.46568973316)
PVTTABLE POINT = (52000000,41.44,406.65821507565,406.65821507565,2.75004727628661E-06,2.75004727628661E-06,-1.17358238355242,-1.17358238355242,1,4.90510587853303E-05,4.90510587853303E-05,2507.37232621531,2507.37232621531,-190852.446745137,-190852.446745137,0.107236069082522,0.107236069082522,100000000000,-2234.60520638963,-2234.60520638963)
PVTTABLE POINT = (52000000,42.8,405.064907191964,405.064907191964,2.76685430409926E-06,2.76685430409926E-06,-1.16950481292081,-1.16950481292081,1,4.87768458159997E-05,4.87768458159997E-05,2508.5474744325,2508.5474744325,-187441.617769014,-187441.617769014,0.1068004577614,0.1068004577614,100000000000,-2223.7864361583,-2223.7864361583)
PVTTABLE POINT = (52000000,44.16,403.477195908449,403.477195908449,2.78344628626361E-06,2.78344628626361E-06,-1.16535241080007,-1.16535241080007,1,4.85073285516602E-05,4.85073285516602E-05,2509.69190559591,2509.69190559591,-184029.211540068,-184029.211540068,0.10637235679555,0.10637235679555,100000000000,-2213.00915378405,-2213.00915378405)
PVTTABLE POINT = (52000000,45.52,401.895181678861,401.895181678861,2.79982023199082E-06,2.79982023199082E-06,-1.16112711756093,-1.16112711756093,1,4.82424050575073E-05,4.82424050575073E-05,2510.80616981837,2510.80616981837,-180615.26946178,-180615.26946178,0.105951700989523,0.105951700989523,100000000000,-2202.27313459455,-2202.27313459455)
PVTTABLE POINT = (52000000,46.88,400.318962304296,400.318962304296,2.81597331193946E-06,2.81597331193946E-06,-1.15683089340578,-1.15683089340578,1,4.79819758621544E-05,4.79819758621544E-05,2511.89083755641,2511.89083755641,-177199.832175527,-177199.832175527,0.105538424528128,0.105538424528128,100000000000,-2191.57815440149,-2191.57815440149)
PVTTABLE POINT = (52000000,48.24,398.748632907829,398.748632907829,2.83190285895446E-06,2.83190285895446E-06,-1.15246571600757,-1.15246571600757,1,4.77259439120419E-05,4.77259439120419E-05,2512.94649855248,2512.94649855248,-173782.939533625,-173782.939533625,0.105132461021845,0.105132461021845,100000000000,-2180.92398940834,-2180.92398940834)
PVTTABLE POINT = (52000000,49.6,397.184285912351,397.184285912351,2.84760636852963E-06,2.84760636852963E-06,-1.14803357816338,-1.14803357816338,1,4.74742145257792E-05,4.74742145257792E-05,2513.973760766,2513.973760766,-170364.630573837,-170364.630573837,0.104733743552061,0.104733743552061,100000000000,-2170.31041612451,-2170.31041612451)
PVTTABLE POINT = (52000000,50.96,395.626011021583,395.626011021583,2.86308149899825E-06,2.86308149899825E-06,-1.14353648546769,-1.14353648546769,1,4.72266953484633E-05,4.72266953484633E-05,2514.97324929569,2514.97324929569,-166944.943495321,-166944.943495321,0.104342204715996,0.104342204715996,100000000000,-2159.73721128586,-2159.73721128586)
PVTTABLE POINT = (52000000,52.32,394.073895204241,394.073895204241,2.87832607145733E-06,2.87832607145733E-06,-1.13897645401048,-1.13897645401048,1,4.69832963060148E-05,4.69832963060148E-05,2515.94560529613,2515.94560529613,-163523.915636059,-163523.915636059,0.103957776671267,0.103957776671267,100000000000,-2149.20415178149,-2149.20415178149)
PVTTABLE POINT = (52000000,53.68,392.528022681315,392.528022681315,2.89333806943142E-06,2.89333806943142E-06,-1.13435550810471,-1.13435550810471,1,4.67439295595709E-05,4.67439295595709E-05,2516.89148489102,2516.89148489102,-160101.583451763,-160101.583451763,0.103580391179984,0.103580391179984,100000000000,-2138.71101458637,-2138.71101458637)
PVTTABLE POINT = (52000000,55.04,390.988474916402,390.988474916402,2.90811563828284E-06,2.90811563828284E-06,-1.12967567804793,-1.12967567804793,1,4.65085094599752E-05,4.65085094599752E-05,2517.81155808578,2517.81155808578,-156677.98249625,-156677.98249625,0.103209979652316,0.103209979652316,100000000000,-2128.25757670011,-2128.25757670011)
PVTTABLE POINT = (52000000,56.4,389.45533060908,389.45533060908,2.92265708437558E-06,2.92265708437558E-06,-1.12493899792203,-1.12493899792203,1,4.62769525024035E-05,4.62769525024035E-05,2518.70650768188,2518.70650768188,-153253.147403311,-153253.147403311,0.102846473189444,0.102846473189444,100000000000,-2117.84361509133,-2117.84361509133)
PVTTABLE POINT = (52000000,57.76,387.928665691224,387.928665691224,2.93696087400084E-06,2.93696087400084E-06,-1.12014750343552,-1.12014750343552,1,4.60491772811624E-05,4.60491772811624E-05,2519.57702819546,2519.57702819546,-149827.111870034,-149827.111870034,0.102489802625844,0.102489802625844,100000000000,-2107.46890664776,-2107.46890664776)
PVTTABLE POINT = (52000000,59.12,386.408553326239,386.408553326239,2.9510256320726E-06,2.9510256320726E-06,-1.11530322981182,-1.11530322981182,1,4.58251044446993E-05,4.58251044446993E-05,2520.42382478251,2520.42382478251,-146399.908641611,-146399.908641611,0.102139898570837,0.102139898570837,100000000000,-2097.13322813164,-2097.13322813164)
PVTTABLE POINT = (52000000,60.48,384.895063911129,384.895063911129,2.96485014060208E-06,2.96485014060208E-06,-1.11040820972742,-1.11040820972742,1,4.56046566508572E-05,4.56046566508572E-05,2521.24761217285,2521.24761217285,-142971.56949759,-142971.56949759,0.101796691449345,0.101796691449345,100000000000,-2086.83635614057,-2086.83635614057)
PVTTABLE POINT = (52000000,61.84,383.388265081329,383.388265081329,2.97843333696043E-06,2.97843333696043E-06,-1.10546447130295,-1.10546447130295,1,4.53877585224119E-05,4.53877585224119E-05,2522.04911361509,2522.04911361509,-139542.125239576,-139542.125239576,0.10146011154181,0.10146011154181,100000000000,-2076.57806707334,-2076.57806707334)
PVTTABLE POINT = (52000000,63.2,381.888221718241,381.888221718241,2.99177431193916E-06,2.99177431193916E-06,-1.1004740361503,-1.1004740361503,1,4.51743366029223E-05,4.51743366029223E-05,2522.82905983469,2522.82905983469,-136111.605680356,-136111.605680356,0.101130089023221,0.101130089023221,100000000000,-2066.35813710076,-2066.35813710076)
PVTTABLE POINT = (52000000,64.56,380.394995959374,380.394995959374,3.00487230761853E-06,3.00487230761853E-06,-1.0954389174786,-1.0954389174786,1,4.49643193129277E-05,4.49643193129277E-05,2523.58818800689,2523.58818800689,-132680.039634423,-132680.039634423,0.100806554001216,0.100806554001216,100000000000,-2056.17634214129,-2056.17634214129)
PVTTABLE POINT = (52000000,65.92,378.908647211032,378.908647211032,3.01772671505377E-06,3.01772671505377E-06,-1.09036111826138,-1.09036111826138,1,4.47576369065237E-05,4.47576369065237E-05,2524.32724074655,2524.32724074655,-129247.454909907,-129247.454909907,0.100489436553221,0.100489436553221,100000000000,-2046.03245784112,-2046.03245784112)
PVTTABLE POINT = (52000000,67.28,377.429232163438,377.429232163438,3.0303370717898E-06,3.0303370717898E-06,-1.08524262946728,-1.08524262946728,1,4.45542214283444E-05,4.45542214283444E-05,2525.04696511659,2525.04696511659,-125813.87830184,-125813.87830184,0.10017866676259,0.10017866676259,100000000000,-2035.92625955883,-2035.92625955883)
PVTTABLE POINT = (52000000,68.64,375.956804808232,375.956804808232,3.04270305921494E-06,3.04270305921494E-06,-1.08008542835628,-1.08008542835628,1,4.43540066709802E-05,4.43540066709802E-05,2525.74811165648,2525.74811165648,-122379.335586777,-122379.335586777,9.98741747537164E-02,9.98741747537164E-02,100000000000,-2025.85752235413,-2025.85752235413)
PVTTABLE POINT = (52600000,2,456.064944022658,456.064944022658,2.15553241254903E-06,2.15553241254903E-06,-1.24257471507703,-1.24257471507703,1,6.00049741568968E-05,6.00049741568968E-05,2453.65079768581,2453.65079768581,-288550.271329183,-288550.271329183,0.123961410781121,0.123961410781121,100000000000,-2571.06316927983,-2571.06316927983)
PVTTABLE POINT = (52600000,3.36,454.375848524106,454.375848524106,2.17624221196848E-06,2.17624221196848E-06,-1.24137088348362,-1.24137088348362,1,5.95348057544483E-05,5.95348057544483E-05,2455.82982732454,2455.82982732454,-285211.820815443,-285211.820815443,0.123284063600322,0.123284063600322,100000000000,-2558.95985905464,-2558.95985905464)
PVTTABLE POINT = (52600000,4.72,452.688465091362,452.688465091362,2.19688351997499E-06,2.19688351997499E-06,-1.24005704284862,-1.24005704284862,1,5.90735873231473E-05,5.90735873231473E-05,2457.97612367791,2457.97612367791,-281870.429038456,-281870.429038456,0.122615620226519,0.122615620226519,100000000000,-2546.90532142149,-2546.90532142149)
PVTTABLE POINT = (52600000,6.08,451.002943029374,451.002943029374,2.21745041545491E-06,2.21745041545491E-06,-1.23863365631543,-1.23863365631543,1,5.86211277398545E-05,5.86211277398545E-05,2460.08933671646,2460.08933671646,-278526.140757318,-278526.140757318,0.121956049857091,0.121956049857091,100000000000,-2534.89924080661,-2534.89924080661)
PVTTABLE POINT = (52600000,7.44,449.319430967772,449.319430967772,2.23793700649711E-06,2.23793700649711E-06,-1.23710125378404,-1.23710125378404,1,5.81772394187199E-05,5.81772394187199E-05,2462.16915014149,2462.16915014149,-275179.001184258,-275179.001184258,0.121305320234988,0.121305320234988,100000000000,-2522.94130785502,-2522.94130785502)
PVTTABLE POINT = (52600000,8.8,447.63807677038,447.63807677038,2.258337436831E-06,2.258337436831E-06,-1.23546043146042,-1.23546043146042,1,5.77417382855033E-05,5.77417382855033E-05,2464.21528159367,2464.21528159367,-271829.055938609,-271829.055938609,0.120663397648778,0.120663397648778,100000000000,-2511.03121914662,-2511.03121914662)
PVTTABLE POINT = (52600000,10.16,445.959027445405,445.959027445405,2.27864589222635E-06,2.27864589222635E-06,-1.23371185129412,-1.23371185129412,1,5.73144437507457E-05,5.73144437507457E-05,2466.22748280704,2466.22748280704,-268476.351000548,-268476.351000548,0.120030246935498,0.120030246935498,100000000000,-2499.16867691832,-2499.16867691832)
PVTTABLE POINT = (52600000,11.52,444.282429056472,444.282429056472,2.29885660683953E-06,2.29885660683953E-06,-1.23185624030523,-1.23185624030523,1,5.68951786818245E-05,5.68951786818245E-05,2468.20553970772,2468.20553970772,-265120.932664647,-265120.932664647,0.119405831486289,0.119405831486289,100000000000,-2487.35338879204,-2487.35338879204)
PVTTABLE POINT = (52600000,12.88,442.608426634647,442.608426634647,2.31896386949069E-06,2.31896386949069E-06,-1.22989438980204,-1.22989438980204,1,5.64837693739223E-05,5.64837693739223E-05,2470.14927245728,2470.14927245728,-261762.847493342,-261762.847493342,0.118790113254768,0.118790113254768,100000000000,-2475.58506750901,-2475.58506750901)
PVTTABLE POINT = (52600000,14.24,440.937164091599,440.937164091599,2.33896202985672E-06,2.33896202985672E-06,-1.22782715449121,-1.22782715449121,1,5.60800455199408E-05,5.60800455199408E-05,2472.05853544028,2472.05853544028,-258402.142270373,-258402.142270373,0.118183052768093,0.118183052768093,100000000000,-2463.86343067026,-2463.86343067026)
PVTTABLE POINT = (52600000,15.6,439.268784134047,439.268784134047,2.35884550456495E-06,2.35884550456495E-06,-1.22565545148268,-1.22565545148268,1,5.56838401793922E-05,5.56838401793922E-05,2473.93321719625,2473.93321719625,-255038.863954282,-255038.863954282,0.117584609140646,0.117584609140646,100000000000,-2452.18820048339,-2452.18820048339)
PVTTABLE POINT = (52600000,16.96,437.603428179617,437.603428179617,2.37860878317311E-06,2.37860878317311E-06,-1.22338025919164,-1.22338025919164,1,5.52949897462991E-05,5.52949897462991E-05,2475.77324029607,2475.77324029607,-251673.059632036,-251673.059632036,0.116994740090269,0.116994740090269,100000000000,-2440.55910351579,-2440.55910351579)
PVTTABLE POINT = (52600000,18.32,435.941236274279,435.941236274279,2.3982464340211E-06,2.3982464340211E-06,-1.22100261614059,-1.22100261614059,1,5.4913333916138E-05,5.4913333916138E-05,2477.57856116342,2477.57856116342,-248304.776472863,-248304.776472863,0.116413401956979,0.116413401956979,100000000000,-2428.97587045426,-2428.97587045426)
PVTTABLE POINT = (52600000,19.68,434.282347011468,434.282347011468,2.41775310994092E-06,2.41775310994092E-06,-1.2185236196644,-1.2185236196644,1,5.45387156518579E-05,5.45387156518579E-05,2479.34916984149,2479.34916984149,-244934.061682368,-244934.061682368,0.115840549724055,0.115840549724055,100000000000,-2417.43823587128,-2417.43823587128)
PVTTABLE POINT = (52600000,21.04,432.626897453032,432.626897453032,2.43712355381123E-06,2.43712355381123E-06,-1.21594442452198,-1.21594442452198,1,5.4170981149009E-05,5.4170981149009E-05,2481.08508970604,2481.08508970604,-241560.962456988,-241560.962456988,0.115276137041426,0.115276137041426,100000000000,-2405.94593799785,-2405.94593799785)
PVTTABLE POINT = (52600000,22.4,430.975023052133,430.975023052133,2.45635260394399E-06,2.45635260394399E-06,-1.21326624141819,-1.21326624141819,1,5.38099798000165E-05,5.38099798000165E-05,2482.78637712537,2482.78637712537,-238185.525938902,-238185.525938902,0.114720116251229,0.114720116251229,100000000000,-2394.49871850299,-2394.49871850299)
PVTTABLE POINT = (52600000,23.76,429.326857578208,429.326857578208,2.47543519929082E-06,2.47543519929082E-06,-1.21049033543998,-1.21049033543998,1,5.34555641576339E-05,5.34555641576339E-05,2484.45312106853,2484.45312106853,-234807.799171403,-234807.799171403,0.114172438415453,0.114172438415453,100000000000,-2383.09632228004,-2383.09632228004)
PVTTABLE POINT = (52600000,25.12,427.68253304413,427.68253304413,2.49436638445757E-06,2.49436638445757E-06,-1.20761802441115,-1.20761802441115,1,5.31075898976138E-05,5.31075898976138E-05,2486.08544266279,2486.08544266279,-231427.829054872,-231427.829054872,0.113633053345545,0.113633053345545,100000000000,-2371.73849723972,-2371.73849723972)
PVTTABLE POINT = (52600000,26.48,426.042179635637,426.042179635637,2.51314131451645E-06,2.51314131451645E-06,-1.20465067716994,-1.20465067716994,1,5.27659157806297E-05,5.27659157806297E-05,2487.68349470195,2487.68349470195,-228045.662303362,-228045.662303362,0.113101909633854,0.113101909633854,100000000000,-2360.42499411,-2360.42499411)
PVTTABLE POINT = (52600000,27.84,424.405925643173,424.405925643173,2.53175525960524E-06,2.53175525960524E-06,-1.20158971177448,-1.20158971177448,1,5.24304036134893E-05,5.24304036134893E-05,2489.24746110672,2489.24746110672,-224661.345401899,-224661.345401899,0.112578954686807,0.112578954686807,100000000000,-2349.15556624288,-2349.15556624288)
PVTTABLE POINT = (52600000,29.2,422.773897396205,422.773897396205,2.55020360930478E-06,2.55020360930478E-06,-1.19843659364067,-1.19843659364067,1,5.21009182096746E-05,5.21009182096746E-05,2490.77755633922,2490.77755633922,-221274.924564536,-221274.924564536,0.112064134759675,0.112064134759675,100000000000,-2337.92996942807,-2337.92996942807)
PVTTABLE POINT = (52600000,30.56,421.146219200117,421.146219200117,2.56848187678562E-06,2.56848187678562E-06,-1.19519283361777,-1.19519283361777,1,5.17773273492492E-05,5.17773273492492E-05,2492.27402477299,2492.27402477299,-217886.445693246,-217886.445693246,0.111557394992818,0.111557394992818,100000000000,-2326.74796171347,-2326.74796171347)
PVTTABLE POINT = (52600000,31.92,419.523013275764,419.523013275764,2.58658570271666E-06,2.58658570271666E-06,-1.19185998600677,-1.19185998600677,1,5.14595017381697E-05,5.14595017381697E-05,2493.73714002079,2493.73714002079,-214495.954337695,-214495.954337695,0.111058679449274,0.111058679449274,100000000000,-2315.60930323276,-2315.60930323276)
PVTTABLE POINT = (52600000,33.28,417.904399701754,417.904399701754,2.60451085892852E-06,2.60451085892852E-06,-1.1884396465269,-1.1884396465269,1,5.11473149670426E-05,5.11473149670426E-05,2495.1672042219,2495.1672042219,-211103.495655951,-211103.495655951,0.110567931153562,0.110567931153562,100000000000,-2304.51375603973,-2304.51375603973)
PVTTABLE POINT = (52600000,34.64,416.290496359528,416.290496359528,2.62225325182603E-06,2.62225325182603E-06,-1.1849334502357,-1.1849334502357,1,5.08406434693642E-05,5.08406434693642E-05,2496.56454729134,2496.56454729134,-207709.114376199,-207709.114376199,0.110085092131576,0.110085092131576,100000000000,-2293.46108394958,-2293.46108394958)
PVTTABLE POINT = (52600000,36,414.681418881299,414.681418881299,2.63980892554435E-06,2.63980892554435E-06,-1.18134306940811,-1.18134306940811,1,5.05393664792865E-05,5.05393664792865E-05,2497.92952613302,2497.92952613302,-204312.854759497,-204312.854759497,0.109610103451443,0.109610103451443,100000000000,-2282.45105238716,-2282.45105238716)
PVTTABLE POINT = (52600000,37.36,413.077280600899,413.077280600899,2.6571740648449E-06,2.6571740648449E-06,-1.17767021138016,-1.17767021138016,1,5.02433659889463E-05,5.02433659889463E-05,2499.26252381927,2499.26252381927,-200914.760563624,-200914.760563624,0.109142905265207,0.109142905265207,100000000000,-2271.48342824203,-2271.48342824203)
PVTTABLE POINT = (52600000,38.72,411.478192507577,411.478192507577,2.67434499774749E-06,2.67434499774749E-06,-1.17391661636278,-1.17391661636278,1,4.99525267054017E-05,4.99525267054017E-05,2500.56394873902,2500.56394873902,-197514.875008065,-197514.875008065,0.108683436851238,0.108683436851238,100000000000,-2260.55797973028,-2260.55797973028)
PVTTABLE POINT = (52600000,40.08,409.884263202793,409.884263202793,2.69131819789638E-06,2.69131819789638E-06,-1.1700840552313,-1.1700840552313,1,4.96667360072142E-05,4.96667360072142E-05,2501.83423371714,2501.83423371714,-194113.240740183,-194113.240740183,0.108231636657214,0.108231636657214,100000000000,-2249.67447626323,-2249.67447626323)
PVTTABLE POINT = (52600000,41.44,408.295598860028,408.295598860028,2.70809028665872E-06,2.70809028665872E-06,-1.16617432729624,-1.16617432729624,1,4.93858839007183E-05,4.93858839007183E-05,2503.07383510749,2503.07383510749,-190709.89980259,-190709.89980259,0.107787442343587,0.107787442343587,100000000000,-2238.83268832279,-2238.83268832279)
PVTTABLE POINT = (52600000,42.8,406.712303187632,406.712303187632,2.72465803495461E-06,2.72465803495461E-06,-1.16218925806079,-1.16218925806079,1,4.91098629760209E-05,4.91098629760209E-05,2504.28323186198,2504.28323186198,-187304.893601786,-187304.893601786,0.107350790827394,0.107350790827394,100000000000,-2228.03238734351,-2228.03238734351)
PVTTABLE POINT = (52600000,44.16,405.134477394738,405.134477394738,2.74101836481908E-06,2.74101836481908E-06,-1.15813069697049,-1.15813069697049,1,4.88385683627695E-05,4.88385683627695E-05,2505.46292457852,2505.46292457852,-183898.262878068,-183898.262878068,0.106921618326311,0.106921618326311,100000000000,-2217.27334560113,-2217.27334560113)
PVTTABLE POINT = (52600000,45.52,403.562220160226,403.562220160226,2.757168350697E-06,2.757168350697E-06,-1.15400051516047,-1.15400051516047,1,4.85718976857316E-05,4.85718976857316E-05,2506.61343453013,2506.61343453013,-180490.04767675,-180490.04767675,0.106499860402844,0.106499860402844,100000000000,-2206.55533610775,-2206.55533610775)
PVTTABLE POINT = (52600000,46.88,401.99562760476,401.99562760476,2.77310522047267E-06,2.77310522047267E-06,-1.14980060320543,-1.14980060320543,1,4.83097510202253E-05,4.83097510202253E-05,2507.73530267798,2507.73530267798,-177080.287320713,-177080.287320713,0.106085452008542,0.106085452008542,100000000000,-2195.87813251326,-2195.87813251326)
PVTTABLE POINT = (52600000,48.24,400.434793265876,400.434793265876,2.78882635623687E-06,2.78882635623687E-06,-1.1455328688775,-1.1455328688775,1,4.80520308474424E-05,4.80520308474424E-05,2508.82908867083,2508.82908867083,-173669.020384309,-173669.020384309,0.105678327528144,0.105678327528144,100000000000,-2185.24150901321,-2185.24150901321)
PVTTABLE POINT = (52600000,49.6,398.879808076106,398.879808076106,2.80432929479465E-06,2.80432929479465E-06,-1.14119923491701,-1.14119923491701,1,4.77986420097028E-05,4.77986420097028E-05,2509.8953698335,2509.8953698335,-170256.284668636,-170256.284668636,0.105278420823563,0.105278420823563,100000000000,-2174.64524026276,-2174.64524026276)
PVTTABLE POINT = (52600000,50.96,397.330760344136,397.330760344136,2.81961172791806E-06,2.81961172791806E-06,-1.13680163682092,-1.13680163682092,1,4.75494916656808E-05,4.75494916656808E-05,2510.93474014682,2510.93474014682,-166842.117178184,-166842.117178184,0.1048856652776,0.1048856652776,100000000000,-2164.08910129681,-2164.08910129681)
PVTTABLE POINT = (52600000,52.32,395.787735738939,395.787735738939,2.83467150234853E-06,2.83467150234853E-06,-1.13234202065359,-1.13234202065359,1,4.73044892456424E-05,4.73044892456424E-05,2511.94780922163,2511.94780922163,-163426.554098885,-163426.554098885,0.104499993837333,0.104499993837333,100000000000,-2153.572867456,-2153.572867456)
PVTTABLE POINT = (52600000,53.68,394.250817276886,394.250817276886,2.8495066195545E-06,2.8495066195545E-06,-1.12782234088434,-1.12782234088434,1,4.70635464067312E-05,4.70635464067312E-05,2512.9352012692,2512.9352012692,-160009.630777558,-160009.630777558,0.104121339057074,0.104121339057074,100000000000,-2143.0963143186,-2143.0963143186)
PVTTABLE POINT = (52600000,55.04,392.72008531176,392.72008531176,2.86411523525026E-06,2.86411523525026E-06,-1.12324455825606,-1.12324455825606,1,4.68265769883423E-05,4.68265769883423E-05,2513.89755407055,2513.89755407055,-156591.381702747,-156591.381702747,0.103749633140827,0.103749633140827,100000000000,-2132.65921763807,-2132.65921763807)
PVTTABLE POINT = (52600000,56.4,391.19561752766,391.19561752766,2.87849565868264E-06,2.87849565868264E-06,-1.11861063768895,-1.11861063768895,1,4.65934969676194E-05,4.65934969676194E-05,2514.83551794698,2514.83551794698,-153171.840486973,-153171.840486973,0.103384807984187,0.103384807984187,100000000000,-2122.26135328617,-2122.26135328617)
PVTTABLE POINT = (52600000,57.76,389.677488934721,389.677488934721,2.89264635169287E-06,2.89264635169287E-06,-1.1139225462231,-1.1139225462231,1,4.63642244151127E-05,4.63642244151127E-05,2515.74975473399,2515.74975473399,-149751.039850371,-149751.039850371,0.103026795215593,0.103026795215593,100000000000,-2111.90249720149,-2111.90249720149)
PVTTABLE POINT = (52600000,59.12,388.165771867607,388.165771867607,2.90656592756101E-06,2.90656592756101E-06,-1.10918225100372,-1.10918225100372,1,4.61386794506323E-05,4.61386794506323E-05,2516.64093676101,2516.64093676101,-146329.011605731,-146329.011605731,0.102675526236901,0.102675526236901,100000000000,-2101.5824253432,-2101.5824253432)
PVTTABLE POINT = (52600000,60.48,386.660535986708,386.660535986708,2.92025314964128E-06,2.92025314964128E-06,-1.10439171731212,-1.10439171731212,1,4.59167841993319E-05,4.59167841993319E-05,2517.50974583872,2517.50974583872,-142905.786644913,-142905.786644913,0.102330932263197,0.102330932263197,100000000000,-2091.30091364994,-2091.30091364994)
PVTTABLE POINT = (52600000,61.84,385.161848281994,385.161848281994,2.9337069297966E-06,2.9337069297966E-06,-1.09955290664584,-1.09955290664584,1,4.56984627480553E-05,4.56984627480553E-05,2518.35687225636,2518.35687225636,-139481.394926635,-139481.394926635,0.101992944361817,0.101992944361817,100000000000,-2081.05773800361,-2081.05773800361)
PVTTABLE POINT = (52600000,63.2,383.66977307943,383.66977307943,2.9469263266412E-06,2.9469263266412E-06,-1.09466777485061,-1.09466777485061,1,4.54836411019789E-05,4.54836411019789E-05,2519.18301379067,2519.18301379067,-136055.865465621,-136055.865465621,0.10166149349052,0.10166149349052,100000000000,-2070.85267419794,-2070.85267419794)
PVTTABLE POINT = (52600000,64.56,382.184372049907,382.184372049907,2.95991054360052E-06,2.95991054360052E-06,-1.08973827030681,-1.08973827030681,1,4.527224714158E-05,4.527224714158E-05,2519.98887472843,2519.98887472843,-132629.226323079,-132629.226323079,0.101336510534774,0.101336510534774,100000000000,-2060.68549791172,-2060.68549791172)
PVTTABLE POINT = (52600000,65.92,380.705704220591,380.705704220591,2.9726589267975E-06,2.9726589267975E-06,-1.08476633217289,-1.08476633217289,1,4.50642105799632E-05,4.50642105799632E-05,2520.77516490437,2520.77516490437,-129201.504598508,-129201.504598508,0.101017926344121,0.101017926344121,100000000000,-2050.55598468637,-2050.55598468637)
PVTTABLE POINT = (52600000,67.28,379.233825988633,379.233825988633,2.98517096277518E-06,2.98517096277518E-06,-1.07975388868789,-1.07975388868789,1,4.48594629205702E-05,4.48594629205702E-05,2521.54259875601,2521.54259875601,-125772.726422795,-125772.726422795,0.100705671767587,0.100705671767587,100000000000,-2040.46390990785,-2040.46390990785)
PVTTABLE POINT = (52600000,68.64,377.76879113713,377.76879113713,2.99744627606504E-06,2.99744627606504E-06,-1.0747028555348,-1.0747028555348,1,4.46579374153029E-05,4.46579374153029E-05,2522.29189439699,2522.29189439699,-122342.916952589,-122342.916952589,0.100399677688105,0.100399677688105,100000000000,-2030.40904879264,-2030.40904879264)
PVTTABLE POINT = (53200000,2,457.34880110025,457.34880110025,2.12413213076765E-06,2.12413213076765E-06,-1.23350988759185,-1.23350988759185,1,6.04060382339874E-05,6.04060382339874E-05,2448.9988424983,2448.9988424983,-288216.407942767,-288216.407942767,0.12452298146247,0.12452298146247,100000000000,-2574.62444825534,-2574.62444825534)
PVTTABLE POINT = (53200000,3.36,455.672014783241,455.672014783241,2.14445496637531E-06,2.14445496637531E-06,-1.23233440235927,-1.23233440235927,1,5.99330666606136E-05,5.99330666606136E-05,2451.17488671323,2451.17488671323,-284884.286265854,-284884.286265854,0.123845734130118,0.123845734130118,100000000000,-2562.54408277141,-2562.54408277141)
PVTTABLE POINT = (53200000,4.72,453.996900232954,453.996900232954,2.16471193945076E-06,2.16471193945076E-06,-1.2310514770921,-1.2310514770921,1,5.94690785384812E-05,5.94690785384812E-05,2453.31950469946,2453.31950469946,-281549.22649795,-281549.22649795,0.123177348019109,0.123177348019109,100000000000,-2550.51238875041,-2550.51238875041)
PVTTABLE POINT = (53200000,6.08,452.323603267777,452.323603267777,2.18489734736257E-06,2.18489734736257E-06,-1.22966156375211,-1.22966156375211,1,5.90138830304949E-05,5.90138830304949E-05,2455.43235350043,2455.43235350043,-278211.271615592,-278211.271615592,0.122517792270097,0.122517792270097,100000000000,-2538.52904520664,-2538.52904520664)
PVTTABLE POINT = (53200000,7.44,450.652269047871,450.652269047871,2.20500551526105E-06,2.20500551526105E-06,-1.22816517829018,-1.22816517829018,1,5.85672928048881E-05,5.85672928048881E-05,2457.51312253633,2457.51312253633,-274870.465039748,-274870.465039748,0.1218670346093,0.1218670346093,100000000000,-2526.593737421,-2526.593737421)
PVTTABLE POINT = (53200000,8.8,448.983041988434,448.983041988434,2.22503080216322E-06,2.22503080216322E-06,-1.22656290020871,-1.22656290020871,1,5.81291240098382E-05,5.81291240098382E-05,2459.561533797,2459.561533797,-271526.850591645,-271526.850591645,0.121225041348291,0.121225041348291,100000000000,-2514.70615666272,-2514.70615666272)
PVTTABLE POINT = (53200000,10.16,447.316065673628,447.316065673628,2.24496760700171E-06,2.24496760700171E-06,-1.22485537201899,-1.22485537201899,1,5.76991962469635E-05,5.76991962469635E-05,2461.57734198343,2461.57734198343,-268180.472448376,-268180.472448376,0.12059177738649,0.12059177738649,100000000000,-2502.86599991709,-2502.86599991709)
PVTTABLE POINT = (53200000,11.52,445.651482771314,445.651482771314,2.26481037462307E-06,2.26481037462307E-06,-1.22304329859435,-1.22304329859435,1,5.72773325437332E-05,5.72773325437332E-05,2463.56033459731,2463.56033459731,-264831.37509834,-264831.37509834,0.119967206216349,0.119967206216349,100000000000,-2491.07296961898,-2491.07296961898)
PVTTABLE POINT = (53200000,12.88,443.989434948737,443.989434948737,2.28455360172134E-06,2.28455360172134E-06,-1.22112744642055,-1.22112744642055,1,5.68633593248222E-05,5.68633593248222E-05,2465.51033197822,2465.51033197822,-261479.603296606,-261479.603296606,0.119351289931173,0.119351289931173,100000000000,-2479.32677339257,-2479.32677339257)
PVTTABLE POINT = (53200000,14.24,442.330062789301,442.330062789301,2.30419184269259E-06,2.30419184269259E-06,-1.21910864274521,-1.21910864274521,1,5.64571063824412E-05,5.64571063824412E-05,2467.42718728856,2467.42718728856,-258125.202020259,-258125.202020259,0.118743989235546,0.118743989235546,100000000000,-2467.62712379711,-2467.62712379711)
PVTTABLE POINT = (53200000,15.6,440.673505710571,440.673505710571,2.32371971539681E-06,2.32371971539681E-06,-1.21698777462807,-1.21698777462807,1,5.60584068456737E-05,5.60584068456737E-05,2469.31078644602,2469.31078644602,-254768.216423797,-254768.216423797,0.118145263458289,0.118145263458289,100000000000,-2455.97373807891,-2455.97373807891)
PVTTABLE POINT = (53200000,16.96,439.019901883623,439.019901883623,2.34313190681335E-06,2.34313190681335E-06,-1.21476578789469,-1.21476578789469,1,5.56670971488527E-05,5.56670971488527E-05,2471.16104800391,2471.16104800391,-251408.691794662,-251408.691794662,0.117555070567891,0.117555070567891,100000000000,-2444.3663379296,-2444.3663379296)
PVTTABLE POINT = (53200000,18.32,437.369388153892,437.369388153892,2.36242317857683E-06,2.36242317857683E-06,-1.21244368599599,-1.21244368599599,1,5.5283016999009E-05,5.5283016999009E-05,2472.97792297968,2472.97792297968,-248046.673508964,-248046.673508964,0.116973367190342,0.116973367190342,100000000000,-2432.80464925067,-2432.80464925067)
PVTTABLE POINT = (53200000,19.68,435.722099963625,435.722099963625,2.38158837238054E-06,2.38158837238054E-06,-1.21002252877673,-1.21002252877673,1,5.49060093424247E-05,5.49060093424247E-05,2474.76139463212,2474.76139463212,-244682.206987481,-244682.206987481,0.116400108629268,0.116400108629268,100000000000,-2421.28840192453,-2421.28840192453)
PVTTABLE POINT = (53200000,21.04,434.078171276079,434.078171276079,2.40062241523516E-06,2.40062241523516E-06,-1.20750343115604,-1.20750343115604,1,5.45359203303258E-05,5.45359203303258E-05,2476.51147818802,2476.51147818802,-241315.337651981,-241315.337651981,0.115835248888297,0.115835248888297,100000000000,-2409.81732959184,-2409.81732959184)
PVTTABLE POINT = (53200000,22.4,432.437734501558,432.437734501558,2.41952032457068E-06,2.41952032457068E-06,-1.20488756172362,-1.20488756172362,1,5.41725992837462E-05,5.41725992837462E-05,2478.22822051896,2478.22822051896,-237946.110881971,-237946.110881971,0.11527874069554,0.11527874069554,100000000000,-2398.39116943555,-2398.39116943555)
PVTTABLE POINT = (53200000,23.76,430.800920425425,430.800920425425,2.43827721317046E-06,2.43827721317046E-06,-1.20217614125511,-1.20217614125511,1,5.38158986576E-05,5.38158986576E-05,2479.91169976941,2479.91169976941,-234574.571971898,-234574.571971898,0.114730535530106,0.114730535530106,100000000000,-2387.00966197134,-2387.00966197134)
PVTTABLE POINT = (53200000,25.12,429.167858138185,429.167858138185,2.45688829392647E-06,2.45688829392647E-06,-1.19937044115086,-1.19937044115086,1,5.34656740039959E-05,5.34656740039959E-05,2481.56202493718,2481.56202493718,-231200.766088907,-231200.766088907,0.114190583650517,0.114190583650517,100000000000,-2375.67255084477,-2375.67255084477)
PVTTABLE POINT = (53200000,26.48,427.538674967734,427.538674967734,2.47534888440581E-06,2.47534888440581E-06,-1.1964717818021,-1.1964717818021,1,5.3121783934829E-05,5.3121783934829E-05,2483.17933540746,2483.17933540746,-227824.738231184,-227824.738231184,0.113658834124937,0.113658834124937,100000000000,-2364.37958263494,-2364.37958263494)
PVTTABLE POINT = (53200000,27.84,425.913496413881,425.913496413881,2.49365441121898E-06,2.49365441121898E-06,-1.19348153088892,-1.19348153088892,1,5.27840900836875E-05,5.27840900836875E-05,2484.76380044208,2484.76380044208,-224446.533186974,-224446.533186974,0.113135234863078,0.113135234863078,100000000000,-2353.13050666493,-2353.13050666493)
PVTTABLE POINT = (53200000,29.2,424.292446085233,424.292446085233,2.5118004141812E-06,2.5118004141812E-06,-1.19040110161469,-1.19040110161469,1,5.24524570671098E-05,5.24524570671098E-05,2486.3156186252,2486.3156186252,-221066.195494322,-221066.195494322,0.112619732649674,0.112619732649674,100000000000,-2341.92507481884,-2341.92507481884)
PVTTABLE POINT = (53200000,30.56,422.675645638516,422.675645638516,2.52978255025888E-06,2.52978255025888E-06,-1.18723195088151,-1.18723195088151,1,5.21267524452296E-05,5.21267524452296E-05,2487.83501726746,2487.83501726746,-217683.769401595,-217683.769401595,0.112112273179412,0.112112273179412,100000000000,-2330.76304136549,-2330.76304136549)
PVTTABLE POINT = (53200000,31.92,421.063214720412,421.063214720412,2.547596597294E-06,2.547596597294E-06,-1.1839755774116,-1.1839755774116,1,5.1806846681846E-05,5.1806846681846E-05,2489.32225177009,2489.32225177009,-214299.298828845,-214299.298828845,0.111612801093171,0.111612801093171,100000000000,-2319.64416278895,-2319.64416278895)
PVTTABLE POINT = (53200000,33.28,419.455270911998,419.455270911998,2.56523845749986E-06,2.56523845749986E-06,-1.18063351981963,-1.18063351981963,1,5.14926131039578E-05,5.14926131039578E-05,2490.77760495112,2490.77760495112,-210912.827330051,-210912.827330051,0.111121260015474,0.111121260015474,100000000000,-2308.56819762558,-2308.56819762558)
PVTTABLE POINT = (53200000,34.64,417.851929675819,417.851929675819,2.58270416072274E-06,2.58270416072274E-06,-1.17720735464085,-1.17720735464085,1,5.1183927860798E-05,5.1183927860798E-05,2492.20138633536,2492.20138633536,-207524.398056318,-207524.398056318,0.110637592593016,0.110637592593016,100000000000,-2297.53490630784,-2297.53490630784)
PVTTABLE POINT = (53200000,36,416.253304305684,416.253304305684,2.59998986746454E-06,2.59998986746454E-06,-1.17369869432041,-1.17369869432041,1,5.08806698824105E-05,5.08806698824105E-05,2493.59393141061,2493.59393141061,-204134.053720059,-204134.053720059,0.110161740534145,0.110161740534145,100000000000,-2286.54405101475,-2286.54405101475)
PVTTABLE POINT = (53200000,37.36,414.659505879218,414.659505879218,2.61709187166231E-06,2.61709187166231E-06,-1.17010918516877,-1.17010918516877,1,5.0582720837804E-05,5.0582720837804E-05,2494.95560085186,2494.95560085186,-200741.836560204,-200741.836560204,0.109693644649182,0.109693644649182,100000000000,-2275.59539552895,-2275.59539552895)
PVTTABLE POINT = (53200000,38.72,413.070643213204,413.070643213204,2.63400660322175E-06,2.63400660322175E-06,-1.16644050528853,-1.16644050528853,1,5.02899650927253E-05,5.02899650927253E-05,2496.28677971601,2496.28677971601,-197347.788308493,-197347.788308493,0.109233244891451,0.109233244891451,100000000000,-2264.68870510028,-2264.68870510028)
PVTTABLE POINT = (53200000,40.08,411.486822821778,411.486822821778,2.65073063030193E-06,2.65073063030193E-06,-1.16269436247782,-1.16269436247782,1,5.00022896670896E-05,5.00022896670896E-05,2497.58787660912,2497.58787660912,-193951.95015688,-193951.95015688,0.108780480398907,0.108780480398907,100000000000,-2253.82374631603,-2253.82374631603)
PVTTABLE POINT = (53200000,41.44,409.908148877473,409.908148877473,2.66726066135004E-06,2.66726066135004E-06,-1.15887249211547,-1.15887249211547,1,4.97195841921073E-05,4.97195841921073E-05,2498.85932282876,2498.85932282876,-190554.362726085,-190554.362726085,0.108335289536249,0.108335289536249,100000000000,-2243.00028697753,-2243.00028697753)
PVTTABLE POINT = (53200000,42.8,408.334723175156,408.334723175156,2.68359354688513E-06,2.68359354688513E-06,-1.15497665503302,-1.15497665503302,1,4.94417408671473E-05,4.94417408671473E-05,2500.10157148361,2500.10157148361,-187155.066035331,-187155.066035331,0.107897609937398,0.107897609937398,100000000000,-2232.21809598323,-2232.21809598323)
PVTTABLE POINT = (53200000,44.16,406.766645098869,406.766645098869,2.69972628103099E-06,2.69972628103099E-06,-1.15100863537871,-1.15100863537871,1,4.9168654416375E-05,4.9168654416375E-05,2501.31509659272,2501.31509659272,-183754.099473292,-183754.099473292,0.107467378548237,0.107467378548237,100000000000,-2221.47694321807,-2221.47694321807)
PVTTABLE POINT = (53200000,45.52,405.204011591565,405.204011591565,2.71565600279906E-06,2.71565600279906E-06,-1.14697023847835,-1.14697023847835,1,4.89002220452051E-05,4.89002220452051E-05,2502.50039216695,2502.50039216695,-180351.501770276,-180351.501770276,0.107044531669505,0.107044531669505,100000000000,-2210.77659944916,-2210.77659944916)
PVTTABLE POINT = (53200000,46.88,403.646917127769,403.646917127769,2.73137999712274E-06,2.73137999712274E-06,-1.14286328869817,-1.14286328869817,1,4.86363433966078E-05,4.86363433966078E-05,2503.65797127488,2503.65797127488,-176947.31097167,-176947.31097167,0.106629004999746,0.106629004999746,100000000000,-2200.11683622757,-2200.11683622757)
PVTTABLE POINT = (53200000,48.24,402.095453689123,402.095453689123,2.74689569564554E-06,2.74689569564554E-06,-1.1386896273142,-1.1386896273142,1,4.83769205073062E-05,4.83769205073062E-05,2504.78836509554,2504.78836509554,-173541.564412664,-173541.564412664,0.106220733678214,0.106220733678214,100000000000,-2189.49742579622,-2189.49742579622)
PVTTABLE POINT = (53200000,49.6,400.549710742843,400.549710742843,2.76220067726599E-06,2.76220067726599E-06,-1.13445111039303,-1.13445111039303,1,4.81218577639051E-05,4.81218577639051E-05,2505.89212196053,2505.89212196053,-170134.298694274,-170134.298694274,0.10581965232764,0.10581965232764,100000000000,-2178.91814100376,-2178.91814100376)
PVTTABLE POINT = (53200000,50.96,399.009775223023,399.009775223023,2.77729266844298E-06,2.77729266844298E-06,-1.13014960668831,-1.13014960668831,1,4.7871061858987E-05,4.7871061858987E-05,2506.96980638762,2506.96980638762,-166725.549660667,-166725.549660667,0.105425695096777,0.105425695096777,100000000000,-2168.37875522423,-2168.37875522423)
PVTTABLE POINT = (53200000,52.32,397.475731514813,397.475731514813,2.79216954326594E-06,2.79216954326594E-06,-1.12578699555754,-1.12578699555754,1,4.76244417472142E-05,4.76244417472142E-05,2508.02199810847,2508.02199810847,-163315.352377808,-163315.352377808,0.105038795702635,0.105038795702635,100000000000,-2157.87904228261,-2157.87904228261)
PVTTABLE POINT = (53200000,53.68,395.947661441389,395.947661441389,2.80682932329452E-06,2.80682932329452E-06,-1.12136516490316,-1.12136516490316,1,4.73819086014726E-05,4.73819086014726E-05,2509.0492910925,2509.0492910925,-159903.74111344,-159903.74111344,0.104658887472327,0.104658887472327,100000000000,-2147.41877638578,-2147.41877638578)
PVTTABLE POINT = (53200000,55.04,394.425644253726,394.425644253726,2.8212701771736E-06,2.8212701771736E-06,-1.11688600914205,-1.11688600914205,1,4.71433757690954E-05,4.71433757690954E-05,2510.05229256924,2510.05229256924,-156490.749318372,-156490.749318372,0.104285903384461,0.104285903384461,100000000000,-2136.99773205916,-2136.99773205916)
PVTTABLE POINT = (53200000,56.4,392.909756623093,392.909756623093,2.83549042002926E-06,2.83549042002926E-06,-1.11235142720718,-1.11235142720718,1,4.6908758728199E-05,4.6908758728199E-05,2511.03162205145,2511.03162205145,-153076.409609126,-153076.409609126,0.10391977610999,0.10391977610999,100000000000,-2126.6156840886,-2126.6156840886)
PVTTABLE POINT = (53200000,57.76,391.400072636257,391.400072636257,2.84948851265259E-06,2.84948851265259E-06,-1.10776332058512,-1.10776332058512,1,4.66779750441687E-05,4.66779750441687E-05,2511.98791036093,2511.98791036093,-149660.75375188,-149660.75375188,0.10356043805248,0.10356043805248,100000000000,-2116.27240746749,-2116.27240746749)
PVTTABLE POINT = (53200000,59.12,389.896663793315,389.896663793315,2.86326306047802E-06,2.86326306047802E-06,-1.10312359139277,-1.10312359139277,1,4.6450944326327E-05,4.6450944326327E-05,2512.92179865932,2512.92179865932,-146243.812647758,-146243.812647758,0.103207821387715,0.103207821387715,100000000000,-2105.967677349,-2105.967677349)
PVTTABLE POINT = (53200000,60.48,388.399599008127,388.399599008127,2.87681281236365E-06,2.87681281236365E-06,-1.09843414049639,-1.09843414049639,1,4.62275881848164E-05,4.62275881848164E-05,2513.83393748565,2513.83393748565,-142825.616319415,-142825.616319415,0.102861858102595,0.102861858102595,100000000000,-2095.70126900316,-2095.70126900316)
PVTTABLE POINT = (53200000,61.84,386.90894461127,386.90894461127,2.89013665918134E-06,2.89013665918134E-06,-1.0936968656761,-1.0936968656761,1,4.60078301877308E-05,4.60078301877308E-05,2514.72498580269,2514.72498580269,-139406.19389894,-139406.19389894,0.102522480033277,0.102522480033277,100000000000,-2085.47295777879,-2085.47295777879)
PVTTABLE POINT = (53200000,63.2,385.42476435545,385.42476435545,2.90323363222459E-06,2.90323363222459E-06,-1.08891365983846,-1.08891365983846,1,4.57915958185247E-05,4.57915958185247E-05,2515.5956100539,2515.5956100539,-135985.573617041,-135985.573617041,0.102189618902512,0.102189618902512,100000000000,-2075.28251906997,-2075.28251906997)
PVTTABLE POINT = (53200000,64.56,383.947119423324,383.947119423324,2.91610290144257E-06,2.91610290144257E-06,-1.08408640927963,-1.08408640927963,1,4.55788124337305E-05,4.55788124337305E-05,2516.44648323267,2516.44648323267,-132563.782793498,-132563.782793498,0.101863206356129,0.101863206356129,100000000000,-2065.12972828701,-2065.12972828701)
PVTTABLE POINT = (53200000,65.92,382.476068437639,382.476068437639,2.92874377350889E-06,2.92874377350889E-06,-1.07921699200148,-1.07921699200148,1,4.53694092210134E-05,4.53694092210134E-05,2517.27828396554,2517.27828396554,-129140.847828895,-129140.847828895,0.101543173998647,0.101543173998647,100000000000,-2055.01436083175,-2055.01436083175)
PVTTABLE POINT = (53200000,67.28,381.011667473623,381.011667473623,2.94115568973392E-06,2.94115568973392E-06,-1.07430727608267,-1.07430727608267,1,4.51633171575911E-05,4.51633171575911E-05,2518.09169561091,2518.09169561091,-125716.794197557,-125716.794197557,0.101229453427967,0.101229453427967,100000000000,-2044.9361920769,-2044.9361920769)
PVTTABLE POINT = (53200000,68.64,379.553970073563,379.553970073563,2.95333822382963E-06,2.95333822382963E-06,-1.06935911810651,-1.06935911810651,1,4.49604689690439E-05,4.49604689690439E-05,2518.88740537481,2518.88740537481,-122291.646441731,-122291.646441731,0.100921976269118,0.100921976269118,100000000000,-2034.89499734945,-2034.89499734945)
PVTTABLE POINT = (53800000,2,458.614068385573,458.614068385573,2.093560937289E-06,2.093560937289E-06,-1.22461366467655,-1.22461366467655,1,6.08063190734075E-05,6.08063190734075E-05,2444.448240328,2444.448240328,-287873.686062796,-287873.686062796,0.125081064182121,0.125081064182121,100000000000,-2578.14024456409,-2578.14024456409)
PVTTABLE POINT = (53800000,3.36,456.949362672979,456.949362672979,2.11350872619124E-06,2.11350872619124E-06,-1.22346544376277,-1.22346544376277,1,6.03305401251818E-05,6.03305401251818E-05,2446.62130156371,2446.62130156371,-284547.755375287,-284547.755375287,0.124403906877683,0.124403906877683,100000000000,-2566.0823240654,-2566.0823240654)
PVTTABLE POINT = (53800000,4.72,455.286289963712,455.286289963712,2.13339314420548E-06,2.13339314420548E-06,-1.22221225761283,-1.22221225761283,1,5.98637775800283E-05,5.98637775800283E-05,2448.76419350963,2448.76419350963,-281218.889799754,-281218.889799754,0.123735569074082,0.123735569074082,100000000000,-2554.07297646323,-2554.07297646323)
PVTTABLE POINT = (53800000,6.08,453.624992717379,453.624992717379,2.15320869627275E-06,2.15320869627275E-06,-1.22085454753585,-1.22085454753585,1,5.94058408950619E-05,5.94058408950619E-05,2450.87657992628,2450.87657992628,-277887.130598584,-277887.130598584,0.12307601985597,0.12307601985597,100000000000,-2542.11187558053,-2542.11187558053)
PVTTABLE POINT = (53800000,7.44,451.965612751633,451.965612751633,2.17294991379545E-06,2.17294991379545E-06,-1.2193928162132,-1.2193928162132,1,5.89565430015021E-05,5.89565430015021E-05,2452.95815567163,2452.95815567163,-274552.519470331,-274552.519470331,0.122425226932323,0.122425226932323,100000000000,-2530.19870155296,-2530.19870155296)
PVTTABLE POINT = (53800000,8.8,450.308291158979,450.308291158979,2.19261136039336E-06,2.19261136039336E-06,-1.21782762727338,-1.21782762727338,1,5.85157002795753E-05,5.85157002795753E-05,2455.00864687965,2455.00864687965,-271215.098507289,-271215.098507289,0.121783156635994,0.121783156635994,100000000000,-2518.33314055601,-2518.33314055601)
PVTTABLE POINT = (53800000,10.16,448.653168224237,448.653168224237,2.21218763762531E-06,2.21218763762531E-06,-1.21615960476797,-1.21615960476797,1,5.80831325323273E-05,5.80831325323273E-05,2457.02781109014,2457.02781109014,-267874.910152867,-267874.910152867,0.121149773925876,0.121149773925876,100000000000,-2506.5148845379,-2506.5148845379)
PVTTABLE POINT = (53800000,11.52,447.000383342773,447.000383342773,2.2316733906631E-06,2.2316733906631E-06,-1.21438943254951,-1.21438943254951,1,5.76586629583774E-05,5.76586629583774E-05,2459.01543732976,2459.01543732976,-264531.997158814,-264531.997158814,0.120525042391652,0.120525042391652,100000000000,-2494.7436309584,-2494.7436309584)
PVTTABLE POINT = (53800000,12.88,445.350074939655,445.350074939655,2.25106331390465E-06,2.25106331390465E-06,-1.21251785355261,-1.21251785355261,1,5.7242118123645E-05,5.7242118123645E-05,2460.97134614366,2460.97134614366,-261186.402542372,-261186.402542372,0.119908924261108,0.119908924261108,100000000000,-2483.01908253356,-2483.01908253356)
PVTTABLE POINT = (53800000,14.24,443.702380389838,443.702380389838,2.27035215651295E-06,2.27035215651295E-06,-1.21054566898009,-1.21054566898009,1,5.68333279320805E-05,5.68333279320805E-05,2462.89538957795,2462.89538957795,-257838.169543417,-257838.169543417,0.119301380409948,0.119301380409948,100000000000,-2471.34094698652,-2471.34094698652)
PVTTABLE POINT = (53800000,15.6,442.057435939527,442.057435939527,2.28953472786823E-06,2.28953472786823E-06,-1.20847373739574,-1.20847373739574,1,5.6432125595431E-05,5.6432125595431E-05,2464.78745111265,2464.78745111265,-254487.341581655,-254487.341581655,0.118702370374064,0.118702370374064,100000000000,-2459.70893680435,-2459.70893680435)
PVTTABLE POINT = (53800000,16.96,440.415376628836,440.415376628836,2.30860590292052E-06,2.30860590292052E-06,-1.20630297372626,-1.20630297372626,1,5.60383476020738E-05,5.60383476020738E-05,2466.6474455457,2466.6474455457,-251133.962213948,-251133.962213948,0.118111852364204,0.118111852364204,100000000000,-2448.12276900109,-2448.12276900109)
PVTTABLE POINT = (53800000,18.32,438.776336215863,438.776336215863,2.32756062743056E-06,2.32756062743056E-06,-1.20403434817459,-1.20403434817459,1,5.56518336849496E-05,5.56518336849496E-05,2468.47531882813,2468.47531882813,-247778.075091826,-247778.075091826,0.117529783282962,0.117529783282962,100000000000,-2436.58216488691,-2436.58216488691)
PVTTABLE POINT = (53800000,19.68,437.1404471023,437.1404471023,2.34639392308678E-06,2.34639392308678E-06,-1.2016688850475,-1.2016688850475,1,5.52724267886279E-05,5.52724267886279E-05,2470.27104785094,2470.27104785094,-244419.723919263,-244419.723919263,0.116956118744002,0.116956118744002,100000000000,-2425.0868498436,-2425.0868498436)
PVTTABLE POINT = (53800000,21.04,435.507840260702,435.507840260702,2.36510089248729E-06,2.36510089248729E-06,-1.19920766150045,-1.19920766150045,1,5.48999730355377E-05,5.48999730355377E-05,2472.03464018437,2472.03464018437,-241058.952410763,-241058.952410763,0.116390813093452,0.116390813093452,100000000000,-2413.6365531063,-2413.6365531063)
PVTTABLE POINT = (53800000,22.4,433.878645163503,433.878645163503,2.38367672397544E-06,2.38367672397544E-06,-1.19665180620299,-1.19665180620299,1,5.45343216913968E-05,5.45343216913968E-05,2473.76613377043,2473.76613377043,-237695.804249847,-237695.804249847,0.115833819433355,0.115833819433355,100000000000,-2402.23100755164,-2402.23100755164)
PVTTABLE POINT = (53800000,23.76,432.252989713915,432.252989713915,2.40211669631875E-06,2.40211669631875E-06,-1.19400249792812,-1.19400249792812,1,5.41753251298742E-05,5.41753251298742E-05,2475.46559656934,2475.46559656934,-234330.323047979,-234330.323047979,0.115285089647093,0.115285089647093,100000000000,-2390.86994949215,-2390.86994949215)
PVTTABLE POINT = (53800000,25.12,430.631000178782,430.631000178782,2.42041618322091E-06,2.42041618322091E-06,-1.19126096406936,-1.19126096406936,1,5.38228387965195E-05,5.38228387965195E-05,2477.13312616135,2477.13312616135,-230962.552304007,-230962.552304007,0.114744574426673,0.114744574426673,100000000000,-2379.55311847726,-2379.55311847726)
PVTTABLE POINT = (53800000,26.48,429.012801123508,429.012801123508,2.43857065765781E-06,2.43857065765781E-06,-1.18842847908946,-1.18842847908946,1,5.34767211719934E-05,5.34767211719934E-05,2478.76884930477,2478.76884930477,-227592.535364177,-227592.535364177,0.114212223301779,0.114212223301779,100000000000,-2368.28025710053,-2368.28025710053)
PVTTABLE POINT = (53800000,27.84,427.398515349133,427.398515349133,2.45657569602848E-06,2.45657569602848E-06,-1.1855063629048,-1.1855063629048,1,5.31368337346362E-05,5.31368337346362E-05,2480.37292145177,2480.37292145177,-224220.315382776,-224220.315382776,0.113687984670461,0.113687984670461,100000000000,-2357.05111081352,-2357.05111081352)
PVTTABLE POINT = (53800000,29.2,425.788263831647,425.788263831647,2.47442698211301E-06,2.47442698211301E-06,-1.1824959792097,-1.1824959792097,1,5.28030409224075E-05,5.28030409224075E-05,2481.94552622332,2481.94552622332,-220845.935283456,-220845.935283456,0.113171805831376,0.113171805831376,100000000000,-2345.86542774602,-2345.86542774602)
PVTTABLE POINT = (53800000,30.56,424.182165663626,424.182165663626,2.49212031082998E-06,2.49212031082998E-06,-1.1793987337451,-1.1793987337451,1,5.24752100942354E-05,5.24752100942354E-05,2483.48687484484,2483.48687484484,-217469.43772131,-217469.43772131,0.11266363301743,0.11266363301743,100000000000,-2334.72295853284,-2334.72295853284)
PVTTABLE POINT = (53800000,31.92,422.580337998254,422.580337998254,2.50965159178653E-06,2.50965159178653E-06,-1.17621607251603,-1.17621607251603,1,5.21532114908097E-05,5.21532114908097E-05,2484.99720554419,2484.99720554419,-214090.865045734,-214090.865045734,0.112163411430742,0.112163411430742,100000000000,-2323.62345614698,-2323.62345614698)
PVTTABLE POINT = (53800000,33.28,420.982895995802,420.982895995802,2.5270168526151E-06,2.5270168526151E-06,-1.17294947996264,-1.17294947996264,1,5.18369181948566E-05,5.18369181948566E-05,2486.47678291375,2486.47678291375,-210710.259264128,-210710.259264128,0.111671085278781,0.111671085278781,100000000000,-2312.56667573937,-2312.56667573937)
PVTTABLE POINT = (53800000,34.64,419.389952772625,419.389952772625,2.54421224209156E-06,2.54421224209156E-06,-1.16960047708929,-1.16960047708929,1,5.15262060909319E-05,5.15262060909319E-05,2487.9258972386,2487.9258972386,-207327.6620065,-207327.6620065,0.111186597811574,0.111186597811574,100000000000,-2301.55237448496,-2301.55237448496)
PVTTABLE POINT = (53800000,36,417.801619352726,417.801619352726,2.56123403303012E-06,2.56123403303012E-06,-1.16617061955667,-1.16617061955667,1,5.12209538247694E-05,5.12209538247694E-05,2489.34486379245,2489.34486379245,-203943.114490995,-203943.114490995,0.110709891359865,0.110709891359865,100000000000,-2290.58031143535,-2290.58031143535)
PVTTABLE POINT = (53800000,37.36,416.218004621943,416.218004621943,2.5780786249511E-06,2.5780786249511E-06,-1.16266149574159,-1.16266149574159,1,5.0921042762222E-05,5.0921042762222E-05,2490.73402210356,2490.73402210356,-200556.65749041,-200556.65749041,0.110240907374107,0.110240907374107,100000000000,-2279.65024737773,-2279.65024737773)
PVTTABLE POINT = (53800000,38.72,414.639215284788,414.639215284788,2.59474254651874E-06,2.59474254651874E-06,-1.15907472476944,-1.15907472476944,1,5.06263569478333E-05,5.06263569478333E-05,2492.09373519261,2492.09373519261,-197168.331299717,-197168.331299717,0.109779586464165,0.109779586464165,100000000000,-2268.76194470014,-2268.76194470014)
PVTTABLE POINT = (53800000,40.08,413.065355823979,413.065355823979,2.61122245774642E-06,2.61122245774642E-06,-1.15541195452405,-1.15541195452405,1,5.03367830630771E-05,5.03367830630771E-05,2493.4243887846,2493.4243887846,-193778.175704655,-193778.175704655,0.109325868439635,0.109325868439635,100000000000,-2257.91516726317,-2257.91516726317)
PVTTABLE POINT = (53800000,41.44,411.496528462693,411.496528462693,2.62751515196805E-06,2.62751515196805E-06,-1.1516748596398,-1.1516748596398,1,5.00522103843025E-05,5.00522103843025E-05,2494.72639049706,2494.72639049706,-190386.229951394,-190386.229951394,0.108879692350637,0.108879692350637,100000000000,-2247.10968027777,-2247.10968027777)
PVTTABLE POINT = (53800000,42.8,409.932833129559,409.932833129559,2.64361755757449E-06,2.64361755757449E-06,-1.1478651394808,-1.1478651394808,1,4.97725307404226E-05,4.97725307404226E-05,2496.00016900657,2496.00016900657,-186992.532717327,-186992.532717327,0.108440996529013,0.108440996529013,100000000000,-2236.34525018931,-2236.34525018931)
PVTTABLE POINT = (53800000,44.16,408.374367426406,408.374367426406,2.65952673951515E-06,2.65952673951515E-06,-1.14398451611189,-1.14398451611189,1,4.94976384703834E-05,4.94976384703834E-05,2497.24617319604,2497.24617319604,-183597.122083013,-183597.122083013,0.108009718629779,0.108009718629779,100000000000,-2225.62164456776,-2225.62164456776)
PVTTABLE POINT = (53800000,45.52,406.821226598766,406.821226598766,2.67523990056526E-06,2.67523990056526E-06,-1.14003473226607,-1.14003473226607,1,4.92274303804521E-05,4.92274303804521E-05,2498.46487128474,2498.46487128474,-180200.035505279,-180200.035505279,0.107585795672774,0.107585795672774,100000000000,-2214.93863200383,-2214.93863200383)
PVTTABLE POINT = (53800000,46.88,405.273503509155,405.273503509155,2.69075438236014E-06,2.69075438236014E-06,-1.13601754931308,-1.13601754931308,1,4.896180570136E-05,4.896180570136E-05,2499.65674994357,2499.65674994357,-176801.309791526,-176801.309791526,0.107169164084371,0.107169164084371,100000000000,-2204.2959820112,-2204.2959820112)
PVTTABLE POINT = (53800000,48.24,403.731288613099,403.731288613099,2.70606766619845E-06,2.70606766619845E-06,-1.13193474523342,-1.13193474523342,1,4.87006660453385E-05,4.87006660453385E-05,2500.82231339749,2500.82231339749,-173400.981075243,-173400.981075243,0.106759759739178,0.106759759739178,100000000000,-2193.69346493442,-2193.69346493442)
PVTTABLE POINT = (53800000,49.6,402.19466993792,402.19466993792,2.72117737361709E-06,2.72117737361709E-06,-1.12778811260239,-1.12778811260239,1,4.84439153630849E-05,4.84439153630849E-05,2501.9620825177,2501.9620825177,-169999.084792753,-169999.084792753,0.106357518001627,0.106357518001627,100000000000,-2183.13085186274,-2183.13085186274)
PVTTABLE POINT = (53800000,50.96,400.663733064248,400.663733064248,2.736081266741E-06,2.736081266741E-06,-1.12357945658824,-1.12357945658824,1,4.81914599006923E-05,4.81914599006923E-05,2503.07659390547,2503.07659390547,-166595.655661191,-166595.655661191,0.105962373767369,0.105962373767369,100000000000,-2172.60791454945,-2172.60791454945)
PVTTABLE POINT = (53800000,52.32,399.138561110245,399.138561110245,2.75077724841173E-06,2.75077724841173E-06,-1.11931059296857,-1.11931059296857,1,4.79432081565822E-05,4.79432081565822E-05,2504.16639896993,2504.16639896993,-163190.72765774,-163190.72765774,0.105574261504395,0.105574261504395,100000000000,-2162.12442533687,-2162.12442533687)
PVTTABLE POINT = (53800000,53.68,397.619234718516,397.619234718516,2.76526336209904E-06,2.76526336209904E-06,-1.11498334616895,-1.11498334616895,1,4.76990708384726E-05,4.76990708384726E-05,2505.23206300197,2505.23206300197,-159784.334000123,-159784.334000123,0.105193115293803,0.105193115293803,100000000000,-2151.68015708667,-2151.68015708667)
PVTTABLE POINT = (53800000,55.04,396.105832045664,396.105832045664,2.77953779160083E-06,2.77953779160083E-06,-1.11059954732747,-1.11059954732747,1,4.74589608204179E-05,4.74589608204179E-05,2506.27416424633,2506.27416424633,-156376.507128353,-156376.507128353,0.104818868870134,0.104818868870134,100000000000,-2141.27488311552,-2141.27488311552)
PVTTABLE POINT = (53800000,56.4,394.598428754461,394.598428754461,2.79359886053648E-06,2.79359886053648E-06,-1.1061610323889,-1.1061610323889,1,4.72227930999535E-05,4.72227930999535E-05,2507.29329297388,2507.29329297388,-152967.278687749,-152967.278687749,0.10445145566122,0.10445145566122,100000000000,-2130.90837713595,-2130.90837713595)
PVTTABLE POINT = (53800000,57.76,393.097098008588,393.097098008588,2.80744503163971E-06,2.80744503163971E-06,-1.10166964023176,-1.10166964023176,1,4.69904847553789E-05,4.69904847553789E-05,2508.29005055617,2508.29005055617,-149556.679513204,-149556.679513204,0.104090808827473,0.104090808827473,100000000000,-2120.58041320217,-2120.58041320217)
PVTTABLE POINT = (53800000,59.12,391.601910469903,391.601910469903,2.82107490585732E-06,2.82107490585732E-06,-1.09712721083161,-1.09712721083161,1,4.67619549032116E-05,4.67619549032116E-05,2509.26504854413,2509.26504854413,-146144.739614725,-146144.739614725,0.103736861300553,0.103736861300553,100000000000,-2110.29076566085,-2110.29076566085)
PVTTABLE POINT = (53800000,60.48,390.112934298168,390.112934298168,2.83448722126039E-06,2.83448722126039E-06,-1.09253558346354,-1.09253558346354,1,4.65371246558432E-05,4.65371246558432E-05,2510.21890775278,2510.21890775278,-142731.488164204,-142731.488164204,0.103389545821374,0.103389545821374,100000000000,-2100.03920910661,-2100.03920910661)
PVTTABLE POINT = (53800000,61.84,388.630235153207,388.630235153207,2.84768085177514E-06,2.84768085177514E-06,-1.08789659494672,-1.08789659494672,1,4.63159170794287E-05,4.63159170794287E-05,2511.15225735376,2511.15225735376,-139316.953483439,-139316.953483439,0.103048794977379,0.103048794977379,100000000000,-2089.82551834216,-2089.82551834216)
PVTTABLE POINT = (53800000,63.2,387.15387619941,387.15387619941,2.86065480574084E-06,2.86065480574084E-06,-1.0832120779335,-1.0832120779335,1,4.60982571520392E-05,4.60982571520392E-05,2512.06573397747,2512.06573397747,-135901.163033384,-135901.163033384,0.102714541239059,0.102714541239059,100000000000,-2079.64946834286,-2079.64946834286)
PVTTABLE POINT = (53800000,64.56,385.683918112541,385.683918112541,2.8734082243023E-06,2.8734082243023E-06,-1.07848385924565,-1.07848385924565,1,4.58840717221056E-05,4.58840717221056E-05,2512.95998082627,2512.95998082627,-132484.143404604,-132484.143404604,0.10238671699566,0.10238671699566,100000000000,-2069.5108342257,-2069.5108342257)
PVTTABLE POINT = (53800000,65.92,384.220419088767,384.220419088767,2.88594037964501E-06,2.88594037964501E-06,-1.07371375825975,-1.07371375825975,1,4.56732894671814E-05,4.56732894671814E-05,2513.83564680051,2513.83564680051,-129065.920308939,-129065.920308939,0.102065254590048,0.102065254590048,100000000000,-2059.40939122229,-2059.40939122229)
PVTTABLE POINT = (53800000,67.28,382.763434855857,382.763434855857,2.89825067308092E-06,2.89825067308092E-06,-1.06890358534383,-1.06890358534383,1,4.54658408530528E-05,4.54658408530528E-05,2514.69338563871,2514.69338563871,-125646.518572336,-125646.518572336,0.101750086352703,0.101750086352703,100000000000,-2049.34491465598,-2049.34491465598)
PVTTABLE POINT = (53800000,68.64,381.313018686461,381.313018686461,2.91033863299311E-06,2.91033863299311E-06,-1.06405514034695,-1.06405514034695,1,4.52616580932194E-05,4.52616580932194E-05,2515.53385507336,2515.53385507336,-122225.962128846,-122225.962128846,0.101441144634796,0.101441144634796,100000000000,-2039.31717992279,-2039.31717992279)
PVTTABLE POINT = (54400000,2,459.861233601355,459.861233601355,2.06378668021706E-06,2.06378668021706E-06,-1.21588087381505,-1.21588087381505,1,6.12058465408579E-05,6.12058465408579E-05,2439.99552850113,2439.99552850113,-287522.36309009,-287522.36309009,0.125635735596309,0.125635735596309,100000000000,-2581.61175711978,-2581.61175711978)
PVTTABLE POINT = (54400000,3.36,458.208386912986,458.208386912986,2.08337083310787E-06,2.08337083310787E-06,-1.21475889137573,-1.21475889137573,1,6.07272566390305E-05,6.07272566390305E-05,2442.16561398751,2442.16561398751,-284202.49025084,-284202.49025084,0.124958658903089,0.124958658903089,100000000000,-2569.5757989126,-2569.5757989126)
PVTTABLE POINT = (54400000,4.72,456.557135920626,456.557135920626,2.10289397848896E-06,2.10289397848896E-06,-1.21353432896891,-1.21353432896891,1,6.02577155719597E-05,6.02577155719597E-05,2444.30673961724,2444.30673961724,-280879.685748961,-280879.685748961,0.124290360829759,0.124290360829759,100000000000,-2557.58831748466,-2557.58831748466)
PVTTABLE POINT = (54400000,6.08,454.907619846546,454.907619846546,2.12235081864489E-06,2.12235081864489E-06,-1.2122076177428,-1.2122076177428,1,5.97970330985067E-05,5.97970330985067E-05,2446.4185755316,2446.4185755316,-277553.989197537,-277553.989197537,0.123630810405615,0.123630810405615,100000000000,-2545.64898167639,-2545.64898167639)
PVTTABLE POINT = (54400000,7.44,453.259977286561,453.259977286561,2.14173608109283E-06,2.14173608109283E-06,-1.21077924774143,-1.21077924774143,1,5.93450224211161E-05,5.93450224211161E-05,2448.50082175975,2448.50082175975,-274225.44063796,-274225.44063796,0.12297997532185,0.12297997532185,100000000000,-2533.75746668555,-2533.75746668555)
PVTTABLE POINT = (54400000,8.8,451.614346130211,451.614346130211,2.16104452403158E-06,2.16104452403158E-06,-1.20924976749152,-1.20924976749152,1,5.89015001609982E-05,5.89015001609982E-05,2450.5532083838,2450.5532083838,-270894.08049916,-270894.08049916,0.122337821930883,0.122337821930883,100000000000,-2521.91345379927,-2521.91345379927)
PVTTABLE POINT = (54400000,10.16,449.970863481549,449.970863481549,2.18027094175784E-06,2.18027094175784E-06,-1.20761978349601,-1.20761978349601,1,5.84662863322492E-05,5.84662863322492E-05,2452.57549565803,2452.57549565803,-267559.949556652,-267559.949556652,0.121704315248214,0.121704315248214,100000000000,-2510.11663013196,-2510.11663013196)
PVTTABLE POINT = (54400000,11.52,448.329665580698,448.329665580698,2.1994101700376E-06,2.1994101700376E-06,-1.20588995963518,-1.20588995963518,1,5.80392043149375E-05,5.80392043149375E-05,2454.56747408193,2454.56747408193,-264223.08889144,-264223.08889144,0.121079418956777,0.121079418956777,100000000000,-2498.36668836897,-2498.36668836897)
PVTTABLE POINT = (54400000,12.88,446.690887726269,446.690887726269,2.21845709141998E-06,2.21845709141998E-06,-1.20406101647673,-1.20406101647673,1,5.76200808271918E-05,5.76200808271918E-05,2456.52896442681,2456.52896442681,-260883.539848869,-260883.539848869,0.120463095413759,0.120463095413759,100000000000,-2486.66332651616,-2486.66332651616)
PVTTABLE POINT = (54400000,14.24,445.054664198792,445.054664198792,2.23740664048167E-06,2.23740664048167E-06,-1.20213373049621,-1.20213373049621,1,5.72087458963172E-05,5.72087458963172E-05,2458.45981771586,2458.45981771586,-257541.343997454,-257541.343997454,0.119855305659843,0.119855305659843,100000000000,-2475.00624765539,-2475.00624765539)
PVTTABLE POINT = (54400000,15.6,443.421128185262,443.421128185262,2.25625380898977E-06,2.25625380898977E-06,-1.20010893320974,-1.20010893320974,1,5.68050328289754E-05,5.68050328289754E-05,2460.35991515779,2460.35991515779,-254196.543087787,-254196.543087787,0.119256009430831,0.119256009430831,100000000000,-2463.39515970598,-2463.39515970598)
PVTTABLE POINT = (54400000,16.96,441.790411704915,441.790411704915,2.27499365097147E-06,2.27499365097147E-06,-1.197987510221,-1.197987510221,1,5.64087781804566E-05,5.64087781804566E-05,2462.22916803412,2462.22916803412,-250849.179011547,-250849.179011547,0.118665165171576,0.118665165171576,100000000000,-2451.82977519217,-2451.82977519217)
PVTTABLE POINT = (54400000,18.32,440.162645536374,440.162645536374,2.29362128767904E-06,2.29362128767904E-06,-1.19577040018485,-1.19577040018485,1,5.60198217230785E-05,5.60198217230785E-05,2464.06751754063,2464.06751754063,-247499.293760711,-247499.293760711,0.118082730052173,0.118082730052173,100000000000,-2440.3098110167,-2440.3098110167)
PVTTABLE POINT = (54400000,19.68,438.53795914624,438.53795914624,2.31213191243913E-06,2.31213191243913E-06,-1.19345859369026,-1.19345859369026,1,5.56380064137425E-05,5.56380064137425E-05,2465.87493458325,2465.87493458325,-244146.929386999,-244146.929386999,0.117508659986316,0.117508659986316,100000000000,-2428.83498824047,-2428.83498824047)
PVTTABLE POINT = (54400000,21.04,436.916480619276,436.916480619276,2.33052079537561E-06,2.33052079537561E-06,-1.19105313206516,-1.19105313206516,1,5.52631783606806E-05,5.52631783606806E-05,2467.65141952913,2467.65141952913,-240792.127961636,-240792.127961636,0.11694290965176,0.11694290965176,100000000000,-2417.40503186837,-2417.40503186837)
PVTTABLE POINT = (54400000,22.4,435.298336590248,435.298336590248,2.34878328799574E-06,2.34878328799574E-06,-1.18855510610654,-1.18855510610654,1,5.48951867894259E-05,5.48951867894259E-05,2469.39700191364,2469.39700191364,-237434.931535477,-237434.931535477,0.11638543251279,0.11638543251279,100000000000,-2406.01967064128,-2406.01967064128)
PVTTABLE POINT = (54400000,23.76,433.683652177558,433.683652177558,2.36691482762991E-06,2.36691482762991E-06,-1.18596565473881,-1.18596565473881,1,5.45338840080387E-05,5.45338840080387E-05,2471.11174010406,2471.11174010406,-234075.382099562,-234075.382099562,0.115836180844594,0.115836180844594,100000000000,-2394.67863683431,-2394.67863683431)
PVTTABLE POINT = (54400000,25.12,432.072550918737,432.072550918737,2.38491094171545E-06,2.38491094171545E-06,-1.18328596360408,-1.18328596360408,1,5.41791253716249E-05,5.41791253716249E-05,2472.79572092112,2472.79572092112,-230713.52154616,-230713.52154616,0.115295105759474,0.115295105759474,100000000000,-2383.38166606128,-2383.38166606128)
PVTTABLE POINT = (54400000,26.48,430.465154707908,430.465154707908,2.40276725191601E-06,2.40276725191601E-06,-1.18051726358789,-1.18051726358789,1,5.38307692461762E-05,5.38307692461762E-05,2474.44905921936,2474.44905921936,-227349.391630348,-227349.391630348,0.11476215723476,0.11476215723476,100000000000,-2372.12849708546,-2372.12849708546)
PVTTABLE POINT = (54400000,27.84,428.861583735292,428.861583735292,2.42047947806816E-06,2.42047947806816E-06,-1.17766082928422,-1.17766082928422,1,5.34886769717705E-05,5.34886769717705E-05,2476.07189742773,2476.07189742773,-223983.0339322,-223983.0339322,0.114237284142342,0.114237284142342,100000000000,-2360.9188716366,-2360.9188716366)
PVTTABLE POINT = (54400000,29.2,427.261956428835,427.261956428835,2.43804344194758E-06,2.43804344194758E-06,-1.17471797740381,-1.17471797740381,1,5.31527128251639E-05,5.31527128251639E-05,2477.66440505154,2477.66440505154,-220614.489819612,-220614.489819612,0.113720434279703,0.113720434279703,100000000000,-2349.75253423419,-2349.75253423419)
PVTTABLE POINT = (54400000,30.56,425.666389398051,425.666389398051,2.45545507084803E-06,2.45545507084803E-06,-1.17169006512985,-1.17169006512985,1,5.28227439818121E-05,5.28227439818121E-05,2479.22677813747,2479.22677813747,-217243.800411842,-217243.800411842,0.113211554402353,0.113211554402353,100000000000,-2338.62923201708,-2338.62923201708)
PVTTABLE POINT = (54400000,31.92,424.074997380117,424.074997380117,2.47271040096651E-06,2.47271040096651E-06,-1.16857848842521,-1.16857848842521,1,5.24986404773532E-05,5.24986404773532E-05,2480.75923870301,2480.75923870301,-213871.006543803,-213871.006543803,0.112710590257533,0.112710590257533,100000000000,-2327.54871457933,-2327.54871457933)
PVTTABLE POINT = (54400000,33.28,422.487893188314,422.487893188314,2.48980558058922E-06,2.48980558058922E-06,-1.16538468029559,-1.16538468029559,1,5.21802751685902E-05,5.21802751685902E-05,2482.26203413208,2482.26203413208,-210496.148731139,-210496.148731139,0.112217486619102,0.112217486619102,100000000000,-2316.51073381235,-2316.51073381235)
PVTTABLE POINT = (54400000,34.64,420.905187662848,420.905187662848,2.50673687307302E-06,2.50673687307302E-06,-1.162110109013,-1.162110109013,1,5.18675236940069E-05,5.18675236940069E-05,2483.73543653845,2483.73543653845,-207119.267136165,-207119.267136165,0.111732187323468,0.111732187323468,100000000000,-2305.51504375322,-2305.51504375322)
PVTTABLE POINT = (54400000,36,419.326989624122,419.326989624122,2.52350065961828E-06,2.52350065961828E-06,-1.15875627630391,-1.15875627630391,1,5.15602644338542E-05,5.15602644338542E-05,2485.17974209887,2485.17974209887,-203740.401534678,-203740.401534678,0.111254635306467,0.111254635306467,100000000000,-2294.56140043935,-2294.56140043935)
PVTTABLE POINT = (54400000,37.36,417.753405828484,417.753405828484,2.5400934418294E-06,2.5400934418294E-06,-1.15532471550671,-1.15532471550671,1,5.1258378469842E-05,5.1258378469842E-05,2486.5952703577,2486.5952703577,-200359.591283708,-200359.591283708,0.110784772641076,0.110784772641076,100000000000,-2283.6495617692,-2283.6495617692)
PVTTABLE POINT = (54400000,38.72,416.184540926501,416.184540926501,2.55651184405999E-06,2.55651184405999E-06,-1.15181698970286,-1.15181698970286,1,5.09617495444738E-05,5.09617495444738E-05,2487.98236350494,2487.98236350494,-196976.87529022,-196976.87529022,0.110322540575831,0.110322540575831,100000000000,-2272.77928736918,-2272.77928736918)
PVTTABLE POINT = (54400000,40.08,414.620497423797,414.620497423797,2.57275261554063E-06,2.57275261554063E-06,-1.14823468982638,-1.14823468982638,1,5.06702640200584E-05,5.06702640200584E-05,2489.34138562976,2489.34138562976,-193592.291980824,-193592.291980824,0.109867879573874,0.109867879573874,100000000000,-2261.95033846669,-2261.95033846669)
PVTTABLE POINT = (54400000,41.44,413.061375644465,413.061375644465,2.58881263228749E-06,2.58881263228749E-06,-1.14457943275611,-1.14457943275611,1,5.03838108374377E-05,5.03838108374377E-05,2490.67272195137,2490.67272195137,-190205.879272512,-190205.879272512,0.109420729352481,0.109420729352481,100000000000,-2251.1624777691,-2251.1624777691)
PVTTABLE POINT = (54400000,42.8,411.507273697086,411.507273697086,2.60468889879095E-06,2.60468889879095E-06,-1.14085285939525,-1.14085285939525,1,5.01022814744636E-05,5.01022814744636E-05,2491.97677802936,2491.97677802936,-186817.674544455,-186817.674544455,0.108981028922997,0.108981028922997,100000000000,-2240.41546934883,-2240.41546934883)
PVTTABLE POINT = (54400000,44.16,409.958287443373,409.958287443373,2.62037854948415E-06,2.62037854948415E-06,-1.13705663274262,-1.13705663274262,1,4.98255699042624E-05,4.98255699042624E-05,2493.25397895563,2493.25397895563,-183427.71461089,-183427.71461089,0.108548716631067,0.108548716631067,100000000000,-2229.70907853419,-2229.70907853419)
PVTTABLE POINT = (54400000,45.52,408.414510469427,408.414510469427,2.63587884999172E-06,2.63587884999172E-06,-1.13319243596003,-1.13319243596003,1,4.95535725533217E-05,4.95535725533217E-05,2494.50476852986,2494.50476852986,-180036.035695112,-180036.035695112,0.108123730197052,0.108123730197052,100000000000,-2219.04307180616,-2219.04307180616)
PVTTABLE POINT = (54400000,46.88,406.876034059636,406.876034059636,2.65118719815998E-06,2.65118719815998E-06,-1.12926197043999,-1.12926197043999,1,4.92861882594355E-05,4.92861882594355E-05,2495.72960842075,2495.72960842075,-176642.673404603,-176642.673404603,0.10770600675655,0.10770600675655,100000000000,-2208.41721670082,-2208.41721670082)
PVTTABLE POINT = (54400000,48.24,405.342947173187,405.342947173187,2.66630112487016E-06,2.66630112487016E-06,-1.12526695387811,-1.12526695387811,1,4.90233182295428E-05,4.90233182295428E-05,2496.92897731496,2496.92897731496,-173247.662707304,-173247.662707304,0.107295482900924,0.107295482900924,100000000000,-2197.83128171752,-2197.83128171752)
PVTTABLE POINT = (54400000,49.6,403.815336423205,403.815336423205,2.68121829463713E-06,2.68121829463713E-06,-1.12120911835408,-1.12120911835408,1,4.87648659974957E-05,4.87648659974957E-05,2498.10337005596,2498.10337005596,-169851.03790906,-169851.03790906,0.106892094717744,0.106892094717744,100000000000,-2187.28503623254,-2187.28503623254)
PVTTABLE POINT = (54400000,50.96,402.293286058487,402.293286058487,2.69593650599636E-06,2.69593650599636E-06,-1.1170902084254,-1.1170902084254,1,4.85107373817901E-05,4.85107373817901E-05,2499.25329677487,2499.25329677487,-166452.832632233,-166452.832632233,0.106495777831069,0.106495777831069,100000000000,-2176.77825041822,-2176.77825041822)
PVTTABLE POINT = (54400000,52.32,400.776877947817,400.776877947817,2.71045369168275E-06,2.71045369168275E-06,-1.11291197923761,-1.11291197923761,1,4.8260840443295E-05,4.8260840443295E-05,2500.37928201511,2500.37928201511,-163053.079795507,-163053.079795507,0.106106467441475,0.106106467441475,100000000000,-2166.31069516745,-2166.31069516745)
PVTTABLE POINT = (54400000,53.68,399.266191566844,399.266191566844,2.72476791860519E-06,2.72476791860519E-06,-1.10867619465475,-1.10867619465475,1,4.80150854430134E-05,4.80150854430134E-05,2501.48186385314,2501.48186385314,-159651.811594885,-159651.811594885,0.105724098365771,0.105724098365771,100000000000,-2155.88214202339,-2155.88214202339)
PVTTABLE POINT = (54400000,55.04,397.761303987478,397.761303987478,2.73887738762134E-06,2.73887738762134E-06,-1.10438462541357,-1.10438462541357,1,4.77733847999069E-05,4.77733847999069E-05,2502.56159301708,2502.56159301708,-156249.059485883,-156249.059485883,0.105348605076316,0.105348605076316,100000000000,-2145.49236311428,-2145.49236311428)
PVTTABLE POINT = (54400000,56.4,396.262289869788,396.262289869788,2.75278043311765E-06,2.75278043311765E-06,-1.10003904730493,-1.10003904730493,1,4.75356530488191E-05,4.75356530488191E-05,2503.61903200516,2503.61903200516,-152844.854166923,-152844.854166923,0.104979921739877,0.104979921739877,100000000000,-2135.1411310933,-2135.1411310933)
PVTTABLE POINT = (54400000,57.76,394.769221456345,394.769221456345,2.7664755223999E-06,2.7664755223999E-06,-1.0956412393856,-1.0956412393856,1,4.73018067985267E-05,4.73018067985267E-05,2504.65475420597,2504.65475420597,-149439.225563924,-149439.225563924,0.104617982255966,0.104617982255966,100000000000,-2124.8282190832,-2124.8282190832)
PVTTABLE POINT = (54400000,59.12,393.28216856898,393.28216856898,2.77996125490013E-06,2.77996125490013E-06,-1.09119298222345,-1.09119298222345,1,4.70717646899524E-05,4.70717646899524E-05,2505.66934302214,2505.66934302214,-146032.202816088,-146032.202816088,0.104262720294599,0.104262720294599,100000000000,-2114.55340062581,-2114.55340062581)
PVTTABLE POINT = (54400000,60.48,391.801198607896,391.801198607896,2.793236361206E-06,2.793236361206E-06,-1.08669605617901,-1.08669605617901,1,4.6845447354567E-05,4.6845447354567E-05,2506.66339099942,2506.66339099942,-142623.814262876,-142623.814262876,0.103914069333418,0.103914069333418,100000000000,-2104.31644963599,-2104.31644963599)
PVTTABLE POINT = (54400000,61.84,390.326376553105,390.326376553105,2.80629970191916E-06,2.80629970191916E-06,-1.08215223972586,-1.08215223972586,1,4.66227773730128E-05,4.66227773730128E-05,2507.63749896264,2507.63749896264,-139214.087432155,-139214.087432155,0.10357196269413,0.10357196269413,100000000000,-2094.11714036017,-2094.11714036017)
PVTTABLE POINT = (54400000,63.2,388.857764968106,388.857764968106,2.81915026634934E-06,2.81915026634934E-06,-1.07756330781266,-1.07756330781266,1,4.64036792339752E-05,4.64036792339752E-05,2508.59227516039,2508.59227516039,-135803.049029531,-135803.049029531,0.103236333578222,0.103236333578222,100000000000,-2083.95524733915,-2083.95524733915)
PVTTABLE POINT = (54400000,64.56,387.395424005773,387.395424005773,2.83178717105119E-06,2.83178717105119E-06,-1.07293103026874,-1.07293103026874,1,4.61880792933306E-05,4.61880792933306E-05,2509.5283344197,2509.5283344197,-132390.724928818,-132390.724928818,0.102907115101903,0.102907115101903,100000000000,-2073.83054537509,-2073.83054537509)
PVTTABLE POINT = (54400000,65.92,385.939411416371,385.939411416371,2.84420965821115E-06,2.84420965821115E-06,-1.06825717025568,-1.06825717025568,1,4.59759057335983E-05,4.59759057335983E-05,2510.4462973125,2510.4462973125,-128977.14016367,-128977.14016367,0.102584240330242,0.102584240330242,100000000000,-2063.74280950258,-2063.74280950258)
PVTTABLE POINT = (54400000,67.28,384.489782557654,384.489782557654,2.85641709389189E-06,2.85641709389189E-06,-1.06354348276652,-1.06354348276652,1,4.57670885237207E-05,4.57670885237207E-05,2511.34678933494,2511.34678933494,-125562.318920318,-125562.318920318,0.102267642310471,0.102267642310471,100000000000,-2053.69181496354,-2053.69181496354)
PVTTABLE POINT = (54400000,68.64,383.046590406966,383.046590406966,2.86840896614169E-06,2.86840896614169E-06,-1.05879171317444,-1.05879171317444,1,4.55615593791966E-05,4.55615593791966E-05,2512.23044010115,2512.23044010115,-122146.284531432,-122146.284531432,0.101957254104416,0.101957254104416,100000000000,-2043.67733718589,-2043.67733718589)
